1FN8_1_model	1FN8_1_model
1KG1_1_model	1KG1_1_model
1KPT_1_model	1KPT_1_model
1ZLE_1_model	1ZLE_1_model
1ZLE_1_model	1ZLD_1_model
1ZLE_1_model	5OD4_1_model
2LW6_1_model	2LW6_1_model
2MM0_1_model	2MM0_1_model
2MM0_1_model	2MM2_1_model
2MM0_1_model	6R5J_1_model
2N37_1_model	2N37_1_model
2N37_1_model	6Q76_2_model
2N4O_1_model	2N4O_1_model
2OPC_1_model	2OPC_1_model
2OPC_1_model	2QVT_1_model
31EE_1_model	31EE_1_model
4B9H_1_model	4B9H_1_model
4B9H_1_model	4B8V_1_model
4BJM_1_model	4BJM_1_model
4BJM_1_model	4BJN_1_model
4FPR_1_model	4FPR_1_model
4FPR_1_model	4FPQ_1_model
4FPR_1_model	6ZUS_1_model
4GVB_1_model	4GVB_1_model
4GVB_2_model	4GVB_2_model
4Z4A_1_model	4Z4A_1_model
5FID_1_model	5FID_1_model
5FNO_1_model	5FNO_1_model
5JHJ_1_model	5JHJ_1_model
5JHJ_1_model	2MYW_1_model
5LOS_1_model	5LOS_1_model
5VJJ_1_model	5VJJ_1_model
5XMZ_1_model	5XMZ_1_model
5Z1V_1_model	5Z1V_1_model
6BN0_1_model	6BN0_1_model
6FMB_1_model	6FMB_1_model
6FMB_1_model	8OXI_1_model
6H0I_1_model	6H0I_1_model
6Q40_1_model	6Q40_1_model
6QPK_1_model	6QPK_1_model
6SGO_1_model	6SGO_1_model
6WES_1_model	6WES_1_model
7AD5_1_model	7AD5_1_model
7B1I_2_model	7B1I_2_model
7B1I_2_model	5A6W_2_model
7B1I_2_model	6FU9_2_model
7B1I_2_model	6FUB_1_model
7B1I_2_model	6FUD_2_model
7B1I_2_model	6G10_2_model
7B1I_2_model	6G11_1_model
7B1I_2_model	7A8X_2_model
7B1I_2_model	7NLJ_2_model
7B1I_2_model	7NMM_2_model
7B1I_2_model	7ZKD_1_model
7EAU_1_model	7EAU_1_model
7MQQ_1_model	7MQQ_1_model
7PP2_2_model	7PP2_2_model
7T69_1_model	7T69_1_model
7XC2_2_model	7XC2_2_model
7XC2_2_model	7XVG_2_model
7XE0_2_model	7XE0_2_model
7XE0_2_model	7XDS_1_model
7ZJY_1_model	7ZJY_1_model
7ZK0_1_model	7ZK0_1_model
7ZK0_1_model	2MYV_1_model
7ZK0_1_model	5ZNG_2_model
8ACX_1_model	8ACX_1_model
8DP9_1_model	8DP9_1_model
8DP9_1_model	8DP8_1_model
8EB9_1_model	8EB9_1_model
8EBB_1_model	8EBB_1_model
8EBB_1_model	7T6A_1_model
8OXJ_1_model	8OXJ_1_model
8OXJ_1_model	8OXK_1_model
8OXL_1_model	8OXL_1_model
8OXL_1_model	8OXH_1_model
8R7A_2_model	8R7A_2_model
8R7A_2_model	8C8A_1_model
8V1J_1_model	8V1J_1_model
9FEI_1_model	9FEI_1_model
9FYC_2_model	9FYC_2_model
