6G10_2	5A6W_2	93	1.011E+00	1.000E+00	1.000E+00	6.697E-03
6G10_2	6FU9_2	93	1.011E+00	1.000E+00	1.000E+00	6.697E-03
6G10_2	6G10_2	93	1.011E+00	1.000E+00	1.000E+00	6.697E-03
6G10_2	6FUB_1	93	1.000E+00	9.894E-01	9.894E-01	4.462E-01
6G10_2	6G11_1	93	1.000E+00	9.894E-01	9.894E-01	4.462E-01
6G10_2	6FUD_2	93	9.908E-01	9.802E-01	9.802E-01	7.914E-01
6G10_2	7B1I_2	92	9.723E-01	9.521E-01	9.423E-01	9.108E-01
6G10_2	7A8X_2	99	3.959E-01	3.923E-01	3.923E-01	1.321E+01
6G10_2	6R5J_1	65	7.237E-01	5.003E-01	6.468E-01	2.673E+00
6G10_2	5Z1V_1	51	7.783E-01	4.599E-01	6.313E-01	1.900E+00
6G10_2	7ZK0_1	80	5.966E-01	4.901E-01	5.083E-01	6.010E+00
6G10_2	8C8A_1	76	6.075E-01	4.740E-01	3.095E-01	4.702E+00
6G10_2	2N37_1	67	5.885E-01	4.102E-01	5.274E-01	3.284E+00
6G10_2	5JHJ_1	78	5.280E-01	4.204E-01	4.073E-01	4.589E+00
6G10_2	8R7A_2	69	6.209E-01	4.434E-01	3.076E-01	3.728E+00
6G10_2	6Q76_2	75	5.167E-01	3.746E-01	4.725E-01	5.020E+00
6G10_2	7ZJY_1	63	5.173E-01	3.657E-01	5.050E-01	4.947E+00
6G10_2	2MYW_1	71	5.097E-01	3.721E-01	3.614E-01	4.954E+00
6G10_2	2MM0_1	32	6.013E-01	2.705E-01	3.676E-01	2.312E+00
6G10_2	8V1J_1	42	4.570E-01	2.157E-01	1.761E-01	5.810E+00
6G10_2	7NMM_2	121	2.211E-01	2.191E-01	2.153E-01	1.054E+01
6G10_2	1FN8_1	86	3.383E-01	2.530E-01	1.337E-01	9.388E+00
6G10_2	8OXL_1	35	3.461E-01	1.563E-01	1.578E-01	5.578E+00
6G10_2	7T6A_1	74	2.604E-01	1.831E-01	1.002E-01	1.441E+01
6G10_2	7NLJ_2	102	2.237E-01	1.981E-01	1.981E-01	1.091E+01
6G10_2	5XMZ_1	82	1.566E-01	1.140E-01	7.996E-02	1.445E+01
6G10_2	8EB9_1	28	4.359E-01	1.773E-01	1.743E-01	4.076E+00
6G10_2	9FYC_2	103	2.312E-01	2.145E-01	1.763E-01	1.278E+01
6G10_2	5FID_1	117	2.723E-01	1.928E-01	1.429E-01	1.427E+01
6G10_2	2LW6_1	28	4.453E-01	1.773E-01	1.991E-01	3.813E+00
6G10_2	1KPT_1	27	2.740E-01	1.308E-01	1.188E-01	6.880E+00
6G10_2	6BN0_1	24	2.644E-01	1.040E-01	1.188E-01	6.744E+00
6G10_2	8DP8_1	89	1.468E-01	1.248E-01	9.101E-02	1.453E+01
6G10_2	8DP9_1	89	1.492E-01	1.268E-01	9.138E-02	1.453E+01
6G10_2	6SGO_1	73	1.885E-01	1.370E-01	9.268E-02	1.486E+01
6G10_2	4GVB_2	21	4.242E-01	1.285E-01	1.455E-01	3.618E+00
6G10_2	8OXK_1	107	1.827E-01	1.613E-01	1.535E-01	1.361E+01
6ZUS_1	6ZUS_1	143	1.007E+00	1.000E+00	1.000E+00	3.960E-03
6ZUS_1	7NMM_2	37	5.738E-01	1.917E-01	2.708E-01	3.725E+00
6ZUS_1	7NLJ_2	40	4.662E-01	1.681E-01	2.372E-01	6.545E+00
6ZUS_1	4Z4A_1	24	4.796E-01	1.335E-01	1.548E-01	2.859E+00
6ZUS_1	8OXK_1	82	3.342E-01	1.445E-01	1.850E-01	9.963E+00
6ZUS_1	5Z1V_1	15	6.511E-01	8.776E-02	1.887E-01	1.010E+00
6ZUS_1	8C8A_1	58	4.175E-01	1.702E-01	1.590E-01	1.104E+01
6ZUS_1	5FNO_1	30	4.588E-01	1.091E-01	3.186E-02	4.263E+00
6ZUS_1	7MQQ_1	88	2.037E-01	1.313E-01	1.508E-01	1.323E+01
6ZUS_1	8EBB_1	130	1.704E-01	1.124E-01	1.012E-01	1.249E+01
6ZUS_1	6BN0_1	24	5.618E-01	1.422E-01	2.417E-01	2.670E+00
6ZUS_1	7B1I_2	74	2.310E-01	1.133E-01	1.393E-01	9.243E+00
6ZUS_1	7ZJY_1	19	3.833E-01	1.079E-01	2.240E-01	2.288E+00
6ZUS_1	8OXJ_1	63	3.293E-01	1.256E-01	1.641E-01	8.727E+00
6ZUS_1	8DP8_1	26	2.848E-01	8.771E-02	8.530E-02	7.378E+00
6ZUS_1	6WES_1	74	1.702E-01	8.311E-02	8.005E-02	1.606E+01
7XC2_2	7XC2_2	434	1.002E+00	1.000E+00	1.000E+00	0.000E+00
7XC2_2	7XDS_1	433	5.000E-01	4.989E-01	4.010E-01	1.108E+01
7XC2_2	7XE0_2	433	5.000E-01	4.989E-01	4.010E-01	1.108E+01
7XC2_2	7XVG_2	430	4.200E-01	4.149E-01	4.090E-01	2.012E+01
7XC2_2	5ZNG_2	87	1.884E-01	7.038E-02	1.766E-01	1.344E+01
7XC2_2	4BJM_1	281	1.507E-01	1.052E-01	1.385E-01	2.026E+01
7XC2_2	4BJN_1	310	1.448E-01	1.143E-01	1.440E-01	2.307E+01
7XC2_2	31EE_1	89	2.854E-01	7.389E-02	1.077E-01	1.286E+01
6Q76_2	6Q76_2	68	1.015E+00	1.000E+00	1.000E+00	3.590E-03
6Q76_2	2N37_1	66	9.897E-01	9.471E-01	9.751E-01	5.904E-01
6Q76_2	5JHJ_1	68	8.661E-01	8.546E-01	6.162E-01	2.467E+00
6Q76_2	2MYW_1	68	7.051E-01	6.968E-01	5.212E-01	3.413E+00
6Q76_2	7ZK0_1	68	6.021E-01	5.310E-01	4.248E-01	4.257E+00
6Q76_2	6R5J_1	67	5.677E-01	5.198E-01	5.198E-01	3.285E+00
6Q76_2	5Z1V_1	62	5.761E-01	4.634E-01	4.826E-01	5.537E+00
6Q76_2	6FUB_1	70	5.371E-01	4.931E-01	3.931E-01	3.907E+00
6Q76_2	6G11_1	70	5.371E-01	4.931E-01	3.931E-01	3.907E+00
6Q76_2	6FUD_2	75	5.157E-01	4.729E-01	3.745E-01	5.021E+00
6Q76_2	7B1I_2	68	6.047E-01	5.326E-01	4.154E-01	3.448E+00
6Q76_2	5A6W_2	75	5.167E-01	4.725E-01	3.746E-01	5.020E+00
6Q76_2	6FU9_2	75	5.167E-01	4.725E-01	3.746E-01	5.020E+00
6Q76_2	6G10_2	75	5.167E-01	4.725E-01	3.746E-01	5.020E+00
6Q76_2	8C8A_1	68	4.265E-01	4.031E-01	2.366E-01	4.528E+00
6Q76_2	7ZJY_1	73	3.049E-01	2.838E-01	2.965E-01	6.004E+00
6Q76_2	8R7A_2	71	4.929E-01	4.603E-01	2.671E-01	4.065E+00
6Q76_2	2MM0_1	61	4.074E-01	3.473E-01	3.616E-01	6.198E+00
6Q76_2	2QVT_1	16	8.130E-01	2.212E-01	1.030E-01	1.097E+00
6Q76_2	7NMM_2	42	3.774E-01	1.873E-01	1.402E-01	8.599E+00
6Q76_2	5OD4_1	63	2.999E-01	1.808E-01	1.063E-01	1.123E+01
6Q76_2	5FID_1	121	1.675E-01	1.587E-01	1.102E-01	1.099E+01
6Q76_2	4GVB_2	28	2.865E-01	1.552E-01	1.341E-01	6.629E+00
6Q76_2	1ZLD_1	65	2.727E-01	2.256E-01	1.603E-01	8.815E+00
6Q76_2	1ZLE_1	65	2.727E-01	2.256E-01	1.603E-01	8.815E+00
6Q76_2	5XMZ_1	60	2.100E-01	1.835E-01	1.210E-01	1.099E+01
6Q76_2	1FN8_1	66	2.168E-01	1.900E-01	8.560E-02	1.201E+01
6Q76_2	6BN0_1	66	1.566E-01	1.364E-01	1.257E-01	1.044E+01
6Q76_2	6SGO_1	75	1.578E-01	1.411E-01	8.019E-02	1.463E+01
6Q76_2	8OXL_1	20	2.603E-01	1.429E-01	1.119E-01	6.599E+00
6Q76_2	4FPQ_1	9	5.112E-01	1.100E-01	6.118E-02	1.822E+00
6Q76_2	4FPR_1	9	5.112E-01	1.100E-01	6.118E-02	1.822E+00
6WES_1	6WES_1	158	1.006E+00	1.000E+00	1.000E+00	1.124E-02
6WES_1	2LW6_1	72	2.085E-01	1.190E-01	1.792E-01	1.204E+01
6WES_1	7NMM_2	37	2.404E-01	9.545E-02	1.357E-01	1.306E+01
6WES_1	7T69_1	61	2.098E-01	1.035E-01	7.093E-02	1.126E+01
6WES_1	6QPK_1	77	1.618E-01	8.184E-02	1.282E-01	1.396E+01
6WES_1	2OPC_1	65	1.695E-01	8.190E-02	9.569E-02	1.342E+01
6WES_1	8OXI_1	36	3.900E-01	1.070E-01	1.520E-01	8.270E+00
6WES_1	9FYC_2	69	1.807E-01	9.502E-02	1.179E-01	1.139E+01
6WES_1	4B8V_1	47	1.471E-01	6.862E-02	5.218E-02	1.256E+01
6WES_1	4B9H_1	47	1.471E-01	6.862E-02	5.218E-02	1.256E+01
6WES_1	2MM2_1	44	2.047E-01	7.765E-02	1.489E-01	1.146E+01
6WES_1	8OXJ_1	73	1.892E-01	8.748E-02	1.209E-01	1.429E+01
6Q40_1	6Q40_1	79	1.013E+00	1.000E+00	1.000E+00	0.000E+00
6Q40_1	4B8V_1	89	7.023E-01	6.943E-01	2.586E-01	1.474E+01
6Q40_1	4B9H_1	89	7.023E-01	6.943E-01	2.586E-01	1.474E+01
6Q40_1	7ZKD_1	37	2.298E-01	1.729E-01	1.600E-01	6.427E+00
6Q40_1	5OD4_1	10	5.764E-01	1.081E-01	6.909E-02	2.601E+00
6Q40_1	5FNO_1	46	1.945E-01	1.181E-01	2.833E-02	1.223E+01
6Q40_1	4GVB_1	22	2.334E-01	1.132E-01	1.119E-01	6.078E+00
6Q40_1	6SGO_1	68	1.454E-01	1.187E-01	8.279E-02	1.098E+01
8ACX_1	8ACX_1	144	1.007E+00	1.000E+00	1.000E+00	0.000E+00
8ACX_1	1KPT_1	129	4.866E-01	3.726E-01	4.740E-01	8.021E+00
8ACX_1	7B1I_2	69	2.928E-01	1.274E-01	1.771E-01	1.074E+01
8ACX_1	5Z1V_1	29	3.951E-01	1.176E-01	2.222E-01	5.213E+00
8ACX_1	7MQQ_1	21	3.740E-01	1.138E-01	1.389E-01	3.116E+00
8ACX_1	5A6W_2	69	2.681E-01	1.252E-01	1.708E-01	1.048E+01
8ACX_1	6FU9_2	69	2.681E-01	1.252E-01	1.708E-01	1.048E+01
8ACX_1	6G10_2	69	2.681E-01	1.252E-01	1.708E-01	1.048E+01
8ACX_1	7A8X_2	50	2.734E-01	1.250E-01	1.728E-01	8.183E+00
8ACX_1	2MYW_1	21	3.657E-01	1.088E-01	1.510E-01	3.063E+00
8ACX_1	5XMZ_1	96	2.032E-01	1.259E-01	1.199E-01	9.075E+00
8ACX_1	6R5J_1	27	3.290E-01	1.146E-01	2.038E-01	5.227E+00
8ACX_1	6FUB_1	69	2.691E-01	1.241E-01	1.713E-01	1.066E+01
8ACX_1	6FUD_2	69	2.419E-01	1.196E-01	1.652E-01	1.034E+01
8ACX_1	6G11_1	69	2.691E-01	1.241E-01	1.713E-01	1.066E+01
8ACX_1	8OXK_1	122	1.780E-01	1.136E-01	1.563E-01	1.200E+01
8ACX_1	8OXI_1	82	1.678E-01	1.085E-01	1.176E-01	1.177E+01
8ACX_1	6SGO_1	111	2.115E-01	1.342E-01	1.290E-01	1.463E+01
8ACX_1	6FMB_1	92	2.007E-01	1.112E-01	1.470E-01	1.345E+01
8ACX_1	4B8V_1	38	1.977E-01	8.497E-02	6.545E-02	8.895E+00
8ACX_1	4B9H_1	38	1.977E-01	8.497E-02	6.545E-02	8.895E+00
8ACX_1	5OD4_1	161	1.686E-01	1.549E-01	1.643E-01	1.356E+01
8ACX_1	2N37_1	28	3.545E-01	1.028E-01	1.911E-01	6.214E+00
8ACX_1	6BN0_1	48	1.986E-01	9.824E-02	1.307E-01	1.194E+01
8ACX_1	8OXL_1	38	3.692E-01	1.014E-01	1.500E-01	4.210E+00
8ACX_1	8V1J_1	37	2.690E-01	9.799E-02	1.129E-01	6.875E+00
8ACX_1	8R7A_2	29	2.273E-01	7.770E-02	7.728E-02	1.015E+01
8ACX_1	8OXJ_1	64	1.929E-01	8.084E-02	1.085E-01	9.991E+00
8ACX_1	5FID_1	12	3.711E-01	6.257E-02	6.516E-02	3.351E+00
8OXH_1	8OXH_1	93	1.011E+00	1.000E+00	1.000E+00	4.883E-03
8OXH_1	9FYC_2	77	3.157E-01	2.191E-01	1.737E-01	1.594E+01
8OXH_1	4BJM_1	23	6.466E-01	2.059E-01	8.663E-02	2.484E+00
8OXH_1	7EAU_1	14	3.574E-01	1.258E-01	2.065E-01	2.034E+00
8OXH_1	7ZK0_1	22	3.175E-01	1.157E-01	1.178E-01	6.812E+00
8OXH_1	6BN0_1	53	2.843E-01	1.542E-01	1.754E-01	9.773E+00
8OXH_1	7XVG_2	76	1.778E-01	1.090E-01	3.275E-02	1.431E+01
6H0I_1	6H0I_1	75	1.014E+00	1.000E+00	1.000E+00	4.131E-03
7NMM_2	7NMM_2	95	1.011E+00	1.000E+00	1.000E+00	0.000E+00
7NMM_2	7NLJ_2	93	6.337E-01	6.191E-01	6.282E-01	4.428E+00
7NMM_2	7A8X_2	94	2.410E-01	2.361E-01	2.394E-01	1.136E+01
7NMM_2	6ZUS_1	47	4.793E-01	2.705E-01	1.916E-01	8.824E+00
7NMM_2	5Z1V_1	27	6.816E-01	2.354E-01	3.356E-01	1.705E+00
7NMM_2	1ZLD_1	20	4.911E-01	1.807E-01	1.480E-01	1.495E+00
7NMM_2	1ZLE_1	20	4.911E-01	1.807E-01	1.480E-01	1.495E+00
7NMM_2	5A6W_2	103	2.452E-01	2.153E-01	2.191E-01	1.051E+01
7NMM_2	6FU9_2	103	2.452E-01	2.153E-01	2.191E-01	1.051E+01
7NMM_2	6G10_2	103	2.452E-01	2.153E-01	2.191E-01	1.051E+01
7NMM_2	8V1J_1	47	5.426E-01	2.535E-01	2.051E-01	5.250E+00
7NMM_2	8EBB_1	21	6.468E-01	2.079E-01	1.190E-01	1.132E+00
7NMM_2	5FNO_1	30	5.137E-01	2.107E-01	4.156E-02	3.939E+00
7NMM_2	6FUB_1	103	2.456E-01	2.156E-01	2.194E-01	1.064E+01
7NMM_2	6G11_1	103	2.456E-01	2.156E-01	2.194E-01	1.064E+01
7NMM_2	6BN0_1	21	4.451E-01	1.778E-01	2.083E-01	2.009E+00
7NMM_2	8C8A_1	100	2.838E-01	2.523E-01	1.681E-01	1.178E+01
7NMM_2	7MQQ_1	47	4.624E-01	1.864E-01	1.610E-01	6.750E+00
7NMM_2	7B1I_2	121	2.397E-01	2.354E-01	2.375E-01	1.073E+01
7NMM_2	6FUD_2	99	2.565E-01	2.152E-01	2.192E-01	1.048E+01
7NMM_2	8OXL_1	32	3.729E-01	2.055E-01	2.100E-01	3.912E+00
7NMM_2	8ACX_1	79	2.596E-01	2.028E-01	1.426E-01	1.265E+01
7NMM_2	6Q76_2	42	3.774E-01	1.402E-01	1.873E-01	8.599E+00
7NMM_2	2LW6_1	29	3.109E-01	1.640E-01	1.846E-01	4.764E+00
7NMM_2	5OD4_1	28	5.343E-01	2.123E-01	1.645E-01	2.836E+00
7NMM_2	6SGO_1	141	1.917E-01	1.865E-01	1.225E-01	1.791E+01
7NMM_2	2N37_1	42	3.790E-01	1.404E-01	1.947E-01	8.764E+00
7NMM_2	2MYW_1	44	3.721E-01	1.553E-01	1.525E-01	9.341E+00
7NMM_2	9FYC_2	103	1.709E-01	1.455E-01	1.181E-01	1.134E+01
7NMM_2	8OXK_1	103	1.840E-01	1.650E-01	1.606E-01	1.087E+01
7NMM_2	4Z4A_1	72	2.678E-01	1.963E-01	1.603E-01	1.165E+01
7NMM_2	4FPQ_1	74	2.491E-01	1.612E-01	1.283E-01	1.255E+01
7NMM_2	4FPR_1	74	2.491E-01	1.612E-01	1.283E-01	1.255E+01
7NMM_2	6WES_1	46	2.226E-01	1.252E-01	9.226E-02	1.238E+01
7NMM_2	7AD5_1	62	2.768E-01	1.880E-01	1.522E-01	1.214E+01
7NMM_2	8DP8_1	51	2.803E-01	1.550E-01	1.079E-01	1.067E+01
7NMM_2	8DP9_1	34	3.727E-01	1.398E-01	9.446E-02	8.427E+00
7NMM_2	4BJN_1	59	3.509E-01	1.730E-01	6.864E-02	1.083E+01
7NMM_2	7XC2_2	49	3.892E-01	1.832E-01	5.832E-02	7.293E+00
7NMM_2	6FMB_1	28	1.929E-01	9.419E-02	9.214E-02	7.940E+00
7NMM_2	7ZK0_1	55	1.880E-01	1.163E-01	1.221E-01	1.287E+01
7NMM_2	5XMZ_1	20	3.040E-01	1.263E-01	8.722E-02	3.209E+00
7XE0_2	7XDS_1	575	1.002E+00	1.000E+00	1.000E+00	0.000E+00
7XE0_2	7XE0_2	575	1.002E+00	1.000E+00	1.000E+00	0.000E+00
7XE0_2	7XC2_2	433	5.000E-01	4.010E-01	4.989E-01	1.108E+01
7XE0_2	7XVG_2	433	3.596E-01	2.843E-01	3.531E-01	2.272E+01
7XE0_2	31EE_1	243	1.849E-01	8.397E-02	1.431E-01	1.681E+01
7XE0_2	5FNO_1	321	1.824E-01	1.092E-01	1.056E-01	2.165E+01
7XE0_2	5LOS_1	120	2.538E-01	6.636E-02	2.297E-01	1.873E+01
7XE0_2	8EB9_1	104	2.897E-01	7.519E-02	2.758E-01	1.118E+01
7XE0_2	4BJM_1	244	1.919E-01	9.020E-02	1.795E-01	2.183E+01
7XE0_2	4BJN_1	298	2.210E-01	1.140E-01	2.013E-01	1.819E+01
7XE0_2	5ZNG_2	84	1.766E-01	4.506E-02	1.625E-01	1.477E+01
7XE0_2	8OXH_1	59	2.831E-01	3.834E-02	1.548E-01	7.658E+00
9FEI_1	9FEI_1	239	1.004E+00	1.000E+00	1.000E+00	1.045E-02
9FEI_1	8EBB_1	13	7.754E-01	5.383E-02	7.543E-02	6.676E-01
9FEI_1	7T69_1	180	2.486E-01	1.880E-01	1.756E-01	2.328E+01
9FEI_1	2MYW_1	15	2.277E-01	3.626E-02	7.250E-02	7.806E+00
9FEI_1	1KG1_1	15	5.355E-01	4.251E-02	1.405E-01	3.746E+00
9FEI_1	8OXJ_1	12	5.889E-01	4.439E-02	1.040E-01	1.264E+00
9FEI_1	8V1J_1	21	4.628E-01	7.183E-02	1.315E-01	2.879E+00
9FEI_1	7ZK0_1	31	4.048E-01	7.320E-02	1.745E-01	8.469E+00
9FEI_1	8OXL_1	18	3.247E-01	4.728E-02	1.085E-01	4.728E+00
9FEI_1	7XVG_2	185	1.775E-01	1.101E-01	7.414E-02	2.141E+01
9FEI_1	5VJJ_1	75	1.516E-01	6.704E-02	1.261E-01	1.668E+01
9FEI_1	2QVT_1	49	1.589E-01	5.260E-02	7.185E-02	1.582E+01
2QVT_1	2QVT_1	150	1.007E+00	1.000E+00	1.000E+00	0.000E+00
2QVT_1	2OPC_1	127	2.781E-01	2.438E-01	2.764E-01	1.401E+01
2QVT_1	7ZK0_1	15	8.150E-01	9.860E-02	1.648E-01	6.442E-01
2QVT_1	6Q76_2	16	8.130E-01	1.030E-01	2.212E-01	1.097E+00
2QVT_1	6SGO_1	38	4.346E-01	1.413E-01	1.359E-01	5.482E+00
2QVT_1	2MYW_1	69	2.936E-01	1.061E-01	1.601E-01	1.607E+01
2QVT_1	5JHJ_1	74	3.024E-01	1.529E-01	2.089E-01	1.259E+01
2QVT_1	8V1J_1	74	4.357E-01	2.220E-01	2.674E-01	8.921E+00
2QVT_1	5FID_1	28	3.856E-01	1.026E-01	1.098E-01	5.288E+00
2QVT_1	5Z1V_1	45	5.004E-01	1.050E-01	2.325E-01	1.013E+01
2QVT_1	8ACX_1	81	2.358E-01	1.143E-01	1.182E-01	1.424E+01
2QVT_1	2MM0_1	49	3.197E-01	1.113E-01	2.089E-01	8.583E+00
2QVT_1	2N37_1	31	4.157E-01	8.952E-02	1.946E-01	6.058E+00
2QVT_1	8EBB_1	47	2.020E-01	7.627E-02	6.840E-02	1.200E+01
4FPQ_1	4FPQ_1	131	1.008E+00	1.000E+00	1.000E+00	4.909E-03
4FPQ_1	4FPR_1	131	1.008E+00	1.000E+00	1.000E+00	4.909E-03
4FPQ_1	8DP8_1	75	1.708E-01	1.153E-01	1.077E-01	1.076E+01
4FPQ_1	6SGO_1	140	2.225E-01	1.829E-01	1.590E-01	1.494E+01
4FPQ_1	8DP9_1	75	1.701E-01	1.150E-01	1.073E-01	1.074E+01
4FPQ_1	6QPK_1	80	2.340E-01	1.447E-01	2.119E-01	1.402E+01
4FPQ_1	8OXK_1	44	3.875E-01	1.628E-01	2.064E-01	7.828E+00
4FPQ_1	1FN8_1	31	4.823E-01	1.355E-01	8.364E-02	5.740E+00
4FPQ_1	6BN0_1	19	2.734E-01	8.980E-02	1.280E-01	4.834E+00
4FPQ_1	7A8X_2	88	2.910E-01	1.458E-01	1.939E-01	1.459E+01
4FPQ_1	7NMM_2	74	2.491E-01	1.283E-01	1.612E-01	1.255E+01
4FPQ_1	6ZUS_1	83	2.101E-01	1.200E-01	1.140E-01	1.333E+01
4FPQ_1	5XMZ_1	48	2.897E-01	1.258E-01	1.102E-01	7.660E+00
4FPQ_1	2N37_1	17	2.807E-01	7.035E-02	1.133E-01	4.628E+00
4FPQ_1	8V1J_1	53	1.729E-01	6.848E-02	7.383E-02	1.170E+01
4FPQ_1	7T6A_1	98	2.342E-01	1.472E-01	1.120E-01	1.654E+01
7NLJ_2	7NLJ_2	93	1.011E+00	1.000E+00	1.000E+00	0.000E+00
7NLJ_2	7NMM_2	93	6.337E-01	6.282E-01	6.191E-01	4.428E+00
7NLJ_2	7A8X_2	85	2.364E-01	2.187E-01	2.187E-01	1.133E+01
7NLJ_2	6ZUS_1	47	4.075E-01	2.372E-01	1.677E-01	1.006E+01
7NLJ_2	5Z1V_1	24	6.287E-01	2.056E-01	2.866E-01	1.977E+00
7NLJ_2	8V1J_1	66	4.305E-01	2.768E-01	2.215E-01	9.456E+00
7NLJ_2	8OXL_1	31	4.230E-01	2.164E-01	2.181E-01	3.502E+00
7NLJ_2	8EBB_1	40	5.734E-01	2.081E-01	1.154E-01	8.873E+00
7NLJ_2	6BN0_1	29	5.410E-01	2.259E-01	2.589E-01	2.841E+00
7NLJ_2	5FNO_1	28	5.363E-01	2.160E-01	3.996E-02	3.485E+00
7NLJ_2	1ZLD_1	21	4.228E-01	1.862E-01	1.503E-01	1.869E+00
7NLJ_2	1ZLE_1	21	4.228E-01	1.862E-01	1.503E-01	1.869E+00
7NLJ_2	7B1I_2	77	3.464E-01	2.197E-01	2.178E-01	1.095E+01
7NLJ_2	5A6W_2	102	2.237E-01	1.981E-01	1.981E-01	1.091E+01
7NLJ_2	6FU9_2	102	2.237E-01	1.981E-01	1.981E-01	1.091E+01
7NLJ_2	6FUB_1	102	2.244E-01	1.986E-01	1.986E-01	1.105E+01
7NLJ_2	6G10_2	102	2.237E-01	1.981E-01	1.981E-01	1.091E+01
7NLJ_2	6G11_1	102	2.244E-01	1.986E-01	1.986E-01	1.105E+01
7NLJ_2	2MYW_1	36	4.110E-01	1.989E-01	1.946E-01	4.473E+00
7NLJ_2	4Z4A_1	30	5.667E-01	2.272E-01	1.809E-01	2.937E+00
7NLJ_2	7MQQ_1	55	3.936E-01	1.996E-01	1.659E-01	1.197E+01
7NLJ_2	4FPQ_1	57	2.565E-01	1.721E-01	1.361E-01	1.009E+01
7NLJ_2	4FPR_1	57	2.565E-01	1.721E-01	1.361E-01	1.009E+01
7NLJ_2	5FID_1	24	4.967E-01	1.888E-01	1.354E-01	3.561E+00
7NLJ_2	8C8A_1	100	2.517E-01	2.203E-01	1.445E-01	1.153E+01
7NLJ_2	6Q76_2	39	3.716E-01	1.389E-01	1.837E-01	6.274E+00
7NLJ_2	8OXK_1	91	3.430E-01	2.647E-01	2.534E-01	1.101E+01
7NLJ_2	9FYC_2	97	1.611E-01	1.406E-01	1.132E-01	1.149E+01
7NLJ_2	2N37_1	40	3.655E-01	1.409E-01	1.888E-01	7.188E+00
7NLJ_2	6FUD_2	33	2.920E-01	1.805E-01	1.805E-01	4.686E+00
7NLJ_2	5OD4_1	59	2.569E-01	1.715E-01	1.372E-01	8.739E+00
7NLJ_2	8OXJ_1	87	3.102E-01	2.364E-01	2.304E-01	1.132E+01
7NLJ_2	8R7A_2	43	2.838E-01	1.280E-01	8.743E-02	1.180E+01
7NLJ_2	6SGO_1	33	3.834E-01	1.305E-01	7.919E-02	8.521E+00
7NLJ_2	1FN8_1	41	2.882E-01	1.271E-01	6.227E-02	7.484E+00
7NLJ_2	5LOS_1	43	5.072E-01	1.373E-01	1.086E-01	6.549E+00
7NLJ_2	8OXI_1	29	2.731E-01	1.146E-01	1.057E-01	7.886E+00
7NLJ_2	4B8V_1	6	7.823E-01	6.025E-02	2.549E-02	1.165E+00
7NLJ_2	4B9H_1	6	7.823E-01	6.025E-02	2.549E-02	1.165E+00
5A6W_2	5A6W_2	93	1.011E+00	1.000E+00	1.000E+00	6.697E-03
5A6W_2	6FU9_2	93	1.011E+00	1.000E+00	1.000E+00	6.697E-03
5A6W_2	6G10_2	93	1.011E+00	1.000E+00	1.000E+00	6.697E-03
5A6W_2	6FUB_1	93	1.000E+00	9.894E-01	9.894E-01	4.462E-01
5A6W_2	6G11_1	93	1.000E+00	9.894E-01	9.894E-01	4.462E-01
5A6W_2	6FUD_2	93	9.908E-01	9.802E-01	9.802E-01	7.914E-01
5A6W_2	7B1I_2	92	9.723E-01	9.521E-01	9.423E-01	9.108E-01
5A6W_2	7A8X_2	99	3.959E-01	3.923E-01	3.923E-01	1.321E+01
5A6W_2	6R5J_1	65	7.237E-01	5.003E-01	6.468E-01	2.673E+00
5A6W_2	5Z1V_1	51	7.783E-01	4.599E-01	6.313E-01	1.900E+00
5A6W_2	7ZK0_1	80	5.966E-01	4.901E-01	5.083E-01	6.010E+00
5A6W_2	8C8A_1	76	6.075E-01	4.740E-01	3.095E-01	4.702E+00
5A6W_2	2N37_1	67	5.885E-01	4.102E-01	5.274E-01	3.284E+00
5A6W_2	5JHJ_1	78	5.280E-01	4.204E-01	4.073E-01	4.589E+00
5A6W_2	8R7A_2	69	6.209E-01	4.434E-01	3.076E-01	3.728E+00
5A6W_2	6Q76_2	75	5.167E-01	3.746E-01	4.725E-01	5.020E+00
5A6W_2	7ZJY_1	63	5.173E-01	3.657E-01	5.050E-01	4.947E+00
5A6W_2	2MYW_1	71	5.097E-01	3.721E-01	3.614E-01	4.954E+00
5A6W_2	2MM0_1	32	6.013E-01	2.705E-01	3.676E-01	2.312E+00
5A6W_2	8V1J_1	42	4.570E-01	2.157E-01	1.761E-01	5.810E+00
5A6W_2	7NMM_2	121	2.211E-01	2.191E-01	2.153E-01	1.054E+01
5A6W_2	1FN8_1	86	3.383E-01	2.530E-01	1.337E-01	9.388E+00
5A6W_2	8OXL_1	35	3.461E-01	1.563E-01	1.578E-01	5.578E+00
5A6W_2	7T6A_1	74	2.604E-01	1.831E-01	1.002E-01	1.441E+01
5A6W_2	7NLJ_2	102	2.237E-01	1.981E-01	1.981E-01	1.091E+01
5A6W_2	5XMZ_1	82	1.566E-01	1.140E-01	7.996E-02	1.445E+01
5A6W_2	8EB9_1	28	4.359E-01	1.773E-01	1.743E-01	4.076E+00
5A6W_2	9FYC_2	103	2.312E-01	2.145E-01	1.763E-01	1.278E+01
5A6W_2	5FID_1	117	2.723E-01	1.928E-01	1.429E-01	1.427E+01
5A6W_2	2LW6_1	28	4.453E-01	1.773E-01	1.991E-01	3.813E+00
5A6W_2	1KPT_1	27	2.740E-01	1.308E-01	1.188E-01	6.880E+00
5A6W_2	6BN0_1	24	2.644E-01	1.040E-01	1.188E-01	6.744E+00
5A6W_2	8DP8_1	89	1.468E-01	1.248E-01	9.101E-02	1.453E+01
5A6W_2	8DP9_1	89	1.492E-01	1.268E-01	9.138E-02	1.453E+01
5A6W_2	6SGO_1	73	1.885E-01	1.370E-01	9.268E-02	1.486E+01
5A6W_2	4GVB_2	21	4.242E-01	1.285E-01	1.455E-01	3.618E+00
5A6W_2	8OXK_1	107	1.827E-01	1.613E-01	1.535E-01	1.361E+01
7B1I_2	7B1I_2	94	1.011E+00	1.000E+00	1.000E+00	8.752E-03
7B1I_2	6FUD_2	92	9.723E-01	9.422E-01	9.521E-01	9.907E-01
7B1I_2	6FUB_1	92	9.855E-01	9.547E-01	9.647E-01	7.355E-01
7B1I_2	6G11_1	92	9.855E-01	9.547E-01	9.647E-01	7.355E-01
7B1I_2	5A6W_2	92	9.723E-01	9.423E-01	9.521E-01	9.108E-01
7B1I_2	6FU9_2	92	9.723E-01	9.423E-01	9.521E-01	9.108E-01
7B1I_2	6G10_2	92	9.723E-01	9.423E-01	9.521E-01	9.108E-01
7B1I_2	7A8X_2	98	4.155E-01	4.041E-01	4.078E-01	1.341E+01
7B1I_2	5Z1V_1	61	7.251E-01	4.975E-01	6.810E-01	3.071E+00
7B1I_2	6R5J_1	63	7.265E-01	4.716E-01	6.209E-01	2.775E+00
7B1I_2	8C8A_1	108	5.350E-01	5.257E-01	3.459E-01	9.673E+00
7B1I_2	7ZK0_1	82	5.709E-01	4.702E-01	4.911E-01	5.870E+00
7B1I_2	2N37_1	67	6.296E-01	4.281E-01	5.608E-01	3.014E+00
7B1I_2	5JHJ_1	78	5.469E-01	4.244E-01	4.141E-01	4.635E+00
7B1I_2	7ZJY_1	58	6.504E-01	4.057E-01	5.896E-01	3.505E+00
7B1I_2	8R7A_2	90	5.658E-01	4.400E-01	3.073E-01	1.079E+01
7B1I_2	6Q76_2	68	5.988E-01	4.141E-01	5.290E-01	3.439E+00
7B1I_2	2MM0_1	32	6.915E-01	2.840E-01	3.959E-01	1.917E+00
7B1I_2	2MYW_1	81	4.892E-01	3.917E-01	3.824E-01	6.290E+00
7B1I_2	8V1J_1	42	5.340E-01	2.397E-01	1.944E-01	5.105E+00
7B1I_2	7T6A_1	70	2.755E-01	1.771E-01	9.982E-02	1.413E+01
7B1I_2	7NMM_2	121	2.397E-01	2.375E-01	2.354E-01	1.073E+01
7B1I_2	8ACX_1	69	2.928E-01	1.771E-01	1.274E-01	1.074E+01
7B1I_2	5XMZ_1	81	1.439E-01	1.082E-01	7.549E-02	1.552E+01
7B1I_2	1FN8_1	77	3.010E-01	2.286E-01	1.228E-01	1.095E+01
7B1I_2	7NLJ_2	33	3.078E-01	1.856E-01	1.870E-01	4.777E+00
7B1I_2	8EB9_1	28	4.550E-01	1.803E-01	1.787E-01	3.996E+00
7B1I_2	8OXL_1	33	3.333E-01	1.207E-01	1.229E-01	7.853E+00
7B1I_2	6BN0_1	31	2.673E-01	9.593E-02	1.107E-01	1.060E+01
7B1I_2	8OXK_1	104	1.882E-01	1.619E-01	1.555E-01	1.319E+01
7B1I_2	5OD4_1	64	2.656E-01	1.671E-01	1.319E-01	1.271E+01
7B1I_2	8DP8_1	86	1.519E-01	1.248E-01	8.942E-02	1.414E+01
7B1I_2	4GVB_2	17	5.638E-01	1.275E-01	1.460E-01	2.475E+00
7B1I_2	8OXJ_1	23	3.380E-01	1.266E-01	1.218E-01	5.494E+00
7B1I_2	1KPT_1	27	2.806E-01	1.343E-01	1.239E-01	6.695E+00
7B1I_2	8DP9_1	85	1.517E-01	1.271E-01	9.246E-02	1.371E+01
7B1I_2	5FNO_1	28	3.840E-01	1.346E-01	2.261E-02	1.061E+01
7B1I_2	6SGO_1	85	1.944E-01	1.525E-01	1.085E-01	1.440E+01
7B1I_2	8EBB_1	34	1.863E-01	9.480E-02	6.541E-02	9.698E+00
4BJN_1	4BJN_1	244	1.004E+00	1.000E+00	1.000E+00	8.653E-03
4BJN_1	4BJM_1	239	4.664E-01	4.541E-01	4.646E-01	1.284E+01
4BJN_1	5LOS_1	90	3.721E-01	1.305E-01	2.448E-01	1.574E+01
4BJN_1	7XC2_2	280	1.785E-01	1.696E-01	1.170E-01	2.170E+01
4BJN_1	7ZKD_1	30	3.122E-01	8.410E-02	1.619E-01	4.885E+00
4BJN_1	7T69_1	47	2.147E-01	6.606E-02	6.432E-02	9.733E+00
2N37_1	2N37_1	66	1.015E+00	1.000E+00	1.000E+00	0.000E+00
2N37_1	6Q76_2	66	9.897E-01	9.751E-01	9.471E-01	5.905E-01
2N37_1	5JHJ_1	66	9.049E-01	8.923E-01	6.241E-01	1.757E+00
2N37_1	2MYW_1	66	7.005E-01	6.920E-01	5.048E-01	3.277E+00
2N37_1	6R5J_1	67	5.618E-01	5.252E-01	5.155E-01	3.248E+00
2N37_1	7ZK0_1	66	6.153E-01	5.601E-01	4.447E-01	3.849E+00
2N37_1	7B1I_2	67	6.296E-01	5.608E-01	4.281E-01	3.014E+00
2N37_1	5Z1V_1	65	5.443E-01	4.733E-01	4.831E-01	3.599E+00
2N37_1	5A6W_2	67	5.885E-01	5.274E-01	4.102E-01	3.284E+00
2N37_1	6FU9_2	67	5.885E-01	5.274E-01	4.102E-01	3.284E+00
2N37_1	6G10_2	67	5.885E-01	5.274E-01	4.102E-01	3.284E+00
2N37_1	6FUB_1	67	5.933E-01	5.310E-01	4.124E-01	3.253E+00
2N37_1	6FUD_2	67	5.879E-01	5.265E-01	4.096E-01	3.286E+00
2N37_1	6G11_1	67	5.933E-01	5.310E-01	4.124E-01	3.253E+00
2N37_1	8C8A_1	69	4.319E-01	4.154E-01	2.360E-01	4.489E+00
2N37_1	7ZJY_1	69	3.171E-01	2.858E-01	3.015E-01	5.680E+00
2N37_1	8R7A_2	73	4.319E-01	4.122E-01	2.400E-01	4.571E+00
2N37_1	7A8X_2	38	5.921E-01	3.609E-01	2.757E-01	2.926E+00
2N37_1	2MM0_1	61	4.159E-01	3.602E-01	3.675E-01	6.084E+00
2N37_1	5XMZ_1	60	2.495E-01	2.120E-01	1.299E-01	1.055E+01
2N37_1	2MM2_1	59	3.767E-01	3.025E-01	3.057E-01	6.875E+00
2N37_1	8DP9_1	22	2.817E-01	1.737E-01	8.784E-02	5.400E+00
2N37_1	2QVT_1	16	7.900E-01	2.269E-01	1.028E-01	1.128E+00
2N37_1	7NMM_2	42	3.790E-01	1.947E-01	1.404E-01	8.764E+00
2N37_1	8DP8_1	29	3.075E-01	1.884E-01	9.833E-02	7.361E+00
2N37_1	4GVB_2	23	4.201E-01	1.597E-01	1.334E-01	6.365E+00
2N37_1	5OD4_1	41	3.280E-01	2.292E-01	1.419E-01	1.092E+01
2N37_1	8ACX_1	19	3.796E-01	1.880E-01	1.011E-01	2.708E+00
2N37_1	6SGO_1	64	2.364E-01	1.903E-01	9.318E-02	1.300E+01
2N37_1	6BN0_1	65	1.555E-01	1.358E-01	1.212E-01	1.033E+01
2MM0_1	2MM0_1	64	1.016E+00	1.000E+00	1.000E+00	0.000E+00
2MM0_1	2MYW_1	59	4.781E-01	4.127E-01	3.086E-01	5.530E+00
2MM0_1	7B1I_2	32	6.915E-01	3.959E-01	2.840E-01	1.917E+00
2MM0_1	6R5J_1	63	5.057E-01	4.918E-01	4.748E-01	4.281E+00
2MM0_1	6FUB_1	32	6.085E-01	3.699E-01	2.718E-01	2.279E+00
2MM0_1	6G11_1	32	6.085E-01	3.699E-01	2.718E-01	2.279E+00
2MM0_1	5A6W_2	32	6.013E-01	3.676E-01	2.705E-01	2.312E+00
2MM0_1	6FU9_2	32	6.013E-01	3.676E-01	2.705E-01	2.312E+00
2MM0_1	6FUD_2	32	5.988E-01	3.670E-01	2.702E-01	2.317E+00
2MM0_1	6G10_2	32	6.013E-01	3.676E-01	2.705E-01	2.312E+00
2MM0_1	8C8A_1	38	5.856E-01	3.968E-01	1.918E-01	3.143E+00
2MM0_1	2N37_1	61	4.159E-01	3.675E-01	3.602E-01	6.084E+00
2MM0_1	6Q76_2	61	4.074E-01	3.616E-01	3.473E-01	6.198E+00
2MM0_1	7A8X_2	38	5.394E-01	3.368E-01	2.474E-01	6.265E+00
2MM0_1	5Z1V_1	27	5.561E-01	2.965E-01	2.965E-01	2.738E+00
2MM0_1	7ZK0_1	19	5.104E-01	2.217E-01	1.666E-01	2.688E+00
2MM0_1	8EBB_1	82	1.527E-01	1.424E-01	9.327E-02	1.375E+01
2MM0_1	1ZLD_1	10	7.380E-01	1.449E-01	8.121E-02	1.027E+00
2MM0_1	1ZLE_1	10	7.380E-01	1.449E-01	8.121E-02	1.027E+00
2MM2_1	2MM2_1	65	1.016E+00	1.000E+00	1.000E+00	2.112E-03
2MM2_1	6R5J_1	56	4.368E-01	3.125E-01	2.996E-01	1.174E+01
2MM2_1	5Z1V_1	18	7.197E-01	2.511E-01	2.549E-01	7.358E-01
2MM2_1	8R7A_2	37	4.795E-01	2.698E-01	1.372E-01	4.485E+00
2MM2_1	2N37_1	59	3.767E-01	3.057E-01	3.025E-01	6.875E+00
2MM2_1	4GVB_2	15	6.108E-01	1.760E-01	1.443E-01	1.458E+00
2MM2_1	5FID_1	17	4.448E-01	1.415E-01	7.612E-02	3.799E+00
2MM2_1	8EBB_1	60	2.145E-01	1.468E-01	7.231E-02	1.239E+01
2MM2_1	7ZK0_1	64	3.394E-01	2.784E-01	2.278E-01	9.532E+00
2MM2_1	6Q76_2	30	5.089E-01	2.557E-01	2.463E-01	2.899E+00
2MM2_1	5OD4_1	21	3.842E-01	1.484E-01	8.665E-02	3.558E+00
2MM2_1	8C8A_1	91	3.229E-01	3.195E-01	1.801E-01	1.402E+01
2MM2_1	8OXL_1	8	6.537E-01	9.399E-02	6.933E-02	2.233E+00
2MM2_1	5XMZ_1	53	3.169E-01	1.921E-01	8.307E-02	1.160E+01
4B9H_1	4B8V_1	228	1.004E+00	1.000E+00	1.000E+00	9.851E-03
4B9H_1	4B9H_1	228	1.004E+00	1.000E+00	1.000E+00	9.851E-03
4B9H_1	6Q40_1	83	7.156E-01	2.615E-01	6.992E-01	1.126E+01
4B9H_1	5XMZ_1	45	3.501E-01	8.805E-02	1.233E-01	7.743E+00
4B9H_1	9FEI_1	60	3.589E-01	1.259E-01	1.211E-01	8.529E+00
4B9H_1	8ACX_1	37	1.846E-01	6.260E-02	8.309E-02	8.983E+00
4B9H_1	8R7A_2	34	3.450E-01	7.056E-02	1.022E-01	1.016E+01
4B9H_1	7ZJY_1	16	2.192E-01	5.445E-02	1.603E-01	3.428E+00
4B9H_1	7NLJ_2	6	7.823E-01	2.549E-02	6.025E-02	1.165E+00
4B9H_1	1FN8_1	36	2.175E-01	6.469E-02	6.564E-02	1.114E+01
4B9H_1	6WES_1	130	1.368E-01	7.665E-02	9.694E-02	2.072E+01
4B9H_1	5FNO_1	79	2.640E-01	8.592E-02	3.896E-02	1.393E+01
4B9H_1	6FMB_1	31	2.328E-01	5.316E-02	9.685E-02	8.299E+00
8V1J_1	8V1J_1	120	1.008E+00	1.000E+00	1.000E+00	4.517E-03
8V1J_1	7A8X_2	42	5.822E-01	1.998E-01	2.505E-01	4.834E+00
8V1J_1	6BN0_1	21	5.800E-01	1.524E-01	2.215E-01	2.064E+00
8V1J_1	8OXL_1	37	5.577E-01	1.938E-01	2.432E-01	2.910E+00
8V1J_1	7NLJ_2	34	4.710E-01	1.451E-01	1.824E-01	4.774E+00
8V1J_1	7NMM_2	36	4.456E-01	1.712E-01	2.031E-01	3.985E+00
8V1J_1	8OXK_1	61	3.378E-01	1.635E-01	1.924E-01	1.309E+01
8V1J_1	6R5J_1	23	4.189E-01	1.249E-01	2.056E-01	5.344E+00
8V1J_1	8OXJ_1	56	3.123E-01	1.398E-01	1.660E-01	1.103E+01
8V1J_1	2LW6_1	44	5.570E-01	2.275E-01	3.188E-01	3.670E+00
8V1J_1	5FNO_1	35	5.019E-01	1.422E-01	3.052E-02	9.607E+00
8V1J_1	2QVT_1	64	3.517E-01	1.936E-01	1.605E-01	9.678E+00
8V1J_1	4Z4A_1	24	4.853E-01	1.597E-01	1.585E-01	2.449E+00
8V1J_1	2MYW_1	91	2.679E-01	1.455E-01	1.718E-01	1.037E+01
8V1J_1	2MM0_1	27	3.507E-01	1.158E-01	1.729E-01	3.887E+00
8V1J_1	7MQQ_1	83	2.508E-01	1.435E-01	1.490E-01	1.122E+01
8V1J_1	9FYC_2	110	3.496E-01	2.198E-01	2.167E-01	1.308E+01
8V1J_1	8DP8_1	40	4.339E-01	1.394E-01	1.149E-01	8.664E+00
8V1J_1	8DP9_1	40	4.303E-01	1.390E-01	1.146E-01	8.632E+00
8V1J_1	8C8A_1	30	5.770E-01	1.339E-01	1.053E-01	7.494E+00
8V1J_1	6SGO_1	28	3.573E-01	1.172E-01	9.168E-02	6.751E+00
8V1J_1	8OXI_1	26	3.227E-01	7.937E-02	8.944E-02	6.319E+00
8V1J_1	5XMZ_1	34	4.037E-01	1.779E-01	1.440E-01	2.939E+00
8V1J_1	7T6A_1	31	5.873E-01	1.453E-01	9.683E-02	6.931E+00
8V1J_1	9FEI_1	21	4.628E-01	1.315E-01	7.183E-02	2.879E+00
8V1J_1	8ACX_1	37	2.690E-01	1.129E-01	9.799E-02	6.875E+00
8V1J_1	7T69_1	55	2.177E-01	1.090E-01	6.057E-02	1.133E+01
8V1J_1	7EAU_1	51	1.445E-01	9.142E-02	1.392E-01	1.063E+01
8V1J_1	5OD4_1	45	3.024E-01	1.292E-01	1.226E-01	1.088E+01
8V1J_1	4FPQ_1	47	1.899E-01	7.383E-02	6.848E-02	1.180E+01
8V1J_1	4FPR_1	47	1.899E-01	7.383E-02	6.848E-02	1.180E+01
8V1J_1	6FMB_1	19	2.802E-01	9.998E-02	1.164E-01	3.459E+00
8V1J_1	1FN8_1	33	2.333E-01	8.721E-02	5.652E-02	8.017E+00
8EBB_1	8EBB_1	170	1.006E+00	1.000E+00	1.000E+00	0.000E+00
8EBB_1	7NMM_2	21	6.468E-01	1.190E-01	2.079E-01	1.132E+00
8EBB_1	7NLJ_2	40	5.734E-01	1.154E-01	2.081E-01	8.873E+00
8EBB_1	7MQQ_1	73	2.567E-01	1.001E-01	1.462E-01	1.875E+01
8EBB_1	6R5J_1	45	3.868E-01	1.262E-01	2.673E-01	1.151E+01
8EBB_1	8R7A_2	116	1.840E-01	1.073E-01	1.223E-01	1.662E+01
8EBB_1	2MM0_1	84	1.708E-01	9.624E-02	1.615E-01	1.276E+01
8EBB_1	9FYC_2	26	4.655E-01	1.199E-01	1.600E-01	3.887E+00
8EBB_1	8DP8_1	22	5.358E-01	1.148E-01	1.304E-01	2.356E+00
8EBB_1	8DP9_1	22	5.333E-01	1.148E-01	1.304E-01	2.345E+00
8EBB_1	5OD4_1	64	3.022E-01	1.052E-01	1.346E-01	1.564E+01
8EBB_1	9FEI_1	13	7.754E-01	7.543E-02	5.383E-02	6.676E-01
8EBB_1	5VJJ_1	40	2.497E-01	7.247E-02	1.220E-01	9.738E+00
8EBB_1	8OXL_1	84	2.619E-01	1.034E-01	1.754E-01	1.276E+01
8EBB_1	7A8X_2	69	1.601E-01	6.966E-02	1.069E-01	1.430E+01
8EBB_1	8OXK_1	59	1.967E-01	1.088E-01	1.331E-01	1.025E+01
8EBB_1	6ZUS_1	130	1.704E-01	1.026E-01	1.124E-01	1.248E+01
8EBB_1	6SGO_1	27	5.075E-01	7.470E-02	8.075E-02	9.823E+00
8EBB_1	2LW6_1	72	1.937E-01	9.479E-02	1.659E-01	1.379E+01
8EBB_1	2N4O_1	74	2.094E-01	8.237E-02	1.284E-01	1.136E+01
8EBB_1	6WES_1	84	2.207E-01	1.268E-01	1.339E-01	1.188E+01
8EBB_1	2MM2_1	60	2.145E-01	7.231E-02	1.468E-01	1.239E+01
8EBB_1	4GVB_1	18	2.890E-01	7.500E-02	1.329E-01	4.085E+00
8EBB_1	7ZK0_1	75	1.781E-01	8.991E-02	1.317E-01	1.051E+01
8EBB_1	7ZKD_1	44	1.474E-01	5.681E-02	7.048E-02	1.294E+01
8EBB_1	6FMB_1	43	2.369E-01	7.881E-02	1.228E-01	1.111E+01
8EBB_1	2QVT_1	47	2.020E-01	6.840E-02	7.627E-02	1.200E+01
8EBB_1	5XMZ_1	21	2.200E-01	8.433E-02	9.090E-02	3.655E+00
4GVB_2	4GVB_2	81	1.013E+00	1.000E+00	1.000E+00	0.000E+00
4GVB_2	4GVB_1	81	7.367E-01	6.492E-01	6.563E-01	3.806E+00
4GVB_2	2MM2_1	15	6.108E-01	1.443E-01	1.760E-01	1.458E+00
4GVB_2	8OXK_1	29	3.689E-01	1.355E-01	1.181E-01	4.897E+00
4GVB_2	6Q76_2	28	2.865E-01	1.341E-01	1.552E-01	6.629E+00
4GVB_2	2N37_1	23	4.201E-01	1.334E-01	1.597E-01	6.365E+00
4GVB_2	6R5J_1	16	5.335E-01	1.542E-01	1.806E-01	1.534E+00
4GVB_2	6BN0_1	12	4.608E-01	1.294E-01	1.324E-01	1.830E+00
4GVB_2	2N4O_1	9	4.349E-01	9.115E-02	7.937E-02	2.151E+00
4GVB_2	7T6A_1	21	4.033E-01	1.608E-01	8.109E-02	2.812E+00
4GVB_2	7T69_1	11	8.404E-01	1.332E-01	4.092E-02	5.655E-01
4GVB_2	7B1I_2	17	5.638E-01	1.460E-01	1.275E-01	2.475E+00
4GVB_2	4Z4A_1	13	4.257E-01	1.259E-01	8.851E-02	2.963E+00
4GVB_2	8R7A_2	11	3.725E-01	1.017E-01	6.165E-02	3.111E+00
4GVB_2	5A6W_2	21	4.242E-01	1.455E-01	1.285E-01	3.618E+00
4GVB_2	6FU9_2	21	4.242E-01	1.455E-01	1.285E-01	3.618E+00
4GVB_2	6FUB_1	21	4.257E-01	1.457E-01	1.286E-01	3.733E+00
4GVB_2	6G10_2	21	4.242E-01	1.455E-01	1.285E-01	3.618E+00
4GVB_2	6G11_1	21	4.257E-01	1.457E-01	1.286E-01	3.733E+00
4GVB_2	2QVT_1	8	5.698E-01	9.196E-02	5.119E-02	1.104E+00
8DP9_1	8DP9_1	148	1.007E+00	1.000E+00	1.000E+00	0.000E+00
8DP9_1	8DP8_1	148	9.656E-01	9.591E-01	9.591E-01	2.333E+00
8DP9_1	6SGO_1	121	1.679E-01	1.329E-01	1.290E-01	1.378E+01
8DP9_1	8EBB_1	22	5.333E-01	1.304E-01	1.148E-01	2.345E+00
8DP9_1	7MQQ_1	52	3.857E-01	1.215E-01	1.496E-01	9.392E+00
8DP9_1	9FYC_2	33	3.664E-01	1.206E-01	1.413E-01	6.603E+00
8DP9_1	4FPQ_1	75	1.701E-01	1.073E-01	1.150E-01	1.074E+01
8DP9_1	4FPR_1	75	1.701E-01	1.073E-01	1.150E-01	1.074E+01
8DP9_1	8V1J_1	96	2.158E-01	1.283E-01	1.539E-01	1.475E+01
8DP9_1	2N37_1	99	2.935E-01	1.475E-01	2.702E-01	9.798E+00
8DP9_1	7ZJY_1	24	2.461E-01	8.495E-02	1.363E-01	6.623E+00
8DP9_1	6R5J_1	104	2.279E-01	1.303E-01	2.135E-01	1.460E+01
8DP9_1	7NMM_2	34	3.727E-01	9.446E-02	1.398E-01	8.427E+00
8DP9_1	8C8A_1	107	1.915E-01	1.317E-01	1.268E-01	1.425E+01
8DP9_1	6BN0_1	34	2.111E-01	8.692E-02	1.311E-01	8.912E+00
8DP9_1	6FUB_1	89	1.496E-01	9.152E-02	1.270E-01	1.463E+01
8DP9_1	6G11_1	89	1.496E-01	9.152E-02	1.270E-01	1.463E+01
8DP9_1	7B1I_2	85	1.517E-01	8.944E-02	1.252E-01	1.419E+01
8DP9_1	5FID_1	154	1.390E-01	1.245E-01	1.309E-01	1.411E+01
8DP9_1	1FN8_1	30	2.461E-01	8.001E-02	5.870E-02	7.843E+00
8DP9_1	7ZK0_1	76	2.217E-01	1.039E-01	1.529E-01	1.302E+01
8DP9_1	5A6W_2	89	1.492E-01	9.138E-02	1.268E-01	1.453E+01
8DP9_1	6FU9_2	89	1.492E-01	9.138E-02	1.268E-01	1.453E+01
8DP9_1	6FUD_2	89	1.492E-01	9.145E-02	1.254E-01	1.437E+01
8DP9_1	6G10_2	89	1.492E-01	9.138E-02	1.268E-01	1.453E+01
8DP9_1	1KPT_1	86	1.316E-01	8.765E-02	1.022E-01	1.018E+01
8DP9_1	8ACX_1	35	2.817E-01	8.000E-02	8.175E-02	7.479E+00
8DP9_1	7T6A_1	36	2.512E-01	9.302E-02	7.716E-02	9.245E+00
8DP9_1	5FNO_1	35	2.955E-01	7.414E-02	3.027E-02	8.624E+00
8DP9_1	5OD4_1	111	1.728E-01	1.320E-01	1.424E-01	1.204E+01
2OPC_1	2OPC_1	127	1.008E+00	1.000E+00	1.000E+00	2.430E-03
2OPC_1	2QVT_1	127	2.781E-01	2.764E-01	2.438E-01	1.401E+01
2OPC_1	6SGO_1	13	5.864E-01	9.689E-02	7.906E-02	1.232E+00
2OPC_1	7ZJY_1	11	7.460E-01	8.471E-02	1.751E-01	7.521E-01
2OPC_1	7ZK0_1	16	7.660E-01	1.220E-01	1.722E-01	9.277E-01
2OPC_1	5VJJ_1	98	1.865E-01	1.508E-01	1.812E-01	1.625E+01
2OPC_1	2MYW_1	23	5.509E-01	1.180E-01	1.529E-01	9.315E+00
2OPC_1	7AD5_1	20	4.345E-01	1.263E-01	1.281E-01	2.954E+00
2OPC_1	1KG1_1	23	1.894E-01	7.267E-02	1.294E-01	5.808E+00
2OPC_1	7T6A_1	55	1.913E-01	9.340E-02	6.954E-02	1.330E+01
8C8A_1	8C8A_1	155	1.006E+00	1.000E+00	1.000E+00	1.208E-02
8C8A_1	6R5J_1	64	7.857E-01	3.421E-01	7.082E-01	2.178E+00
8C8A_1	7B1I_2	75	6.257E-01	3.143E-01	4.776E-01	4.313E+00
8C8A_1	6FUD_2	75	6.171E-01	3.101E-01	4.772E-01	4.562E+00
8C8A_1	6FUB_1	74	5.938E-01	3.014E-01	4.590E-01	4.708E+00
8C8A_1	6G11_1	74	5.938E-01	3.014E-01	4.590E-01	4.708E+00
8C8A_1	5A6W_2	74	6.124E-01	3.079E-01	4.720E-01	4.765E+00
8C8A_1	6FU9_2	74	6.124E-01	3.079E-01	4.720E-01	4.765E+00
8C8A_1	6G10_2	74	6.124E-01	3.079E-01	4.720E-01	4.765E+00
8C8A_1	7ZK0_1	79	6.447E-01	3.466E-01	5.463E-01	3.689E+00
8C8A_1	5Z1V_1	110	5.763E-01	2.774E-01	5.697E-01	1.104E+01
8C8A_1	5JHJ_1	118	3.462E-01	2.359E-01	3.236E-01	9.041E+00
8C8A_1	7ZJY_1	66	5.622E-01	2.509E-01	5.280E-01	4.168E+00
8C8A_1	8R7A_2	96	4.577E-01	3.022E-01	3.181E-01	1.389E+01
8C8A_1	2N37_1	67	5.165E-01	2.705E-01	4.928E-01	3.774E+00
8C8A_1	6Q76_2	69	4.450E-01	2.403E-01	4.187E-01	4.384E+00
8C8A_1	2MYW_1	120	3.452E-01	2.265E-01	3.164E-01	1.078E+01
8C8A_1	7A8X_2	94	3.163E-01	1.710E-01	2.629E-01	1.406E+01
8C8A_1	2MM0_1	46	5.252E-01	1.933E-01	3.942E-01	4.925E+00
8C8A_1	7NMM_2	32	5.689E-01	1.671E-01	2.540E-01	2.591E+00
8C8A_1	2LW6_1	78	2.163E-01	9.735E-02	1.770E-01	1.617E+01
8C8A_1	7NLJ_2	32	4.861E-01	1.610E-01	2.449E-01	2.912E+00
8C8A_1	1FN8_1	46	4.106E-01	1.682E-01	1.241E-01	4.576E+00
8C8A_1	1ZLD_1	53	3.871E-01	1.482E-01	1.837E-01	1.136E+01
8C8A_1	1ZLE_1	53	3.871E-01	1.482E-01	1.837E-01	1.136E+01
8C8A_1	9FYC_2	124	2.155E-01	1.471E-01	1.700E-01	1.377E+01
8C8A_1	7ZKD_1	16	3.934E-01	9.191E-02	1.418E-01	1.974E+00
8C8A_1	8OXK_1	57	3.643E-01	1.368E-01	1.984E-01	6.996E+00
8C8A_1	7MQQ_1	61	3.333E-01	1.219E-01	1.603E-01	1.192E+01
8C8A_1	8OXJ_1	64	2.952E-01	1.442E-01	1.988E-01	1.135E+01
8C8A_1	5XMZ_1	102	2.111E-01	1.079E-01	1.079E-01	1.440E+01
8C8A_1	2MM2_1	55	3.276E-01	1.539E-01	2.730E-01	7.004E+00
8C8A_1	6FMB_1	46	2.639E-01	9.802E-02	1.398E-01	9.812E+00
8C8A_1	8V1J_1	30	5.770E-01	1.053E-01	1.339E-01	7.494E+00
8C8A_1	6ZUS_1	35	5.359E-01	1.590E-01	1.702E-01	4.632E+00
8C8A_1	4GVB_1	26	2.477E-01	7.741E-02	1.250E-01	6.711E+00
8C8A_1	8DP8_1	45	2.766E-01	7.882E-02	8.189E-02	1.125E+01
8C8A_1	8DP9_1	85	2.440E-01	1.177E-01	1.226E-01	1.323E+01
8C8A_1	4Z4A_1	93	1.413E-01	9.167E-02	1.041E-01	1.556E+01
8C8A_1	5OD4_1	102	1.538E-01	7.972E-02	9.249E-02	1.429E+01
8C8A_1	2OPC_1	11	3.283E-01	5.116E-02	5.913E-02	3.870E+00
6R5J_1	6R5J_1	68	1.015E+00	1.000E+00	1.000E+00	3.800E-03
6R5J_1	5Z1V_1	56	7.649E-01	6.004E-01	6.309E-01	2.112E+00
6R5J_1	8C8A_1	64	7.857E-01	7.082E-01	3.421E-01	2.178E+00
6R5J_1	5A6W_2	65	7.237E-01	6.468E-01	5.003E-01	2.673E+00
6R5J_1	6FU9_2	65	7.237E-01	6.468E-01	5.003E-01	2.673E+00
6R5J_1	6G10_2	65	7.237E-01	6.468E-01	5.003E-01	2.673E+00
6R5J_1	6FUD_2	65	7.261E-01	6.486E-01	5.011E-01	2.660E+00
6R5J_1	7B1I_2	61	7.389E-01	6.353E-01	4.845E-01	2.602E+00
6R5J_1	6FUB_1	65	7.233E-01	6.461E-01	4.989E-01	2.708E+00
6R5J_1	6G11_1	65	7.233E-01	6.461E-01	4.989E-01	2.708E+00
6R5J_1	2N37_1	67	5.618E-01	5.155E-01	5.252E-01	3.248E+00
6R5J_1	7ZK0_1	65	6.263E-01	5.727E-01	4.668E-01	3.204E+00
6R5J_1	5JHJ_1	67	5.394E-01	4.959E-01	3.907E-01	3.481E+00
6R5J_1	6Q76_2	67	5.677E-01	5.198E-01	5.198E-01	3.285E+00
6R5J_1	8R7A_2	66	5.490E-01	4.783E-01	2.604E-01	4.208E+00
6R5J_1	7ZJY_1	63	5.539E-01	4.681E-01	5.124E-01	3.988E+00
6R5J_1	2MM0_1	63	5.057E-01	4.748E-01	4.918E-01	4.281E+00
6R5J_1	2MM2_1	55	4.279E-01	2.868E-01	2.992E-01	1.142E+01
6R5J_1	7A8X_2	36	5.094E-01	3.161E-01	2.477E-01	3.646E+00
6R5J_1	7MQQ_1	14	8.783E-01	2.026E-01	1.216E-01	4.693E-01
6R5J_1	5XMZ_1	62	3.036E-01	2.159E-01	1.121E-01	9.517E+00
6R5J_1	6SGO_1	69	2.933E-01	2.661E-01	1.413E-01	1.376E+01
6R5J_1	1FN8_1	59	5.006E-01	3.500E-01	1.275E-01	8.475E+00
6R5J_1	8V1J_1	23	3.933E-01	1.950E-01	1.212E-01	5.363E+00
6R5J_1	8EBB_1	41	4.237E-01	2.646E-01	1.140E-01	1.142E+01
6R5J_1	5FID_1	57	3.399E-01	2.265E-01	1.305E-01	1.247E+01
6R5J_1	7NLJ_2	34	3.722E-01	1.583E-01	1.195E-01	9.303E+00
6R5J_1	8ACX_1	27	3.290E-01	2.038E-01	1.146E-01	5.227E+00
6R5J_1	7NMM_2	54	2.983E-01	1.774E-01	1.367E-01	1.067E+01
6R5J_1	4GVB_2	16	5.335E-01	1.806E-01	1.542E-01	1.534E+00
6R5J_1	8OXL_1	34	5.222E-01	3.071E-01	2.398E-01	4.087E+00
6R5J_1	9FYC_2	29	3.880E-01	1.918E-01	1.271E-01	5.032E+00
6R5J_1	8DP8_1	103	2.291E-01	2.143E-01	1.304E-01	1.474E+01
6R5J_1	8DP9_1	103	2.279E-01	2.135E-01	1.303E-01	1.470E+01
6R5J_1	2QVT_1	35	2.637E-01	1.518E-01	8.445E-02	8.000E+00
7XDS_1	7XDS_1	575	1.002E+00	1.000E+00	1.000E+00	0.000E+00
7XDS_1	7XE0_2	575	1.002E+00	1.000E+00	1.000E+00	0.000E+00
7XDS_1	7XC2_2	433	5.000E-01	4.010E-01	4.989E-01	1.108E+01
7XDS_1	7XVG_2	433	3.596E-01	2.843E-01	3.531E-01	2.272E+01
7XDS_1	31EE_1	243	1.849E-01	8.397E-02	1.431E-01	1.681E+01
7XDS_1	5FNO_1	321	1.824E-01	1.092E-01	1.056E-01	2.165E+01
7XDS_1	5LOS_1	120	2.538E-01	6.636E-02	2.297E-01	1.873E+01
7XDS_1	8EB9_1	104	2.897E-01	7.519E-02	2.758E-01	1.118E+01
7XDS_1	4BJM_1	244	1.919E-01	9.020E-02	1.795E-01	2.183E+01
7XDS_1	4BJN_1	298	2.210E-01	1.140E-01	2.013E-01	1.819E+01
7XDS_1	5ZNG_2	84	1.766E-01	4.506E-02	1.625E-01	1.477E+01
7XDS_1	8OXH_1	59	2.831E-01	3.834E-02	1.548E-01	7.658E+00
2MYW_1	2MYW_1	97	1.010E+00	1.000E+00	1.000E+00	3.874E-03
2MYW_1	5JHJ_1	97	6.130E-01	6.078E-01	6.078E-01	5.911E+00
2MYW_1	2N37_1	66	7.005E-01	5.048E-01	6.920E-01	3.277E+00
2MYW_1	6Q76_2	68	7.051E-01	5.212E-01	6.968E-01	3.413E+00
2MYW_1	7ZK0_1	66	6.438E-01	4.510E-01	4.822E-01	3.437E+00
2MYW_1	2MM0_1	58	5.154E-01	3.248E-01	4.436E-01	5.704E+00
2MYW_1	5Z1V_1	64	5.931E-01	3.321E-01	4.698E-01	9.693E+00
2MYW_1	6FUB_1	60	5.732E-01	3.482E-01	3.601E-01	4.430E+00
2MYW_1	6G11_1	60	5.732E-01	3.482E-01	3.601E-01	4.430E+00
2MYW_1	5A6W_2	60	5.734E-01	3.482E-01	3.599E-01	4.417E+00
2MYW_1	6FU9_2	60	5.734E-01	3.482E-01	3.599E-01	4.417E+00
2MYW_1	6G10_2	60	5.734E-01	3.482E-01	3.599E-01	4.417E+00
2MYW_1	7B1I_2	23	6.747E-01	2.007E-01	2.066E-01	1.866E+00
2MYW_1	6FUD_2	40	6.155E-01	2.863E-01	2.966E-01	2.524E+00
2MYW_1	7ZJY_1	71	3.799E-01	2.881E-01	3.707E-01	5.198E+00
2MYW_1	7A8X_2	39	6.051E-01	2.736E-01	2.833E-01	2.923E+00
2MYW_1	8C8A_1	117	3.271E-01	3.019E-01	2.212E-01	1.118E+01
2MYW_1	2QVT_1	69	2.936E-01	1.620E-01	1.079E-01	1.598E+01
2MYW_1	1KPT_1	18	3.028E-01	1.141E-01	1.080E-01	3.951E+00
2MYW_1	7NLJ_2	36	4.110E-01	1.946E-01	1.989E-01	4.473E+00
2MYW_1	8V1J_1	64	3.291E-01	2.025E-01	1.716E-01	1.042E+01
2MYW_1	5OD4_1	58	2.820E-01	1.550E-01	1.222E-01	1.037E+01
2MYW_1	7NMM_2	44	3.721E-01	1.506E-01	1.533E-01	9.361E+00
2MYW_1	2OPC_1	86	2.261E-01	1.776E-01	1.437E-01	1.191E+01
2MYW_1	5XMZ_1	21	3.936E-01	1.437E-01	9.819E-02	2.936E+00
2MYW_1	6BN0_1	25	3.327E-01	1.323E-01	1.568E-01	6.238E+00
2MYW_1	8OXL_1	28	2.798E-01	1.201E-01	1.247E-01	4.781E+00
2MYW_1	8R7A_2	52	3.265E-01	1.894E-01	1.372E-01	9.444E+00
2MYW_1	5FNO_1	38	1.954E-01	8.087E-02	2.548E-02	1.329E+01
5JHJ_1	5JHJ_1	97	1.010E+00	1.000E+00	1.000E+00	5.940E-03
5JHJ_1	2N37_1	66	9.049E-01	6.241E-01	8.923E-01	1.757E+00
5JHJ_1	6Q76_2	68	8.661E-01	6.162E-01	8.546E-01	2.467E+00
5JHJ_1	2MYW_1	97	6.130E-01	6.078E-01	6.078E-01	5.911E+00
5JHJ_1	7ZK0_1	65	6.051E-01	4.199E-01	4.481E-01	3.329E+00
5JHJ_1	6R5J_1	67	5.394E-01	3.907E-01	4.959E-01	3.481E+00
5JHJ_1	5A6W_2	67	5.848E-01	3.976E-01	4.106E-01	3.205E+00
5JHJ_1	6FU9_2	67	5.848E-01	3.976E-01	4.106E-01	3.205E+00
5JHJ_1	6G10_2	67	5.848E-01	3.976E-01	4.106E-01	3.205E+00
5JHJ_1	6FUB_1	67	5.783E-01	3.939E-01	4.066E-01	3.257E+00
5JHJ_1	6G11_1	67	5.783E-01	3.939E-01	4.066E-01	3.257E+00
5JHJ_1	6FUD_2	78	5.297E-01	4.095E-01	4.207E-01	4.559E+00
5JHJ_1	7ZJY_1	69	4.634E-01	3.435E-01	4.594E-01	5.280E+00
5JHJ_1	7B1I_2	78	5.469E-01	4.141E-01	4.244E-01	4.635E+00
5JHJ_1	5Z1V_1	52	4.039E-01	2.341E-01	3.192E-01	8.663E+00
5JHJ_1	8C8A_1	118	3.222E-01	3.010E-01	2.216E-01	9.196E+00
5JHJ_1	8R7A_2	88	4.261E-01	3.669E-01	2.712E-01	1.288E+01
5JHJ_1	2MM0_1	51	4.190E-01	2.615E-01	3.459E-01	5.085E+00
5JHJ_1	5XMZ_1	91	1.991E-01	1.582E-01	1.129E-01	1.797E+01
5JHJ_1	2QVT_1	17	7.544E-01	1.620E-01	1.065E-01	1.710E+00
5JHJ_1	1ZLD_1	57	2.861E-01	1.484E-01	1.280E-01	1.216E+01
5JHJ_1	1ZLE_1	57	2.861E-01	1.484E-01	1.280E-01	1.216E+01
5JHJ_1	2MM2_1	66	2.520E-01	1.836E-01	2.299E-01	8.317E+00
5JHJ_1	5FID_1	67	2.304E-01	1.544E-01	1.231E-01	8.194E+00
5JHJ_1	2OPC_1	53	4.204E-01	1.408E-01	1.081E-01	1.138E+01
5JHJ_1	5OD4_1	42	3.146E-01	1.680E-01	1.356E-01	1.153E+01
1ZLD_1	1ZLD_1	118	1.009E+00	1.000E+00	1.000E+00	0.000E+00
1ZLD_1	1ZLE_1	118	1.009E+00	1.000E+00	1.000E+00	0.000E+00
1ZLD_1	5FID_1	60	6.101E-01	3.338E-01	2.945E-01	3.414E+00
1ZLD_1	7NMM_2	20	4.911E-01	1.480E-01	1.807E-01	1.495E+00
1ZLD_1	5OD4_1	129	3.932E-01	3.436E-01	3.235E-01	1.064E+01
1ZLD_1	7NLJ_2	21	4.228E-01	1.503E-01	1.862E-01	1.869E+00
1ZLD_1	6SGO_1	93	2.426E-01	1.427E-01	1.142E-01	1.475E+01
1ZLD_1	2N37_1	65	2.936E-01	1.655E-01	2.380E-01	8.864E+00
1ZLD_1	6BN0_1	86	2.845E-01	1.885E-01	2.548E-01	1.304E+01
1ZLD_1	2MYW_1	50	3.452E-01	1.385E-01	1.647E-01	1.178E+01
1ZLD_1	6FMB_1	55	2.521E-01	1.314E-01	1.508E-01	9.869E+00
1ZLD_1	8C8A_1	53	3.871E-01	1.837E-01	1.482E-01	1.136E+01
1ZLD_1	6Q76_2	69	2.744E-01	1.666E-01	2.274E-01	9.450E+00
1ZLD_1	8OXL_1	27	5.673E-01	1.433E-01	1.797E-01	3.623E+00
1ZLD_1	5JHJ_1	58	2.813E-01	1.280E-01	1.484E-01	1.213E+01
1ZLD_1	8OXI_1	46	2.101E-01	9.826E-02	1.077E-01	9.175E+00
1ZLD_1	2MM0_1	43	5.307E-01	2.096E-01	3.519E-01	8.481E+00
1ZLD_1	4Z4A_1	22	4.442E-01	1.471E-01	1.439E-01	2.505E+00
1ZLD_1	6FUB_1	65	3.089E-01	1.663E-01	1.995E-01	1.187E+01
1ZLD_1	6FUD_2	51	3.381E-01	1.393E-01	1.704E-01	1.239E+01
1ZLD_1	6G11_1	65	3.089E-01	1.663E-01	1.995E-01	1.187E+01
5OD4_1	5OD4_1	128	1.008E+00	1.000E+00	1.000E+00	0.000E+00
5OD4_1	7T6A_1	84	4.322E-01	2.317E-01	1.717E-01	7.455E+00
5OD4_1	5FID_1	61	4.174E-01	2.267E-01	2.163E-01	4.678E+00
5OD4_1	1ZLD_1	92	4.899E-01	3.166E-01	3.360E-01	5.701E+00
5OD4_1	1ZLE_1	92	4.899E-01	3.166E-01	3.360E-01	5.701E+00
5OD4_1	8OXL_1	33	3.554E-01	1.335E-01	1.643E-01	4.925E+00
5OD4_1	2N37_1	63	4.098E-01	1.834E-01	3.143E-01	8.203E+00
5OD4_1	5Z1V_1	62	3.139E-01	1.247E-01	2.192E-01	7.267E+00
5OD4_1	5XMZ_1	87	2.621E-01	1.591E-01	1.353E-01	1.230E+01
5OD4_1	2MYW_1	62	2.617E-01	1.222E-01	1.523E-01	1.092E+01
5OD4_1	7MQQ_1	34	3.480E-01	1.191E-01	1.300E-01	7.494E+00
5OD4_1	8R7A_2	29	3.861E-01	1.272E-01	1.146E-01	4.135E+00
5OD4_1	7ZJY_1	66	2.480E-01	9.407E-02	1.759E-01	9.464E+00
5OD4_1	6Q76_2	63	2.999E-01	1.063E-01	1.808E-01	1.123E+01
5OD4_1	2LW6_1	25	2.962E-01	1.168E-01	1.653E-01	3.587E+00
5OD4_1	7NLJ_2	28	4.632E-01	1.579E-01	2.058E-01	3.083E+00
5OD4_1	9FYC_2	59	3.076E-01	1.555E-01	1.612E-01	9.980E+00
5OD4_1	6BN0_1	31	3.608E-01	1.232E-01	1.794E-01	6.253E+00
5OD4_1	7NMM_2	28	5.343E-01	1.645E-01	2.123E-01	2.836E+00
5OD4_1	6FMB_1	85	2.019E-01	1.364E-01	1.610E-01	7.776E+00
5OD4_1	8ACX_1	141	1.992E-01	1.629E-01	1.514E-01	8.256E+00
5OD4_1	7ZK0_1	61	4.203E-01	1.447E-01	2.002E-01	1.112E+01
5OD4_1	7B1I_2	64	2.656E-01	1.319E-01	1.671E-01	1.271E+01
5OD4_1	5JHJ_1	42	3.146E-01	1.356E-01	1.680E-01	1.153E+01
5OD4_1	8EBB_1	44	4.104E-01	1.478E-01	1.156E-01	1.201E+01
5OD4_1	2MM2_1	21	3.842E-01	8.665E-02	1.484E-01	3.558E+00
5OD4_1	8OXJ_1	26	3.684E-01	1.263E-01	1.522E-01	4.331E+00
5OD4_1	6ZUS_1	20	3.475E-01	1.081E-01	9.825E-02	4.202E+00
5OD4_1	8C8A_1	69	2.305E-01	1.087E-01	9.414E-02	1.175E+01
5OD4_1	6SGO_1	78	2.314E-01	1.468E-01	1.281E-01	1.334E+01
5OD4_1	8DP8_1	111	1.790E-01	1.404E-01	1.298E-01	1.135E+01
5OD4_1	8DP9_1	111	1.791E-01	1.418E-01	1.320E-01	1.132E+01
6FMB_1	6FMB_1	98	1.010E+00	1.000E+00	1.000E+00	0.000E+00
6FMB_1	8OXI_1	97	9.349E-01	9.168E-01	8.664E-01	1.589E+00
6FMB_1	8OXK_1	100	6.559E-01	6.108E-01	6.056E-01	4.974E+00
6FMB_1	9FYC_2	104	5.526E-01	5.456E-01	4.621E-01	5.141E+00
6FMB_1	8OXJ_1	106	3.620E-01	3.319E-01	3.319E-01	1.142E+01
6FMB_1	5XMZ_1	56	3.704E-01	2.019E-01	1.415E-01	6.532E+00
6FMB_1	8OXL_1	102	2.771E-01	2.298E-01	2.410E-01	1.152E+01
6FMB_1	1ZLD_1	56	2.438E-01	1.521E-01	1.315E-01	9.911E+00
6FMB_1	1ZLE_1	56	2.438E-01	1.521E-01	1.315E-01	9.911E+00
6FMB_1	5Z1V_1	48	3.882E-01	1.940E-01	2.607E-01	4.792E+00
6FMB_1	5OD4_1	91	2.498E-01	2.011E-01	1.686E-01	8.269E+00
6FMB_1	8C8A_1	43	3.458E-01	2.011E-01	1.415E-01	8.705E+00
6FMB_1	7NLJ_2	29	2.414E-01	1.085E-01	1.127E-01	7.858E+00
6FMB_1	1KPT_1	100	1.633E-01	1.431E-01	1.373E-01	1.255E+01
6FMB_1	8ACX_1	78	2.058E-01	1.166E-01	8.573E-02	1.339E+01
6FMB_1	1FN8_1	66	1.400E-01	1.064E-01	7.004E-02	1.030E+01
6FMB_1	4GVB_1	21	3.927E-01	1.264E-01	1.493E-01	3.442E+00
6FMB_1	2MYV_1	35	3.339E-01	1.514E-01	1.514E-01	6.661E+00
6FMB_1	6WES_1	30	2.377E-01	1.363E-01	9.864E-02	5.827E+00
6FMB_1	7NMM_2	28	1.929E-01	9.214E-02	9.419E-02	7.940E+00
6FMB_1	7MQQ_1	73	1.539E-01	1.116E-01	1.095E-01	1.053E+01
6FMB_1	8EBB_1	76	1.877E-01	1.274E-01	8.262E-02	1.148E+01
6FMB_1	5FNO_1	28	4.393E-01	1.447E-01	3.123E-02	4.761E+00
6FMB_1	5A6W_2	27	2.435E-01	1.106E-01	1.156E-01	5.532E+00
6FMB_1	6FU9_2	27	2.435E-01	1.106E-01	1.156E-01	5.532E+00
6FMB_1	6FUB_1	27	2.437E-01	1.105E-01	1.155E-01	5.544E+00
6FMB_1	6FUD_2	27	2.420E-01	1.105E-01	1.155E-01	5.531E+00
6FMB_1	6G10_2	27	2.435E-01	1.106E-01	1.156E-01	5.532E+00
6FMB_1	6G11_1	27	2.437E-01	1.105E-01	1.155E-01	5.544E+00
6FMB_1	7B1I_2	49	2.332E-01	1.531E-01	1.575E-01	1.058E+01
6FMB_1	8V1J_1	19	2.802E-01	1.137E-01	9.794E-02	3.539E+00
5VJJ_1	5VJJ_1	91	1.011E+00	1.000E+00	1.000E+00	9.080E-03
5VJJ_1	2OPC_1	22	3.079E-01	1.234E-01	9.852E-02	4.818E+00
6FU9_2	5A6W_2	93	1.011E+00	1.000E+00	1.000E+00	6.697E-03
6FU9_2	6FU9_2	93	1.011E+00	1.000E+00	1.000E+00	6.697E-03
6FU9_2	6G10_2	93	1.011E+00	1.000E+00	1.000E+00	6.697E-03
6FU9_2	6FUB_1	93	1.000E+00	9.894E-01	9.894E-01	4.462E-01
6FU9_2	6G11_1	93	1.000E+00	9.894E-01	9.894E-01	4.462E-01
6FU9_2	6FUD_2	93	9.908E-01	9.802E-01	9.802E-01	7.914E-01
6FU9_2	7B1I_2	92	9.723E-01	9.521E-01	9.423E-01	9.108E-01
6FU9_2	7A8X_2	99	3.959E-01	3.923E-01	3.923E-01	1.321E+01
6FU9_2	6R5J_1	65	7.237E-01	5.003E-01	6.468E-01	2.673E+00
6FU9_2	5Z1V_1	51	7.783E-01	4.599E-01	6.313E-01	1.900E+00
6FU9_2	7ZK0_1	80	5.966E-01	4.901E-01	5.083E-01	6.010E+00
6FU9_2	8C8A_1	76	6.075E-01	4.740E-01	3.095E-01	4.702E+00
6FU9_2	2N37_1	67	5.885E-01	4.102E-01	5.274E-01	3.284E+00
6FU9_2	5JHJ_1	78	5.280E-01	4.204E-01	4.073E-01	4.589E+00
6FU9_2	8R7A_2	69	6.209E-01	4.434E-01	3.076E-01	3.728E+00
6FU9_2	6Q76_2	75	5.167E-01	3.746E-01	4.725E-01	5.020E+00
6FU9_2	7ZJY_1	63	5.173E-01	3.657E-01	5.050E-01	4.947E+00
6FU9_2	2MYW_1	71	5.097E-01	3.721E-01	3.614E-01	4.954E+00
6FU9_2	2MM0_1	32	6.013E-01	2.705E-01	3.676E-01	2.312E+00
6FU9_2	8V1J_1	42	4.570E-01	2.157E-01	1.761E-01	5.810E+00
6FU9_2	7NMM_2	121	2.211E-01	2.191E-01	2.153E-01	1.054E+01
6FU9_2	1FN8_1	86	3.383E-01	2.530E-01	1.337E-01	9.388E+00
6FU9_2	8OXL_1	35	3.461E-01	1.563E-01	1.578E-01	5.578E+00
6FU9_2	7T6A_1	74	2.604E-01	1.831E-01	1.002E-01	1.441E+01
6FU9_2	7NLJ_2	102	2.237E-01	1.981E-01	1.981E-01	1.091E+01
6FU9_2	5XMZ_1	82	1.566E-01	1.140E-01	7.996E-02	1.445E+01
6FU9_2	8EB9_1	28	4.359E-01	1.773E-01	1.743E-01	4.076E+00
6FU9_2	9FYC_2	103	2.312E-01	2.145E-01	1.763E-01	1.278E+01
6FU9_2	5FID_1	117	2.723E-01	1.928E-01	1.429E-01	1.427E+01
6FU9_2	2LW6_1	28	4.453E-01	1.773E-01	1.991E-01	3.813E+00
6FU9_2	1KPT_1	27	2.740E-01	1.308E-01	1.188E-01	6.880E+00
6FU9_2	6BN0_1	24	2.644E-01	1.040E-01	1.188E-01	6.744E+00
6FU9_2	8DP8_1	89	1.468E-01	1.248E-01	9.101E-02	1.453E+01
6FU9_2	8DP9_1	89	1.492E-01	1.268E-01	9.138E-02	1.453E+01
6FU9_2	6SGO_1	73	1.885E-01	1.370E-01	9.268E-02	1.486E+01
6FU9_2	4GVB_2	21	4.242E-01	1.285E-01	1.455E-01	3.618E+00
6FU9_2	8OXK_1	107	1.827E-01	1.613E-01	1.535E-01	1.361E+01
7AD5_1	7AD5_1	125	1.008E+00	1.000E+00	1.000E+00	7.296E-03
7AD5_1	2OPC_1	19	4.578E-01	1.293E-01	1.274E-01	2.696E+00
7AD5_1	1KG1_1	14	2.550E-01	5.850E-02	9.297E-02	6.189E+00
7ZK0_1	7ZK0_1	89	1.011E+00	1.000E+00	1.000E+00	0.000E+00
7ZK0_1	2N37_1	66	6.153E-01	4.447E-01	5.601E-01	3.849E+00
7ZK0_1	5JHJ_1	77	5.433E-01	4.569E-01	4.284E-01	7.388E+00
7ZK0_1	6Q76_2	72	5.860E-01	4.379E-01	5.451E-01	4.630E+00
7ZK0_1	5A6W_2	81	5.802E-01	4.952E-01	4.777E-01	6.059E+00
7ZK0_1	6FU9_2	81	5.802E-01	4.952E-01	4.777E-01	6.059E+00
7ZK0_1	6G10_2	81	5.802E-01	4.952E-01	4.777E-01	6.059E+00
7ZK0_1	6FUD_2	81	5.810E-01	4.958E-01	4.782E-01	6.082E+00
7ZK0_1	6FUB_1	81	5.783E-01	4.938E-01	4.764E-01	5.934E+00
7ZK0_1	6G11_1	81	5.783E-01	4.938E-01	4.764E-01	5.934E+00
7ZK0_1	6R5J_1	65	6.226E-01	4.655E-01	5.700E-01	3.303E+00
7ZK0_1	7B1I_2	82	5.709E-01	4.911E-01	4.702E-01	5.870E+00
7ZK0_1	7ZJY_1	71	5.202E-01	3.917E-01	5.146E-01	5.020E+00
7ZK0_1	8C8A_1	92	5.972E-01	5.165E-01	3.256E-01	8.081E+00
7ZK0_1	5Z1V_1	70	5.793E-01	4.393E-01	5.656E-01	4.633E+00
7ZK0_1	2MYW_1	66	6.438E-01	4.822E-01	4.510E-01	3.437E+00
7ZK0_1	8R7A_2	66	5.861E-01	4.374E-01	2.954E-01	3.928E+00
7ZK0_1	2QVT_1	14	8.808E-01	1.553E-01	9.258E-02	4.846E-01
7ZK0_1	7MQQ_1	67	2.228E-01	1.360E-01	1.146E-01	1.335E+01
7ZK0_1	2MM0_1	19	5.104E-01	1.666E-01	2.217E-01	2.688E+00
7ZK0_1	2OPC_1	16	7.660E-01	1.722E-01	1.220E-01	9.277E-01
7ZK0_1	8OXL_1	39	2.156E-01	1.047E-01	1.021E-01	1.038E+01
7ZK0_1	7A8X_2	31	5.164E-01	2.120E-01	2.043E-01	3.196E+00
7ZK0_1	7ZKD_1	22	4.027E-01	1.632E-01	1.549E-01	4.323E+00
7ZK0_1	5OD4_1	61	4.203E-01	2.002E-01	1.447E-01	1.106E+01
7ZK0_1	6BN0_1	28	2.472E-01	1.112E-01	1.222E-01	9.626E+00
7ZK0_1	5XMZ_1	71	2.495E-01	1.816E-01	1.245E-01	1.360E+01
7ZK0_1	4FPQ_1	17	3.833E-01	6.110E-02	4.268E-02	1.077E+01
7ZK0_1	4FPR_1	17	3.833E-01	6.110E-02	4.268E-02	1.077E+01
8EB9_1	8EB9_1	95	1.011E+00	1.000E+00	1.000E+00	0.000E+00
8EB9_1	6FUD_2	28	4.480E-01	1.772E-01	1.803E-01	4.086E+00
8EB9_1	7XC2_2	102	2.707E-01	2.433E-01	8.432E-02	1.263E+01
8EB9_1	4BJN_1	77	3.246E-01	2.484E-01	1.317E-01	9.343E+00
8EB9_1	5LOS_1	42	3.442E-01	1.717E-01	1.470E-01	5.599E+00
8EB9_1	4BJM_1	58	2.745E-01	2.010E-01	1.035E-01	9.727E+00
5ZNG_2	5ZNG_2	77	1.013E+00	1.000E+00	1.000E+00	0.000E+00
5ZNG_2	7XC2_2	80	2.175E-01	1.937E-01	5.967E-02	1.351E+01
4FPR_1	4FPQ_1	131	1.008E+00	1.000E+00	1.000E+00	4.909E-03
4FPR_1	4FPR_1	131	1.008E+00	1.000E+00	1.000E+00	4.909E-03
4FPR_1	8DP8_1	75	1.708E-01	1.153E-01	1.077E-01	1.076E+01
4FPR_1	6SGO_1	140	2.225E-01	1.829E-01	1.590E-01	1.494E+01
4FPR_1	8DP9_1	75	1.701E-01	1.150E-01	1.073E-01	1.074E+01
4FPR_1	6QPK_1	80	2.340E-01	1.447E-01	2.119E-01	1.402E+01
4FPR_1	8OXK_1	44	3.875E-01	1.628E-01	2.064E-01	7.828E+00
4FPR_1	1FN8_1	31	4.823E-01	1.355E-01	8.364E-02	5.740E+00
4FPR_1	6BN0_1	19	2.734E-01	8.980E-02	1.280E-01	4.834E+00
4FPR_1	7A8X_2	88	2.910E-01	1.458E-01	1.939E-01	1.459E+01
4FPR_1	7NMM_2	74	2.491E-01	1.283E-01	1.612E-01	1.255E+01
4FPR_1	6ZUS_1	83	2.101E-01	1.200E-01	1.140E-01	1.333E+01
4FPR_1	5XMZ_1	48	2.897E-01	1.258E-01	1.102E-01	7.660E+00
4FPR_1	2N37_1	17	2.807E-01	7.035E-02	1.133E-01	4.628E+00
4FPR_1	8V1J_1	53	1.729E-01	6.848E-02	7.383E-02	1.170E+01
4FPR_1	7T6A_1	98	2.342E-01	1.472E-01	1.120E-01	1.654E+01
5LOS_1	5LOS_1	118	1.009E+00	1.000E+00	1.000E+00	1.194E-02
5LOS_1	4BJN_1	99	3.399E-01	2.598E-01	1.538E-01	1.517E+01
5LOS_1	4BJM_1	95	4.151E-01	2.842E-01	1.549E-01	1.344E+01
5LOS_1	7XDS_1	76	3.187E-01	2.105E-01	5.697E-02	1.496E+01
5LOS_1	7XE0_2	76	3.187E-01	2.105E-01	5.697E-02	1.496E+01
5LOS_1	7XVG_2	113	2.201E-01	1.735E-01	6.242E-02	1.682E+01
5LOS_1	8EB9_1	92	2.420E-01	1.542E-01	1.857E-01	1.115E+01
4BJM_1	4BJM_1	238	1.004E+00	1.000E+00	1.000E+00	1.336E-02
4BJM_1	4BJN_1	244	4.664E-01	4.646E-01	4.541E-01	1.313E+01
4BJM_1	5LOS_1	80	3.349E-01	1.303E-01	2.132E-01	1.181E+01
7A8X_2	7A8X_2	93	1.011E+00	1.000E+00	1.000E+00	6.585E-03
7A8X_2	7B1I_2	98	4.155E-01	4.078E-01	4.041E-01	1.341E+01
7A8X_2	6FUB_1	99	3.951E-01	3.915E-01	3.915E-01	1.338E+01
7A8X_2	6G11_1	99	3.951E-01	3.915E-01	3.915E-01	1.338E+01
7A8X_2	5A6W_2	99	3.959E-01	3.923E-01	3.923E-01	1.321E+01
7A8X_2	6FU9_2	99	3.959E-01	3.923E-01	3.923E-01	1.321E+01
7A8X_2	6G10_2	99	3.959E-01	3.923E-01	3.923E-01	1.321E+01
7A8X_2	6FUD_2	99	3.938E-01	3.902E-01	3.902E-01	1.324E+01
7A8X_2	7NMM_2	94	2.410E-01	2.394E-01	2.361E-01	1.136E+01
7A8X_2	7NLJ_2	85	2.364E-01	2.187E-01	2.187E-01	1.133E+01
7A8X_2	2N37_1	34	6.070E-01	2.489E-01	3.309E-01	2.819E+00
7A8X_2	5Z1V_1	30	5.117E-01	2.109E-01	2.856E-01	3.410E+00
7A8X_2	6R5J_1	36	5.094E-01	2.477E-01	3.161E-01	3.646E+00
7A8X_2	2MYW_1	39	6.051E-01	2.833E-01	2.736E-01	2.923E+00
7A8X_2	2MM0_1	26	6.639E-01	2.369E-01	3.281E-01	1.679E+00
7A8X_2	8C8A_1	102	2.786E-01	2.140E-01	1.399E-01	1.493E+01
7A8X_2	8V1J_1	47	4.493E-01	2.156E-01	1.732E-01	8.056E+00
7A8X_2	6Q76_2	39	3.526E-01	1.877E-01	2.304E-01	4.377E+00
7A8X_2	8OXL_1	43	3.347E-01	1.823E-01	1.839E-01	8.303E+00
7A8X_2	5JHJ_1	41	3.358E-01	1.442E-01	1.396E-01	7.543E+00
7A8X_2	9FYC_2	73	2.899E-01	2.031E-01	1.679E-01	1.038E+01
7A8X_2	8ACX_1	50	2.734E-01	1.728E-01	1.250E-01	8.183E+00
7A8X_2	6BN0_1	28	4.250E-01	1.715E-01	1.975E-01	6.043E+00
7A8X_2	7ZK0_1	38	3.895E-01	2.109E-01	2.183E-01	5.548E+00
7A8X_2	8EBB_1	45	1.708E-01	9.179E-02	6.554E-02	1.068E+01
7A8X_2	8OXI_1	20	3.184E-01	1.262E-01	1.155E-01	3.839E+00
7A8X_2	8R7A_2	79	3.408E-01	2.370E-01	1.682E-01	1.901E+01
7A8X_2	1KPT_1	24	3.080E-01	1.105E-01	9.861E-02	6.186E+00
7A8X_2	6SGO_1	56	2.204E-01	1.325E-01	8.929E-02	1.493E+01
7A8X_2	6FMB_1	29	2.260E-01	1.224E-01	1.179E-01	5.476E+00
7A8X_2	1ZLD_1	47	2.470E-01	1.450E-01	1.367E-01	6.235E+00
7A8X_2	1ZLE_1	47	2.470E-01	1.450E-01	1.367E-01	6.235E+00
7MQQ_1	7MQQ_1	114	1.009E+00	1.000E+00	1.000E+00	0.000E+00
7MQQ_1	6R5J_1	50	4.394E-01	1.573E-01	2.562E-01	1.009E+01
7MQQ_1	7NMM_2	47	4.624E-01	1.610E-01	1.864E-01	6.750E+00
7MQQ_1	7ZK0_1	67	2.228E-01	1.146E-01	1.360E-01	1.335E+01
7MQQ_1	5Z1V_1	15	6.797E-01	1.172E-01	2.023E-01	1.081E+00
7MQQ_1	7NLJ_2	18	5.071E-01	1.381E-01	1.668E-01	1.390E+00
7MQQ_1	5OD4_1	34	3.480E-01	1.300E-01	1.191E-01	7.494E+00
7MQQ_1	8ACX_1	17	4.087E-01	1.171E-01	9.603E-02	2.669E+00
7MQQ_1	8DP9_1	51	3.794E-01	1.458E-01	1.154E-01	9.636E+00
7MQQ_1	9FYC_2	49	3.302E-01	1.691E-01	1.602E-01	1.015E+01
7MQQ_1	8DP8_1	51	3.799E-01	1.460E-01	1.155E-01	9.623E+00
7MQQ_1	2LW6_1	35	2.864E-01	1.393E-01	1.758E-01	5.464E+00
7MQQ_1	8V1J_1	51	3.639E-01	1.513E-01	1.450E-01	7.007E+00
7MQQ_1	8C8A_1	61	2.913E-01	1.505E-01	1.142E-01	1.342E+01
7MQQ_1	8EBB_1	91	1.670E-01	1.011E-01	7.066E-02	1.626E+01
7MQQ_1	7ZJY_1	7	7.883E-01	6.014E-02	1.121E-01	6.881E-01
7MQQ_1	1KPT_1	14	4.403E-01	8.814E-02	9.433E-02	2.949E+00
7MQQ_1	4Z4A_1	34	3.718E-01	9.896E-02	9.367E-02	7.138E+00
7MQQ_1	6ZUS_1	88	2.150E-01	1.617E-01	1.411E-01	1.306E+01
7MQQ_1	7T69_1	81	2.074E-01	1.385E-01	7.964E-02	1.696E+01
7MQQ_1	2MM2_1	11	5.432E-01	8.271E-02	1.342E-01	2.294E+00
7MQQ_1	8OXK_1	68	1.839E-01	1.166E-01	1.284E-01	1.292E+01
7MQQ_1	8OXI_1	8	5.201E-01	6.194E-02	6.727E-02	1.854E+00
6FUD_2	6FUD_2	93	1.011E+00	1.000E+00	1.000E+00	8.410E-03
6FUD_2	5A6W_2	93	9.908E-01	9.802E-01	9.802E-01	7.914E-01
6FUD_2	6FU9_2	93	9.908E-01	9.802E-01	9.802E-01	7.914E-01
6FUD_2	6G10_2	93	9.908E-01	9.802E-01	9.802E-01	7.914E-01
6FUD_2	6FUB_1	93	9.827E-01	9.724E-01	9.724E-01	8.898E-01
6FUD_2	6G11_1	93	9.827E-01	9.724E-01	9.724E-01	8.898E-01
6FUD_2	7B1I_2	92	9.723E-01	9.521E-01	9.422E-01	9.907E-01
6FUD_2	7A8X_2	99	3.938E-01	3.902E-01	3.902E-01	1.324E+01
6FUD_2	6R5J_1	65	7.261E-01	5.011E-01	6.486E-01	2.660E+00
6FUD_2	5Z1V_1	51	7.790E-01	4.600E-01	6.317E-01	1.896E+00
6FUD_2	7ZK0_1	80	5.974E-01	4.911E-01	5.093E-01	6.033E+00
6FUD_2	8C8A_1	76	6.114E-01	4.774E-01	3.109E-01	4.604E+00
6FUD_2	2N37_1	67	5.879E-01	4.096E-01	5.265E-01	3.286E+00
6FUD_2	8R7A_2	69	6.224E-01	4.441E-01	3.080E-01	3.723E+00
6FUD_2	5JHJ_1	78	5.297E-01	4.207E-01	4.095E-01	4.559E+00
6FUD_2	6Q76_2	75	5.157E-01	3.745E-01	4.729E-01	5.021E+00
6FUD_2	7ZJY_1	58	6.285E-01	4.013E-01	5.714E-01	3.495E+00
6FUD_2	2MYW_1	78	5.566E-01	4.293E-01	4.152E-01	5.436E+00
6FUD_2	2MM0_1	32	5.988E-01	2.702E-01	3.670E-01	2.317E+00
6FUD_2	8V1J_1	42	4.562E-01	2.156E-01	1.760E-01	5.823E+00
6FUD_2	1FN8_1	86	3.327E-01	2.506E-01	1.336E-01	9.396E+00
6FUD_2	8OXL_1	35	3.439E-01	1.560E-01	1.574E-01	5.582E+00
6FUD_2	7T6A_1	69	2.680E-01	1.732E-01	9.693E-02	1.426E+01
6FUD_2	7NMM_2	117	2.297E-01	2.194E-01	2.155E-01	1.039E+01
6FUD_2	8EB9_1	28	4.480E-01	1.803E-01	1.772E-01	4.086E+00
6FUD_2	5XMZ_1	80	1.449E-01	1.123E-01	8.059E-02	1.538E+01
6FUD_2	7NLJ_2	33	2.920E-01	1.805E-01	1.805E-01	4.686E+00
6FUD_2	5FID_1	115	2.795E-01	1.913E-01	1.380E-01	1.409E+01
6FUD_2	2LW6_1	28	4.460E-01	1.773E-01	1.992E-01	3.807E+00
6FUD_2	1KPT_1	27	2.750E-01	1.308E-01	1.188E-01	6.890E+00
6FUD_2	6BN0_1	24	2.637E-01	1.040E-01	1.187E-01	6.747E+00
6FUD_2	6SGO_1	85	1.939E-01	1.566E-01	1.089E-01	1.448E+01
6FUD_2	8OXK_1	111	2.047E-01	1.819E-01	1.716E-01	1.370E+01
6FUD_2	9FYC_2	107	2.100E-01	2.070E-01	1.729E-01	1.289E+01
6FUD_2	8DP8_1	90	1.469E-01	1.249E-01	8.317E-02	1.435E+01
6FUD_2	6FMB_1	27	2.420E-01	1.155E-01	1.105E-01	5.531E+00
6FUD_2	1ZLD_1	65	3.081E-01	1.992E-01	1.661E-01	1.187E+01
6FUD_2	1ZLE_1	65	3.081E-01	1.992E-01	1.661E-01	1.187E+01
6FUD_2	8DP9_1	90	1.476E-01	1.254E-01	8.462E-02	1.435E+01
7ZJY_1	7ZJY_1	60	1.017E+00	1.000E+00	1.000E+00	5.932E-03
7ZJY_1	7ZK0_1	71	5.149E-01	5.093E-01	3.882E-01	5.033E+00
7ZJY_1	5Z1V_1	63	5.599E-01	5.394E-01	5.142E-01	4.199E+00
7ZJY_1	7B1I_2	58	6.504E-01	5.896E-01	4.057E-01	3.505E+00
7ZJY_1	5JHJ_1	69	4.634E-01	4.594E-01	3.435E-01	5.280E+00
7ZJY_1	6R5J_1	63	5.539E-01	5.124E-01	4.681E-01	3.988E+00
7ZJY_1	8C8A_1	70	5.949E-01	5.877E-01	2.760E-01	3.982E+00
7ZJY_1	6FUD_2	58	6.285E-01	5.714E-01	4.013E-01	3.495E+00
7ZJY_1	6FUB_1	64	5.462E-01	5.340E-01	3.883E-01	4.588E+00
7ZJY_1	6G11_1	64	5.462E-01	5.340E-01	3.883E-01	4.588E+00
7ZJY_1	5A6W_2	64	5.487E-01	5.364E-01	3.897E-01	4.605E+00
7ZJY_1	6FU9_2	64	5.487E-01	5.364E-01	3.897E-01	4.605E+00
7ZJY_1	6G10_2	64	5.487E-01	5.364E-01	3.897E-01	4.605E+00
7ZJY_1	2N37_1	69	3.171E-01	3.015E-01	2.858E-01	5.680E+00
7ZJY_1	6Q76_2	73	3.049E-01	2.965E-01	2.838E-01	6.004E+00
7ZJY_1	2MYW_1	71	3.917E-01	3.818E-01	2.955E-01	4.945E+00
7ZJY_1	8R7A_2	65	4.520E-01	4.239E-01	2.310E-01	5.098E+00
7ZJY_1	5FID_1	43	2.739E-01	1.682E-01	8.015E-02	1.032E+01
7ZJY_1	2OPC_1	10	7.601E-01	1.594E-01	7.706E-02	7.403E-01
7ZJY_1	5OD4_1	66	2.480E-01	1.759E-01	9.407E-02	9.464E+00
7ZJY_1	7T6A_1	30	2.960E-01	2.198E-01	9.453E-02	4.937E+00
7ZJY_1	7MQQ_1	18	3.126E-01	2.127E-01	1.250E-01	3.052E+00
7ZJY_1	2MYV_1	13	4.529E-01	1.387E-01	9.467E-02	3.073E+00
7ZJY_1	9FYC_2	25	2.524E-01	1.768E-01	9.660E-02	7.002E+00
7ZJY_1	4B8V_1	16	2.192E-01	1.603E-01	5.445E-02	3.428E+00
7ZJY_1	4B9H_1	16	2.192E-01	1.603E-01	5.445E-02	3.428E+00
6G11_1	6FUB_1	93	1.011E+00	1.000E+00	1.000E+00	1.826E-03
6G11_1	6G11_1	93	1.011E+00	1.000E+00	1.000E+00	1.826E-03
6G11_1	5A6W_2	93	1.000E+00	9.894E-01	9.894E-01	4.462E-01
6G11_1	6FU9_2	93	1.000E+00	9.894E-01	9.894E-01	4.462E-01
6G11_1	6G10_2	93	1.000E+00	9.894E-01	9.894E-01	4.462E-01
6G11_1	6FUD_2	93	9.827E-01	9.724E-01	9.724E-01	8.898E-01
6G11_1	7B1I_2	92	9.855E-01	9.647E-01	9.547E-01	7.355E-01
6G11_1	7A8X_2	99	3.951E-01	3.915E-01	3.915E-01	1.338E+01
6G11_1	6R5J_1	65	7.233E-01	4.989E-01	6.461E-01	2.708E+00
6G11_1	5Z1V_1	51	7.753E-01	4.586E-01	6.292E-01	1.921E+00
6G11_1	7ZK0_1	80	5.942E-01	4.894E-01	5.075E-01	5.874E+00
6G11_1	8C8A_1	76	5.873E-01	4.580E-01	3.027E-01	4.618E+00
6G11_1	2N37_1	67	5.933E-01	4.124E-01	5.310E-01	3.253E+00
6G11_1	8R7A_2	69	6.199E-01	4.421E-01	3.054E-01	3.763E+00
6G11_1	5JHJ_1	78	5.194E-01	4.135E-01	4.008E-01	4.793E+00
6G11_1	6Q76_2	70	5.371E-01	3.931E-01	4.931E-01	3.907E+00
6G11_1	7ZJY_1	63	5.149E-01	3.642E-01	5.028E-01	4.944E+00
6G11_1	2MM0_1	32	6.085E-01	2.718E-01	3.699E-01	2.279E+00
6G11_1	2MYW_1	78	4.874E-01	3.829E-01	3.706E-01	6.158E+00
6G11_1	8V1J_1	42	4.609E-01	2.162E-01	1.766E-01	5.783E+00
6G11_1	7NMM_2	121	2.214E-01	2.194E-01	2.156E-01	1.069E+01
6G11_1	1FN8_1	86	3.334E-01	2.512E-01	1.339E-01	9.398E+00
6G11_1	7T6A_1	74	2.590E-01	1.822E-01	1.017E-01	1.439E+01
6G11_1	8OXL_1	35	3.501E-01	1.570E-01	1.585E-01	5.592E+00
6G11_1	5XMZ_1	82	1.570E-01	1.142E-01	7.977E-02	1.439E+01
6G11_1	7NLJ_2	102	2.244E-01	1.986E-01	1.986E-01	1.105E+01
6G11_1	9FYC_2	103	2.299E-01	2.141E-01	1.754E-01	1.285E+01
6G11_1	2LW6_1	17	5.049E-01	1.473E-01	1.684E-01	2.334E+00
6G11_1	8EB9_1	28	4.362E-01	1.760E-01	1.735E-01	4.162E+00
6G11_1	5FID_1	117	2.725E-01	1.948E-01	1.453E-01	1.445E+01
6G11_1	8DP8_1	89	1.472E-01	1.252E-01	9.116E-02	1.463E+01
6G11_1	8DP9_1	89	1.496E-01	1.270E-01	9.152E-02	1.463E+01
6G11_1	6BN0_1	24	2.653E-01	1.042E-01	1.190E-01	6.747E+00
6G11_1	1KPT_1	27	2.619E-01	1.317E-01	1.188E-01	6.872E+00
6G11_1	6SGO_1	73	1.885E-01	1.370E-01	9.273E-02	1.485E+01
6G11_1	6FMB_1	31	2.576E-01	1.271E-01	1.218E-01	6.691E+00
1KG1_1	1KG1_1	60	1.017E+00	1.000E+00	1.000E+00	8.922E-03
1KG1_1	9FEI_1	15	5.355E-01	1.405E-01	4.251E-02	3.746E+00
1KG1_1	7AD5_1	14	2.550E-01	9.297E-02	5.850E-02	6.189E+00
6QPK_1	6QPK_1	80	1.013E+00	1.000E+00	1.000E+00	2.677E-03
6QPK_1	7AD5_1	48	3.574E-01	2.039E-01	1.427E-01	9.349E+00
6QPK_1	4FPQ_1	66	2.548E-01	1.929E-01	1.267E-01	1.261E+01
6QPK_1	4FPR_1	66	2.548E-01	1.929E-01	1.267E-01	1.261E+01
8OXL_1	8OXL_1	92	1.011E+00	1.000E+00	1.000E+00	5.756E-03
8OXL_1	6SGO_1	48	6.332E-01	2.999E-01	1.830E-01	6.434E+00
8OXL_1	7NLJ_2	31	4.230E-01	2.181E-01	2.164E-01	3.502E+00
8OXL_1	2LW6_1	40	4.662E-01	2.466E-01	2.724E-01	4.306E+00
8OXL_1	8OXK_1	40	5.149E-01	2.369E-01	2.221E-01	5.382E+00
8OXL_1	8V1J_1	73	3.551E-01	2.654E-01	2.128E-01	1.105E+01
8OXL_1	5XMZ_1	71	3.732E-01	2.375E-01	1.551E-01	1.185E+01
8OXL_1	6BN0_1	34	3.580E-01	1.576E-01	1.783E-01	6.511E+00
8OXL_1	5OD4_1	41	3.106E-01	1.663E-01	1.327E-01	9.392E+00
8OXL_1	6FMB_1	85	3.097E-01	2.699E-01	2.575E-01	1.072E+01
8OXL_1	5A6W_2	35	3.461E-01	1.578E-01	1.563E-01	5.578E+00
8OXL_1	6FU9_2	35	3.461E-01	1.578E-01	1.563E-01	5.578E+00
8OXL_1	6FUD_2	35	3.439E-01	1.574E-01	1.560E-01	5.582E+00
8OXL_1	6G10_2	35	3.461E-01	1.578E-01	1.563E-01	5.578E+00
8OXL_1	7A8X_2	43	3.347E-01	1.839E-01	1.823E-01	8.303E+00
8OXL_1	7NMM_2	32	3.729E-01	2.100E-01	2.055E-01	3.912E+00
8OXL_1	6FUB_1	35	3.501E-01	1.585E-01	1.570E-01	5.592E+00
8OXL_1	6G11_1	35	3.501E-01	1.585E-01	1.570E-01	5.592E+00
8OXL_1	1ZLD_1	30	5.344E-01	1.921E-01	1.547E-01	3.396E+00
8OXL_1	1ZLE_1	30	5.344E-01	1.921E-01	1.547E-01	3.396E+00
8OXL_1	4Z4A_1	107	2.027E-01	1.987E-01	1.655E-01	1.547E+01
8OXL_1	5FNO_1	29	2.955E-01	1.937E-01	4.104E-02	3.399E+00
8OXL_1	5Z1V_1	38	3.650E-01	1.618E-01	2.137E-01	5.591E+00
8OXL_1	6R5J_1	40	3.602E-01	1.849E-01	2.319E-01	6.920E+00
8OXL_1	7ZK0_1	39	2.156E-01	1.021E-01	1.047E-01	1.038E+01
8OXL_1	7B1I_2	33	3.333E-01	1.229E-01	1.207E-01	7.853E+00
8OXL_1	8OXJ_1	59	3.315E-01	1.621E-01	1.544E-01	9.670E+00
8OXL_1	2N4O_1	19	3.516E-01	1.234E-01	1.201E-01	3.357E+00
8OXL_1	9FEI_1	18	3.247E-01	1.085E-01	4.728E-02	4.728E+00
8OXL_1	7ZKD_1	12	3.473E-01	9.498E-02	9.261E-02	2.860E+00
8OXL_1	2MYW_1	66	2.026E-01	1.527E-01	1.489E-01	9.918E+00
8OXL_1	7MQQ_1	68	2.626E-01	1.258E-01	1.056E-01	1.190E+01
8DP8_1	8DP8_1	148	1.007E+00	1.000E+00	1.000E+00	3.548E-03
8DP8_1	8DP9_1	148	9.656E-01	9.591E-01	9.591E-01	2.333E+00
8DP8_1	6SGO_1	116	1.750E-01	1.294E-01	1.244E-01	1.410E+01
8DP8_1	4FPQ_1	131	1.856E-01	1.355E-01	1.477E-01	1.168E+01
8DP8_1	4FPR_1	131	1.856E-01	1.355E-01	1.477E-01	1.168E+01
8DP8_1	8EBB_1	22	5.358E-01	1.304E-01	1.148E-01	2.356E+00
8DP8_1	8V1J_1	83	2.200E-01	1.201E-01	1.394E-01	1.373E+01
8DP8_1	6R5J_1	103	2.291E-01	1.304E-01	2.143E-01	1.474E+01
8DP8_1	7MQQ_1	52	3.862E-01	1.216E-01	1.497E-01	9.371E+00
8DP8_1	2N37_1	100	3.079E-01	1.581E-01	2.851E-01	8.928E+00
8DP8_1	9FYC_2	96	2.494E-01	1.190E-01	1.408E-01	1.099E+01
8DP8_1	7ZJY_1	24	2.459E-01	8.489E-02	1.361E-01	6.625E+00
8DP8_1	7B1I_2	86	1.519E-01	8.942E-02	1.248E-01	1.414E+01
8DP8_1	4Z4A_1	43	3.860E-01	1.255E-01	1.501E-01	9.605E+00
8DP8_1	5FID_1	153	1.680E-01	1.208E-01	1.346E-01	1.402E+01
8DP8_1	8C8A_1	98	2.071E-01	1.285E-01	1.234E-01	1.517E+01
8DP8_1	6BN0_1	34	2.155E-01	8.699E-02	1.316E-01	8.895E+00
8DP8_1	6FUB_1	89	1.472E-01	9.116E-02	1.252E-01	1.463E+01
8DP8_1	6G11_1	89	1.472E-01	9.116E-02	1.252E-01	1.463E+01
8DP8_1	7NMM_2	33	3.819E-01	9.443E-02	1.398E-01	7.689E+00
8DP8_1	1KPT_1	89	1.654E-01	9.863E-02	1.073E-01	1.040E+01
8DP8_1	6ZUS_1	26	2.848E-01	8.530E-02	8.771E-02	7.378E+00
8DP8_1	4BJM_1	23	4.492E-01	1.306E-01	8.531E-02	2.469E+00
8DP8_1	5FNO_1	21	5.162E-01	1.078E-01	2.936E-02	4.840E+00
8DP8_1	5A6W_2	89	1.468E-01	9.101E-02	1.248E-01	1.453E+01
8DP8_1	6FU9_2	89	1.468E-01	9.101E-02	1.248E-01	1.453E+01
8DP8_1	6FUD_2	90	1.469E-01	8.317E-02	1.249E-01	1.435E+01
8DP8_1	6G10_2	89	1.468E-01	9.101E-02	1.248E-01	1.453E+01
8DP8_1	7T6A_1	41	2.532E-01	1.102E-01	9.246E-02	9.276E+00
8DP8_1	4GVB_1	50	2.456E-01	8.598E-02	1.431E-01	9.998E+00
8DP8_1	5OD4_1	111	1.726E-01	1.298E-01	1.367E-01	1.206E+01
7ZKD_1	7ZKD_1	95	1.011E+00	1.000E+00	1.000E+00	0.000E+00
7ZKD_1	6Q76_2	10	4.688E-01	9.049E-02	1.209E-01	1.904E+00
7ZKD_1	4BJN_1	31	3.310E-01	1.642E-01	8.568E-02	5.019E+00
7ZKD_1	2N37_1	10	4.833E-01	9.327E-02	1.285E-01	1.657E+00
7ZKD_1	8C8A_1	16	3.934E-01	1.418E-01	9.191E-02	1.974E+00
7ZKD_1	6Q40_1	34	2.472E-01	1.600E-01	1.729E-01	5.420E+00
7ZKD_1	8OXL_1	12	3.473E-01	9.261E-02	9.498E-02	2.860E+00
7ZKD_1	5JHJ_1	38	2.103E-01	1.221E-01	1.203E-01	9.467E+00
7ZKD_1	8R7A_2	15	3.456E-01	1.170E-01	8.092E-02	2.676E+00
6SGO_1	6SGO_1	157	1.006E+00	1.000E+00	1.000E+00	0.000E+00
6SGO_1	8OXL_1	48	6.332E-01	1.830E-01	2.999E-01	6.434E+00
6SGO_1	6R5J_1	72	2.837E-01	1.413E-01	2.661E-01	1.372E+01
6SGO_1	2QVT_1	39	4.308E-01	1.387E-01	1.443E-01	5.464E+00
6SGO_1	8DP8_1	116	1.750E-01	1.244E-01	1.294E-01	1.410E+01
6SGO_1	1ZLD_1	93	2.426E-01	1.142E-01	1.427E-01	1.475E+01
6SGO_1	1ZLE_1	93	2.426E-01	1.142E-01	1.427E-01	1.475E+01
6SGO_1	8DP9_1	127	1.696E-01	1.242E-01	1.303E-01	1.504E+01
6SGO_1	4FPQ_1	140	2.225E-01	1.590E-01	1.829E-01	1.494E+01
6SGO_1	4FPR_1	140	2.225E-01	1.590E-01	1.829E-01	1.494E+01
6SGO_1	5Z1V_1	63	2.531E-01	9.293E-02	2.005E-01	1.311E+01
6SGO_1	7NMM_2	41	3.950E-01	1.252E-01	1.870E-01	5.094E+00
6SGO_1	1KPT_1	89	2.422E-01	1.206E-01	1.647E-01	1.348E+01
6SGO_1	8C8A_1	163	1.774E-01	1.407E-01	1.422E-01	1.847E+01
6SGO_1	2N37_1	64	3.237E-01	1.276E-01	2.556E-01	1.205E+01
6SGO_1	8V1J_1	35	3.582E-01	8.860E-02	1.139E-01	7.854E+00
6SGO_1	2OPC_1	44	3.097E-01	1.410E-01	1.627E-01	5.661E+00
6SGO_1	8ACX_1	111	2.115E-01	1.290E-01	1.342E-01	1.463E+01
6SGO_1	2LW6_1	57	5.053E-01	1.574E-01	2.881E-01	8.023E+00
6SGO_1	6FUD_2	85	1.939E-01	1.089E-01	1.566E-01	1.448E+01
6SGO_1	5OD4_1	110	3.432E-01	1.848E-01	2.131E-01	1.456E+01
6SGO_1	9FEI_1	58	2.102E-01	8.594E-02	6.064E-02	1.554E+01
6SGO_1	6Q76_2	75	1.578E-01	8.015E-02	1.411E-01	1.463E+01
6SGO_1	7ZK0_1	63	4.923E-01	1.131E-01	1.940E-01	7.662E+00
6SGO_1	5A6W_2	73	1.885E-01	9.268E-02	1.370E-01	1.486E+01
6SGO_1	6FU9_2	73	1.885E-01	9.268E-02	1.370E-01	1.486E+01
6SGO_1	6G10_2	73	1.885E-01	9.268E-02	1.370E-01	1.486E+01
6SGO_1	7NLJ_2	33	4.168E-01	8.551E-02	1.411E-01	8.463E+00
6SGO_1	5FNO_1	149	1.789E-01	1.471E-01	5.105E-02	1.696E+01
6SGO_1	6FUB_1	73	1.885E-01	9.273E-02	1.370E-01	1.485E+01
6SGO_1	6G11_1	73	1.885E-01	9.273E-02	1.370E-01	1.485E+01
6SGO_1	8OXK_1	45	3.497E-01	9.878E-02	1.500E-01	8.478E+00
6SGO_1	8OXI_1	69	2.227E-01	1.021E-01	1.365E-01	1.431E+01
6SGO_1	7MQQ_1	21	3.203E-01	8.472E-02	1.124E-01	3.652E+00
6SGO_1	5XMZ_1	79	3.837E-01	2.009E-01	2.029E-01	1.013E+01
6SGO_1	2MM2_1	17	3.069E-01	6.820E-02	1.341E-01	3.409E+00
6SGO_1	6Q40_1	68	1.454E-01	8.279E-02	1.187E-01	1.098E+01
6SGO_1	7A8X_2	86	2.125E-01	1.440E-01	1.830E-01	1.079E+01
6SGO_1	7B1I_2	61	2.058E-01	7.675E-02	1.083E-01	1.237E+01
6SGO_1	7ZKD_1	13	3.516E-01	5.735E-02	8.309E-02	3.961E+00
6SGO_1	6FMB_1	63	1.879E-01	9.341E-02	1.162E-01	1.356E+01
2LW6_1	2LW6_1	80	1.013E+00	1.000E+00	1.000E+00	0.000E+00
2LW6_1	5FNO_1	46	5.154E-01	3.034E-01	4.969E-02	6.723E+00
2LW6_1	9FYC_2	66	3.162E-01	2.658E-01	2.009E-01	8.975E+00
2LW6_1	8OXL_1	40	4.662E-01	2.724E-01	2.466E-01	4.306E+00
2LW6_1	8OXK_1	60	4.373E-01	3.166E-01	2.692E-01	4.438E+00
2LW6_1	8V1J_1	49	5.098E-01	3.105E-01	2.223E-01	4.811E+00
2LW6_1	8C8A_1	86	2.100E-01	1.740E-01	9.798E-02	1.551E+01
2LW6_1	6WES_1	54	2.431E-01	1.724E-01	1.101E-01	1.141E+01
2LW6_1	8OXJ_1	69	3.303E-01	2.456E-01	2.122E-01	1.001E+01
2LW6_1	5OD4_1	48	2.849E-01	1.951E-01	1.441E-01	7.415E+00
2LW6_1	7NMM_2	29	3.109E-01	1.846E-01	1.640E-01	4.764E+00
2LW6_1	7MQQ_1	35	2.864E-01	1.758E-01	1.393E-01	5.464E+00
2LW6_1	2N4O_1	35	2.477E-01	1.007E-01	8.861E-02	1.089E+01
2LW6_1	8OXI_1	39	2.987E-01	1.521E-01	1.279E-01	5.530E+00
2LW6_1	2MM0_1	15	4.703E-01	1.655E-01	2.009E-01	1.506E+00
2LW6_1	1ZLD_1	59	3.526E-01	2.400E-01	1.772E-01	9.150E+00
2LW6_1	1ZLE_1	59	3.526E-01	2.400E-01	1.772E-01	9.150E+00
2LW6_1	8R7A_2	38	3.679E-01	2.117E-01	1.334E-01	4.534E+00
2LW6_1	6SGO_1	42	5.499E-01	2.520E-01	1.388E-01	6.867E+00
2LW6_1	8EBB_1	64	2.106E-01	1.630E-01	1.008E-01	9.683E+00
2LW6_1	2MM2_1	23	2.916E-01	8.819E-02	1.058E-01	7.247E+00
2LW6_1	5FID_1	28	1.785E-01	1.221E-01	8.643E-02	5.360E+00
2LW6_1	2QVT_1	44	2.815E-01	1.549E-01	9.630E-02	1.046E+01
7T6A_1	7T6A_1	185	1.005E+00	1.000E+00	1.000E+00	3.356E-03
7T6A_1	5OD4_1	83	4.498E-01	1.816E-01	2.440E-01	6.884E+00
7T6A_1	5Z1V_1	28	4.631E-01	8.800E-02	2.332E-01	6.175E+00
7T6A_1	7B1I_2	64	4.074E-01	1.539E-01	2.736E-01	1.291E+01
7T6A_1	5FID_1	43	4.466E-01	1.422E-01	1.829E-01	5.797E+00
7T6A_1	6BN0_1	26	5.412E-01	1.095E-01	2.292E-01	3.897E+00
7T6A_1	4Z4A_1	27	5.353E-01	1.107E-01	1.607E-01	3.573E+00
7T6A_1	6FUB_1	74	2.590E-01	1.017E-01	1.822E-01	1.439E+01
7T6A_1	6FUD_2	69	2.680E-01	9.693E-02	1.732E-01	1.426E+01
7T6A_1	6G11_1	74	2.590E-01	1.017E-01	1.822E-01	1.439E+01
7T6A_1	5A6W_2	74	2.604E-01	1.002E-01	1.831E-01	1.441E+01
7T6A_1	6FU9_2	74	2.604E-01	1.002E-01	1.831E-01	1.441E+01
7T6A_1	6G10_2	74	2.604E-01	1.002E-01	1.831E-01	1.441E+01
7T6A_1	7ZJY_1	58	2.832E-01	1.093E-01	2.322E-01	7.527E+00
7T6A_1	1ZLD_1	73	3.761E-01	1.824E-01	2.491E-01	5.297E+00
7T6A_1	1ZLE_1	73	3.761E-01	1.824E-01	2.491E-01	5.297E+00
7T6A_1	2N37_1	75	3.216E-01	1.113E-01	2.643E-01	1.285E+01
7T6A_1	4GVB_2	21	4.033E-01	8.109E-02	1.608E-01	2.812E+00
7T6A_1	7ZK0_1	66	5.090E-01	1.622E-01	3.047E-01	8.026E+00
7T6A_1	1KPT_1	64	1.720E-01	8.071E-02	1.161E-01	9.294E+00
7T6A_1	7A8X_2	16	2.794E-01	6.951E-02	1.231E-01	3.155E+00
7T6A_1	4GVB_1	17	4.960E-01	7.509E-02	1.622E-01	1.751E+00
7T6A_1	8OXL_1	99	1.489E-01	7.675E-02	1.284E-01	1.546E+01
7T6A_1	2MYW_1	77	1.683E-01	8.561E-02	1.278E-01	1.583E+01
7T6A_1	4FPQ_1	98	2.342E-01	1.120E-01	1.472E-01	1.654E+01
7T6A_1	4FPR_1	98	2.342E-01	1.120E-01	1.472E-01	1.654E+01
1ZLE_1	1ZLD_1	118	1.009E+00	1.000E+00	1.000E+00	0.000E+00
1ZLE_1	1ZLE_1	118	1.009E+00	1.000E+00	1.000E+00	0.000E+00
1ZLE_1	5FID_1	60	6.101E-01	3.338E-01	2.945E-01	3.414E+00
1ZLE_1	7NMM_2	20	4.911E-01	1.480E-01	1.807E-01	1.495E+00
1ZLE_1	5OD4_1	129	3.932E-01	3.436E-01	3.235E-01	1.064E+01
1ZLE_1	7NLJ_2	21	4.228E-01	1.503E-01	1.862E-01	1.869E+00
1ZLE_1	6SGO_1	93	2.426E-01	1.427E-01	1.142E-01	1.475E+01
1ZLE_1	2N37_1	65	2.936E-01	1.655E-01	2.380E-01	8.864E+00
1ZLE_1	6BN0_1	86	2.845E-01	1.885E-01	2.548E-01	1.304E+01
1ZLE_1	2MYW_1	50	3.452E-01	1.385E-01	1.647E-01	1.178E+01
1ZLE_1	6FMB_1	55	2.521E-01	1.314E-01	1.508E-01	9.869E+00
1ZLE_1	8C8A_1	53	3.871E-01	1.837E-01	1.482E-01	1.136E+01
1ZLE_1	6Q76_2	69	2.744E-01	1.666E-01	2.274E-01	9.450E+00
1ZLE_1	8OXL_1	27	5.673E-01	1.433E-01	1.797E-01	3.623E+00
1ZLE_1	5JHJ_1	58	2.813E-01	1.280E-01	1.484E-01	1.213E+01
1ZLE_1	8OXI_1	46	2.101E-01	9.826E-02	1.077E-01	9.175E+00
1ZLE_1	2MM0_1	43	5.307E-01	2.096E-01	3.519E-01	8.481E+00
1ZLE_1	4Z4A_1	22	4.442E-01	1.471E-01	1.439E-01	2.505E+00
1ZLE_1	6FUB_1	65	3.089E-01	1.663E-01	1.995E-01	1.187E+01
1ZLE_1	6FUD_2	51	3.381E-01	1.393E-01	1.704E-01	1.239E+01
1ZLE_1	6G11_1	65	3.089E-01	1.663E-01	1.995E-01	1.187E+01
5XMZ_1	5XMZ_1	155	1.006E+00	1.000E+00	1.000E+00	0.000E+00
5XMZ_1	6R5J_1	102	3.552E-01	1.767E-01	3.355E-01	1.137E+01
5XMZ_1	5JHJ_1	91	1.991E-01	1.129E-01	1.582E-01	1.797E+01
5XMZ_1	1FN8_1	117	2.376E-01	1.586E-01	1.227E-01	1.011E+01
5XMZ_1	8OXL_1	71	3.732E-01	1.551E-01	2.375E-01	1.185E+01
5XMZ_1	6FMB_1	56	3.704E-01	1.415E-01	2.019E-01	6.532E+00
5XMZ_1	8R7A_2	14	7.264E-01	8.706E-02	9.288E-02	1.094E+00
5XMZ_1	2N37_1	60	2.495E-01	1.299E-01	2.120E-01	1.055E+01
5XMZ_1	5FID_1	136	2.219E-01	1.637E-01	1.788E-01	1.636E+01
5XMZ_1	4B8V_1	45	3.501E-01	1.233E-01	8.805E-02	7.743E+00
5XMZ_1	4B9H_1	45	3.501E-01	1.233E-01	8.805E-02	7.743E+00
5XMZ_1	4Z4A_1	41	4.634E-01	1.686E-01	2.051E-01	4.622E+00
5XMZ_1	8ACX_1	96	2.032E-01	1.199E-01	1.259E-01	9.075E+00
5XMZ_1	6Q76_2	59	2.382E-01	1.301E-01	2.028E-01	1.078E+01
5XMZ_1	7B1I_2	71	1.590E-01	8.028E-02	1.138E-01	1.493E+01
5XMZ_1	5OD4_1	89	2.785E-01	1.470E-01	1.720E-01	1.223E+01
5XMZ_1	5FNO_1	34	3.976E-01	1.315E-01	3.871E-02	7.723E+00
5XMZ_1	2MM2_1	64	2.810E-01	9.284E-02	2.038E-01	1.171E+01
5XMZ_1	6FUB_1	64	1.702E-01	8.102E-02	1.154E-01	1.310E+01
5XMZ_1	6G11_1	64	1.702E-01	8.102E-02	1.154E-01	1.310E+01
5XMZ_1	8OXI_1	81	1.513E-01	1.096E-01	1.223E-01	1.261E+01
5XMZ_1	5A6W_2	64	1.700E-01	8.118E-02	1.157E-01	1.308E+01
5XMZ_1	6FU9_2	64	1.700E-01	8.118E-02	1.157E-01	1.308E+01
5XMZ_1	6FUD_2	64	1.700E-01	8.133E-02	1.160E-01	1.308E+01
5XMZ_1	6G10_2	64	1.700E-01	8.118E-02	1.157E-01	1.308E+01
5XMZ_1	2MYW_1	21	3.936E-01	9.819E-02	1.437E-01	2.936E+00
5XMZ_1	8V1J_1	37	4.323E-01	1.572E-01	1.939E-01	3.092E+00
5XMZ_1	9FYC_2	60	1.636E-01	8.056E-02	9.611E-02	1.373E+01
5XMZ_1	7ZJY_1	86	2.862E-01	1.279E-01	2.790E-01	1.362E+01
5XMZ_1	7ZK0_1	78	2.403E-01	1.396E-01	2.004E-01	1.444E+01
5XMZ_1	1KPT_1	20	3.087E-01	8.159E-02	1.132E-01	5.085E+00
5XMZ_1	4FPQ_1	48	2.897E-01	1.102E-01	1.258E-01	7.660E+00
5XMZ_1	4FPR_1	48	2.897E-01	1.102E-01	1.258E-01	7.660E+00
5XMZ_1	7NMM_2	20	3.040E-01	8.722E-02	1.263E-01	3.209E+00
5XMZ_1	8DP9_1	137	1.406E-01	9.509E-02	9.698E-02	1.396E+01
31EE_1	31EE_1	271	1.004E+00	1.000E+00	1.000E+00	0.000E+00
31EE_1	5FNO_1	220	1.799E-01	1.267E-01	7.042E-02	2.004E+01
31EE_1	4BJM_1	231	1.673E-01	1.237E-01	1.385E-01	1.974E+01
31EE_1	4BJN_1	174	2.014E-01	1.265E-01	1.372E-01	2.108E+01
31EE_1	7XC2_2	129	2.701E-01	1.157E-01	8.024E-02	1.584E+01
31EE_1	8EB9_1	50	3.519E-01	9.654E-02	2.103E-01	7.959E+00
31EE_1	7T69_1	108	2.427E-01	8.095E-02	8.188E-02	1.279E+01
31EE_1	7XVG_2	142	2.522E-01	1.473E-01	1.040E-01	1.076E+01
2N4O_1	2N4O_1	95	1.011E+00	1.000E+00	1.000E+00	0.000E+00
2N4O_1	2LW6_1	21	4.227E-01	1.681E-01	1.951E-01	2.148E+00
2N4O_1	4Z4A_1	24	2.014E-01	1.227E-01	1.026E-01	4.948E+00
2N4O_1	6BN0_1	20	2.035E-01	1.170E-01	1.314E-01	3.966E+00
2N4O_1	4GVB_2	9	4.349E-01	7.937E-02	9.115E-02	2.151E+00
2N4O_1	7T69_1	15	2.199E-01	9.489E-02	4.199E-02	4.482E+00
2N4O_1	8V1J_1	70	2.405E-01	1.746E-01	1.477E-01	8.403E+00
2N4O_1	8DP9_1	61	2.298E-01	1.704E-01	1.135E-01	8.990E+00
2N4O_1	8EBB_1	45	1.647E-01	8.483E-02	5.892E-02	9.689E+00
8OXI_1	8OXI_1	104	1.010E+00	1.000E+00	1.000E+00	6.115E-03
8OXI_1	6FMB_1	97	9.349E-01	8.664E-01	9.168E-01	1.589E+00
8OXI_1	9FYC_2	109	5.621E-01	5.371E-01	4.746E-01	4.809E+00
8OXI_1	8OXK_1	109	4.721E-01	4.262E-01	4.429E-01	9.493E+00
8OXI_1	8OXJ_1	105	3.501E-01	2.999E-01	3.161E-01	1.124E+01
8OXI_1	8OXL_1	37	5.663E-01	2.219E-01	2.468E-01	5.574E+00
8OXI_1	5XMZ_1	56	3.596E-01	1.985E-01	1.482E-01	5.490E+00
8OXI_1	6R5J_1	39	4.281E-01	1.661E-01	2.345E-01	7.509E+00
8OXI_1	2LW6_1	71	3.012E-01	2.204E-01	2.562E-01	6.067E+00
8OXI_1	8ACX_1	82	1.678E-01	1.176E-01	1.085E-01	1.177E+01
8OXI_1	5Z1V_1	27	3.989E-01	1.653E-01	2.481E-01	2.643E+00
8OXI_1	4GVB_1	26	3.019E-01	1.156E-01	1.350E-01	5.672E+00
8OXI_1	1KPT_1	112	1.714E-01	1.501E-01	1.491E-01	1.305E+01
8OXI_1	7MQQ_1	79	1.547E-01	1.061E-01	9.072E-02	1.430E+01
8OXI_1	1ZLD_1	46	2.101E-01	1.077E-01	9.826E-02	9.175E+00
8OXI_1	1ZLE_1	46	2.101E-01	1.077E-01	9.826E-02	9.175E+00
8OXI_1	8C8A_1	51	2.926E-01	1.722E-01	1.316E-01	6.101E+00
8OXI_1	8V1J_1	23	1.985E-01	9.698E-02	9.002E-02	5.627E+00
8OXI_1	6WES_1	48	3.338E-01	1.596E-01	1.135E-01	9.591E+00
8OXI_1	1FN8_1	68	1.815E-01	1.189E-01	7.319E-02	9.727E+00
8OXI_1	7NLJ_2	29	2.731E-01	1.057E-01	1.146E-01	7.886E+00
8OXI_1	6SGO_1	69	2.088E-01	1.300E-01	9.796E-02	1.432E+01
4GVB_1	4GVB_1	80	1.013E+00	1.000E+00	1.000E+00	0.000E+00
4GVB_1	4GVB_2	78	7.485E-01	6.419E-01	6.350E-01	3.453E+00
4GVB_1	2MYV_1	19	3.591E-01	1.492E-01	1.259E-01	3.429E+00
4GVB_1	8OXI_1	26	3.019E-01	1.350E-01	1.156E-01	5.672E+00
4GVB_1	6FMB_1	21	3.927E-01	1.493E-01	1.264E-01	3.442E+00
4GVB_1	8OXK_1	24	3.075E-01	1.226E-01	1.043E-01	4.374E+00
4GVB_1	8C8A_1	26	2.477E-01	1.250E-01	7.741E-02	6.711E+00
4GVB_1	8DP8_1	16	3.246E-01	1.388E-01	8.346E-02	3.313E+00
4GVB_1	8DP9_1	16	3.237E-01	1.386E-01	8.337E-02	3.312E+00
4GVB_1	1FN8_1	23	1.807E-01	9.723E-02	4.935E-02	5.755E+00
4GVB_1	6Q40_1	22	2.334E-01	1.119E-01	1.132E-01	6.078E+00
4GVB_1	1ZLD_1	23	2.106E-01	1.364E-01	9.888E-02	5.961E+00
4GVB_1	1ZLE_1	23	2.106E-01	1.364E-01	9.888E-02	5.961E+00
4GVB_1	4FPQ_1	93	1.603E-01	1.445E-01	1.032E-01	9.527E+00
4GVB_1	4FPR_1	93	1.603E-01	1.445E-01	1.032E-01	9.527E+00
7EAU_1	7EAU_1	50	1.020E+00	1.000E+00	1.000E+00	3.048E-03
7EAU_1	8OXH_1	14	3.574E-01	2.065E-01	1.258E-01	2.034E+00
9FYC_2	9FYC_2	122	1.008E+00	1.000E+00	1.000E+00	5.514E-03
9FYC_2	8OXI_1	109	5.886E-01	4.958E-01	5.622E-01	4.487E+00
9FYC_2	6FMB_1	104	5.896E-01	4.912E-01	5.812E-01	4.828E+00
9FYC_2	8OXK_1	101	5.285E-01	4.219E-01	4.906E-01	5.706E+00
9FYC_2	8OXJ_1	95	5.973E-01	4.484E-01	5.317E-01	5.676E+00
9FYC_2	2LW6_1	66	3.162E-01	2.009E-01	2.658E-01	8.975E+00
9FYC_2	1KPT_1	54	5.085E-01	1.790E-01	2.042E-01	4.762E+00
9FYC_2	7A8X_2	91	2.368E-01	1.644E-01	2.047E-01	1.324E+01
9FYC_2	8EBB_1	52	3.915E-01	1.868E-01	1.441E-01	6.196E+00
9FYC_2	7NLJ_2	106	1.773E-01	1.305E-01	1.573E-01	1.151E+01
9FYC_2	8DP8_1	31	3.511E-01	1.260E-01	1.095E-01	6.371E+00
9FYC_2	8DP9_1	31	3.502E-01	1.259E-01	1.088E-01	6.363E+00
9FYC_2	6FUB_1	97	2.202E-01	1.621E-01	1.983E-01	1.169E+01
9FYC_2	6G11_1	97	2.202E-01	1.621E-01	1.983E-01	1.169E+01
9FYC_2	7NMM_2	102	1.672E-01	1.138E-01	1.413E-01	1.087E+01
9FYC_2	8C8A_1	50	2.851E-01	1.126E-01	8.816E-02	1.009E+01
9FYC_2	7MQQ_1	60	2.170E-01	9.649E-02	1.023E-01	1.546E+01
9FYC_2	5A6W_2	96	2.338E-01	1.650E-01	2.034E-01	1.142E+01
9FYC_2	6FU9_2	96	2.338E-01	1.650E-01	2.034E-01	1.142E+01
9FYC_2	6G10_2	96	2.338E-01	1.650E-01	2.034E-01	1.142E+01
9FYC_2	5FID_1	40	3.622E-01	1.509E-01	1.375E-01	6.452E+00
9FYC_2	4B8V_1	21	3.223E-01	1.045E-01	6.373E-02	4.752E+00
9FYC_2	4B9H_1	21	3.223E-01	1.045E-01	6.373E-02	4.752E+00
9FYC_2	7EAU_1	7	7.521E-01	5.265E-02	1.144E-01	1.480E+00
9FYC_2	7ZJY_1	35	2.790E-01	1.351E-01	2.179E-01	6.594E+00
9FYC_2	6R5J_1	29	3.880E-01	1.271E-01	1.918E-01	5.032E+00
9FYC_2	2MYV_1	52	2.382E-01	1.420E-01	1.640E-01	1.231E+01
9FYC_2	1ZLD_1	64	2.092E-01	1.253E-01	1.284E-01	9.528E+00
9FYC_2	1ZLE_1	64	2.092E-01	1.253E-01	1.284E-01	9.528E+00
9FYC_2	5XMZ_1	50	2.240E-01	9.611E-02	8.056E-02	1.363E+01
9FYC_2	6WES_1	64	1.850E-01	1.374E-01	1.138E-01	1.098E+01
9FYC_2	7T6A_1	53	2.157E-01	1.225E-01	9.207E-02	8.190E+00
9FYC_2	6FUD_2	100	2.038E-01	1.621E-01	1.926E-01	1.219E+01
9FYC_2	7XVG_2	69	1.754E-01	1.297E-01	5.520E-02	9.509E+00
6FUB_1	6FUB_1	93	1.011E+00	1.000E+00	1.000E+00	1.826E-03
6FUB_1	6G11_1	93	1.011E+00	1.000E+00	1.000E+00	1.826E-03
6FUB_1	5A6W_2	93	1.000E+00	9.894E-01	9.894E-01	4.462E-01
6FUB_1	6FU9_2	93	1.000E+00	9.894E-01	9.894E-01	4.462E-01
6FUB_1	6G10_2	93	1.000E+00	9.894E-01	9.894E-01	4.462E-01
6FUB_1	6FUD_2	93	9.827E-01	9.724E-01	9.724E-01	8.898E-01
6FUB_1	7B1I_2	92	9.855E-01	9.647E-01	9.547E-01	7.355E-01
6FUB_1	7A8X_2	99	3.951E-01	3.915E-01	3.915E-01	1.338E+01
6FUB_1	6R5J_1	65	7.233E-01	4.989E-01	6.461E-01	2.708E+00
6FUB_1	5Z1V_1	51	7.753E-01	4.586E-01	6.292E-01	1.921E+00
6FUB_1	7ZK0_1	80	5.942E-01	4.894E-01	5.075E-01	5.874E+00
6FUB_1	8C8A_1	76	5.873E-01	4.580E-01	3.027E-01	4.618E+00
6FUB_1	2N37_1	67	5.933E-01	4.124E-01	5.310E-01	3.253E+00
6FUB_1	8R7A_2	69	6.199E-01	4.421E-01	3.054E-01	3.763E+00
6FUB_1	5JHJ_1	78	5.194E-01	4.135E-01	4.008E-01	4.793E+00
6FUB_1	6Q76_2	70	5.371E-01	3.931E-01	4.931E-01	3.907E+00
6FUB_1	7ZJY_1	63	5.149E-01	3.642E-01	5.028E-01	4.944E+00
6FUB_1	2MM0_1	32	6.085E-01	2.718E-01	3.699E-01	2.279E+00
6FUB_1	2MYW_1	78	4.874E-01	3.829E-01	3.706E-01	6.158E+00
6FUB_1	8V1J_1	42	4.609E-01	2.162E-01	1.766E-01	5.783E+00
6FUB_1	7NMM_2	121	2.214E-01	2.194E-01	2.156E-01	1.069E+01
6FUB_1	1FN8_1	86	3.334E-01	2.512E-01	1.339E-01	9.398E+00
6FUB_1	7T6A_1	74	2.590E-01	1.822E-01	1.017E-01	1.439E+01
6FUB_1	8OXL_1	35	3.501E-01	1.570E-01	1.585E-01	5.592E+00
6FUB_1	5XMZ_1	82	1.570E-01	1.142E-01	7.977E-02	1.439E+01
6FUB_1	7NLJ_2	102	2.244E-01	1.986E-01	1.986E-01	1.105E+01
6FUB_1	9FYC_2	103	2.299E-01	2.141E-01	1.754E-01	1.285E+01
6FUB_1	2LW6_1	17	5.049E-01	1.473E-01	1.684E-01	2.334E+00
6FUB_1	8EB9_1	28	4.362E-01	1.760E-01	1.735E-01	4.162E+00
6FUB_1	5FID_1	117	2.725E-01	1.948E-01	1.453E-01	1.445E+01
6FUB_1	8DP8_1	89	1.472E-01	1.252E-01	9.116E-02	1.463E+01
6FUB_1	8DP9_1	89	1.496E-01	1.270E-01	9.152E-02	1.463E+01
6FUB_1	6BN0_1	24	2.653E-01	1.042E-01	1.190E-01	6.747E+00
6FUB_1	1KPT_1	27	2.619E-01	1.317E-01	1.188E-01	6.872E+00
6FUB_1	6SGO_1	73	1.885E-01	1.370E-01	9.273E-02	1.485E+01
6FUB_1	6FMB_1	31	2.576E-01	1.271E-01	1.218E-01	6.691E+00
1KPT_1	1KPT_1	105	1.010E+00	1.000E+00	1.000E+00	7.275E-04
1KPT_1	8ACX_1	104	5.131E-01	4.293E-01	3.347E-01	6.989E+00
1KPT_1	8OXL_1	62	3.545E-01	1.506E-01	1.693E-01	1.079E+01
1KPT_1	2MYW_1	18	3.028E-01	1.080E-01	1.141E-01	3.951E+00
1KPT_1	6SGO_1	89	2.422E-01	1.647E-01	1.206E-01	1.348E+01
1KPT_1	7T6A_1	68	2.615E-01	1.492E-01	9.403E-02	9.253E+00
1KPT_1	2N37_1	28	2.570E-01	1.099E-01	1.533E-01	7.139E+00
1KPT_1	8OXI_1	114	2.176E-01	1.839E-01	1.853E-01	1.297E+01
1KPT_1	5A6W_2	27	2.740E-01	1.188E-01	1.308E-01	6.880E+00
1KPT_1	6FU9_2	27	2.740E-01	1.188E-01	1.308E-01	6.880E+00
1KPT_1	6FUD_2	27	2.750E-01	1.188E-01	1.308E-01	6.890E+00
1KPT_1	6G10_2	27	2.740E-01	1.188E-01	1.308E-01	6.880E+00
1KPT_1	5OD4_1	35	3.140E-01	1.316E-01	1.121E-01	7.138E+00
1KPT_1	5XMZ_1	20	3.087E-01	1.132E-01	8.159E-02	5.085E+00
1KPT_1	1FN8_1	93	1.644E-01	1.361E-01	8.495E-02	1.110E+01
1KPT_1	6BN0_1	46	2.363E-01	1.212E-01	1.497E-01	1.005E+01
1KPT_1	8OXK_1	37	2.409E-01	1.087E-01	1.121E-01	1.102E+01
1KPT_1	8DP8_1	89	1.654E-01	1.073E-01	9.863E-02	1.040E+01
1KPT_1	8C8A_1	19	3.081E-01	1.058E-01	7.671E-02	3.888E+00
1KPT_1	6FUB_1	27	2.619E-01	1.188E-01	1.317E-01	6.872E+00
1KPT_1	6G11_1	27	2.619E-01	1.188E-01	1.317E-01	6.872E+00
1KPT_1	7A8X_2	24	3.080E-01	9.861E-02	1.105E-01	6.186E+00
1KPT_1	7B1I_2	27	2.806E-01	1.239E-01	1.343E-01	6.695E+00
1KPT_1	2N4O_1	90	2.355E-01	1.964E-01	2.076E-01	7.923E+00
1KPT_1	8DP9_1	86	1.316E-01	1.022E-01	8.765E-02	1.018E+01
5FID_1	5FID_1	137	1.007E+00	1.000E+00	1.000E+00	5.065E-03
5FID_1	5OD4_1	61	4.174E-01	2.163E-01	2.267E-01	4.678E+00
5FID_1	1ZLD_1	60	6.133E-01	2.957E-01	3.352E-01	3.400E+00
5FID_1	1ZLE_1	60	6.133E-01	2.957E-01	3.352E-01	3.400E+00
5FID_1	7T6A_1	41	4.712E-01	1.959E-01	1.525E-01	3.820E+00
5FID_1	7ZJY_1	64	2.720E-01	1.136E-01	2.152E-01	9.739E+00
5FID_1	5XMZ_1	136	2.219E-01	1.788E-01	1.637E-01	1.636E+01
5FID_1	7NLJ_2	24	4.967E-01	1.354E-01	1.888E-01	3.561E+00
5FID_1	6SGO_1	97	2.874E-01	1.214E-01	1.123E-01	1.289E+01
5FID_1	5Z1V_1	69	3.349E-01	1.427E-01	2.674E-01	1.206E+01
5FID_1	6Q76_2	120	2.306E-01	1.416E-01	2.202E-01	1.017E+01
5FID_1	6FUB_1	115	2.802E-01	1.399E-01	1.936E-01	1.421E+01
5FID_1	6G11_1	115	2.802E-01	1.399E-01	1.936E-01	1.421E+01
5FID_1	8R7A_2	23	4.814E-01	1.388E-01	1.319E-01	2.209E+00
5FID_1	5A6W_2	115	2.797E-01	1.382E-01	1.914E-01	1.409E+01
5FID_1	6FU9_2	115	2.797E-01	1.382E-01	1.914E-01	1.409E+01
5FID_1	6FUD_2	115	2.795E-01	1.380E-01	1.913E-01	1.409E+01
5FID_1	6G10_2	115	2.797E-01	1.382E-01	1.914E-01	1.409E+01
5FID_1	5JHJ_1	67	2.304E-01	1.231E-01	1.544E-01	8.194E+00
5FID_1	2MM2_1	17	4.448E-01	7.612E-02	1.415E-01	3.799E+00
5FID_1	6R5J_1	54	3.363E-01	1.335E-01	2.319E-01	1.150E+01
5FID_1	4Z4A_1	37	2.443E-01	9.550E-02	1.037E-01	7.221E+00
5FID_1	8DP8_1	153	1.680E-01	1.346E-01	1.208E-01	1.402E+01
5FID_1	2MYW_1	38	2.292E-01	1.051E-01	1.339E-01	7.083E+00
5FID_1	9FYC_2	40	3.554E-01	1.369E-01	1.503E-01	6.513E+00
5FID_1	8DP9_1	152	1.405E-01	1.228E-01	1.165E-01	1.429E+01
5FID_1	2QVT_1	28	3.856E-01	1.098E-01	1.026E-01	5.288E+00
5FID_1	8ACX_1	12	3.711E-01	6.516E-02	6.257E-02	3.351E+00
4Z4A_1	4Z4A_1	121	1.008E+00	1.000E+00	1.000E+00	4.885E-03
4Z4A_1	6BN0_1	76	9.094E-01	5.633E-01	8.444E-01	1.697E+00
4Z4A_1	7T6A_1	86	2.820E-01	1.882E-01	1.334E-01	1.143E+01
4Z4A_1	8V1J_1	24	4.853E-01	1.585E-01	1.597E-01	2.449E+00
4Z4A_1	8OXL_1	37	3.967E-01	1.524E-01	1.914E-01	5.060E+00
4Z4A_1	2N4O_1	24	2.014E-01	1.026E-01	1.227E-01	4.948E+00
4Z4A_1	7NMM_2	30	5.552E-01	1.801E-01	2.218E-01	2.924E+00
4Z4A_1	8OXK_1	25	2.917E-01	1.085E-01	1.264E-01	4.539E+00
4Z4A_1	6ZUS_1	20	4.689E-01	1.330E-01	1.144E-01	2.477E+00
4Z4A_1	7ZJY_1	35	3.367E-01	1.520E-01	2.547E-01	6.973E+00
4Z4A_1	7B1I_2	34	3.028E-01	9.694E-02	1.147E-01	1.130E+01
4Z4A_1	5FID_1	37	2.443E-01	1.037E-01	9.550E-02	7.221E+00
4Z4A_1	2MM2_1	27	2.989E-01	1.051E-01	1.681E-01	5.471E+00
4Z4A_1	6R5J_1	26	3.799E-01	9.662E-02	1.573E-01	5.924E+00
4Z4A_1	4GVB_2	13	4.257E-01	8.851E-02	1.259E-01	2.963E+00
4Z4A_1	5A6W_2	31	3.323E-01	7.457E-02	9.465E-02	1.078E+01
4Z4A_1	6FU9_2	31	3.323E-01	7.457E-02	9.465E-02	1.078E+01
4Z4A_1	6FUD_2	31	3.333E-01	7.457E-02	9.470E-02	1.078E+01
4Z4A_1	6G10_2	31	3.323E-01	7.457E-02	9.465E-02	1.078E+01
4Z4A_1	8OXJ_1	20	1.891E-01	8.408E-02	9.772E-02	4.029E+00
4Z4A_1	7MQQ_1	34	3.718E-01	9.367E-02	9.896E-02	7.138E+00
4Z4A_1	1ZLD_1	22	4.442E-01	1.439E-01	1.471E-01	2.505E+00
4Z4A_1	1ZLE_1	22	4.442E-01	1.439E-01	1.471E-01	2.505E+00
4Z4A_1	8DP8_1	43	3.860E-01	1.501E-01	1.255E-01	9.605E+00
4Z4A_1	5OD4_1	25	2.881E-01	1.036E-01	9.863E-02	6.677E+00
7XVG_2	7XVG_2	441	1.002E+00	1.000E+00	1.000E+00	1.236E-02
7XVG_2	7XC2_2	418	4.299E-01	4.091E-01	4.149E-01	1.910E+01
7XVG_2	7XDS_1	418	3.694E-01	3.531E-01	2.847E-01	2.104E+01
7XVG_2	7XE0_2	418	3.694E-01	3.531E-01	2.847E-01	2.104E+01
7XVG_2	5LOS_1	96	2.939E-01	7.973E-02	2.015E-01	1.781E+01
2MYV_1	2MYV_1	98	1.010E+00	1.000E+00	1.000E+00	4.399E-03
2MYV_1	8OXI_1	25	4.902E-01	1.741E-01	1.667E-01	3.279E+00
2MYV_1	2QVT_1	88	1.470E-01	1.262E-01	1.097E-01	1.533E+01
2MYV_1	4GVB_1	45	1.600E-01	1.016E-01	1.220E-01	8.148E+00
2MYV_1	8OXK_1	26	4.562E-01	1.242E-01	1.234E-01	4.105E+00
2MYV_1	1KG1_1	16	6.397E-01	1.110E-01	1.757E-01	3.370E+00
2MYV_1	9FYC_2	52	2.382E-01	1.640E-01	1.420E-01	1.231E+01
2MYV_1	1FN8_1	60	2.397E-01	1.193E-01	6.599E-02	9.157E+00
2MYV_1	6FMB_1	35	3.339E-01	1.514E-01	1.514E-01	6.661E+00
2MYV_1	7XC2_2	40	3.638E-01	1.582E-01	4.764E-02	7.808E+00
2MYV_1	6SGO_1	35	3.805E-01	1.553E-01	1.126E-01	6.314E+00
2MYV_1	7ZJY_1	13	4.529E-01	9.467E-02	1.387E-01	3.073E+00
2MYV_1	7NMM_2	69	3.030E-01	2.226E-01	2.270E-01	6.932E+00
7PP2_2	7PP2_2	51	1.020E+00	1.000E+00	1.000E+00	0.000E+00
7PP2_2	9FYC_2	39	3.237E-01	2.727E-01	1.392E-01	7.047E+00
8OXJ_1	8OXJ_1	98	1.010E+00	1.000E+00	1.000E+00	5.825E-03
8OXJ_1	8OXK_1	98	8.226E-01	8.152E-01	8.080E-01	2.783E+00
8OXJ_1	9FYC_2	94	5.947E-01	5.244E-01	4.418E-01	5.702E+00
8OXJ_1	6FMB_1	107	3.702E-01	3.432E-01	3.432E-01	1.114E+01
8OXJ_1	8OXI_1	105	3.748E-01	3.387E-01	3.210E-01	1.136E+01
8OXJ_1	2LW6_1	71	3.218E-01	2.122E-01	2.461E-01	1.086E+01
8OXJ_1	8C8A_1	48	3.633E-01	1.939E-01	1.396E-01	7.402E+00
8OXJ_1	8V1J_1	67	2.857E-01	1.873E-01	1.605E-01	1.358E+01
8OXJ_1	7T69_1	52	3.260E-01	1.845E-01	8.088E-02	9.665E+00
8OXJ_1	5FNO_1	95	2.191E-01	1.510E-01	3.276E-02	1.567E+01
8OXJ_1	5Z1V_1	73	2.381E-01	1.576E-01	2.191E-01	1.110E+01
8OXJ_1	5OD4_1	26	3.684E-01	1.522E-01	1.263E-01	4.331E+00
8OXJ_1	6SGO_1	29	3.711E-01	1.505E-01	9.855E-02	5.699E+00
8OXJ_1	1FN8_1	89	1.897E-01	1.630E-01	1.119E-01	9.904E+00
8OXJ_1	31EE_1	19	5.282E-01	1.619E-01	6.341E-02	2.608E+00
8OXJ_1	7NLJ_2	87	3.102E-01	2.304E-01	2.364E-01	1.132E+01
8OXJ_1	7AD5_1	42	2.952E-01	1.431E-01	1.230E-01	7.149E+00
8OXJ_1	8ACX_1	37	2.249E-01	7.936E-02	5.934E-02	8.191E+00
6BN0_1	6BN0_1	79	1.013E+00	1.000E+00	1.000E+00	0.000E+00
6BN0_1	4Z4A_1	76	9.094E-01	8.444E-01	5.633E-01	1.697E+00
6BN0_1	8OXL_1	29	5.172E-01	2.612E-01	2.303E-01	2.664E+00
6BN0_1	8V1J_1	23	5.823E-01	2.404E-01	1.662E-01	2.068E+00
6BN0_1	7NMM_2	21	4.451E-01	2.083E-01	1.778E-01	2.009E+00
6BN0_1	1ZLD_1	86	2.845E-01	2.548E-01	1.885E-01	1.304E+01
6BN0_1	1ZLE_1	86	2.845E-01	2.548E-01	1.885E-01	1.304E+01
6BN0_1	7T6A_1	28	5.364E-01	2.476E-01	1.182E-01	3.827E+00
6BN0_1	5Z1V_1	29	5.041E-01	2.306E-01	2.741E-01	3.608E+00
6BN0_1	5A6W_2	24	2.644E-01	1.188E-01	1.040E-01	6.744E+00
6BN0_1	6FU9_2	24	2.644E-01	1.188E-01	1.040E-01	6.744E+00
6BN0_1	6FUD_2	24	2.637E-01	1.187E-01	1.040E-01	6.747E+00
6BN0_1	6G10_2	24	2.644E-01	1.188E-01	1.040E-01	6.744E+00
6BN0_1	5OD4_1	31	3.608E-01	1.794E-01	1.232E-01	6.253E+00
6BN0_1	6SGO_1	50	1.906E-01	1.342E-01	8.126E-02	1.364E+01
6BN0_1	6Q76_2	66	1.566E-01	1.257E-01	1.364E-01	1.050E+01
6BN0_1	4GVB_2	12	4.608E-01	1.324E-01	1.294E-01	1.830E+00
6BN0_1	6FUB_1	24	2.653E-01	1.190E-01	1.042E-01	6.747E+00
6BN0_1	6G11_1	24	2.653E-01	1.190E-01	1.042E-01	6.747E+00
6BN0_1	7A8X_2	23	3.479E-01	1.531E-01	1.328E-01	4.339E+00
6BN0_1	2N4O_1	23	2.138E-01	1.413E-01	1.247E-01	4.298E+00
6BN0_1	7MQQ_1	29	4.533E-01	2.424E-01	1.822E-01	3.399E+00
6BN0_1	8OXK_1	38	3.071E-01	1.253E-01	1.033E-01	7.103E+00
6BN0_1	8R7A_2	20	2.270E-01	8.993E-02	5.473E-02	6.937E+00
6BN0_1	2MM0_1	23	2.724E-01	1.576E-01	1.850E-01	3.813E+00
6BN0_1	2MM2_1	69	1.946E-01	1.386E-01	1.589E-01	1.266E+01
6BN0_1	2N37_1	65	1.555E-01	1.206E-01	1.358E-01	1.026E+01
6BN0_1	2MYW_1	45	2.136E-01	1.218E-01	1.070E-01	1.098E+01
6BN0_1	5JHJ_1	65	1.584E-01	1.260E-01	1.098E-01	1.006E+01
6BN0_1	4FPQ_1	19	2.734E-01	1.280E-01	8.980E-02	4.834E+00
6BN0_1	4FPR_1	19	2.734E-01	1.280E-01	8.980E-02	4.834E+00
6BN0_1	8ACX_1	47	2.014E-01	1.307E-01	9.200E-02	1.180E+01
6BN0_1	8DP8_1	34	2.155E-01	1.316E-01	8.699E-02	8.895E+00
6BN0_1	8DP9_1	34	2.111E-01	1.311E-01	8.692E-02	8.912E+00
6BN0_1	7ZK0_1	48	1.523E-01	9.864E-02	9.261E-02	1.012E+01
6BN0_1	5XMZ_1	33	2.888E-01	1.017E-01	5.692E-02	9.083E+00
5Z1V_1	5Z1V_1	64	1.016E+00	1.000E+00	1.000E+00	0.000E+00
5Z1V_1	7B1I_2	52	7.701E-01	6.355E-01	4.598E-01	1.985E+00
5Z1V_1	6R5J_1	56	7.694E-01	6.350E-01	6.044E-01	1.995E+00
5Z1V_1	6FUD_2	51	7.790E-01	6.317E-01	4.600E-01	1.896E+00
5Z1V_1	5A6W_2	51	7.783E-01	6.313E-01	4.599E-01	1.900E+00
5Z1V_1	6FU9_2	51	7.783E-01	6.313E-01	4.599E-01	1.900E+00
5Z1V_1	6G10_2	51	7.783E-01	6.313E-01	4.599E-01	1.900E+00
5Z1V_1	6FUB_1	51	7.753E-01	6.292E-01	4.586E-01	1.921E+00
5Z1V_1	6G11_1	51	7.753E-01	6.292E-01	4.586E-01	1.921E+00
5Z1V_1	8R7A_2	63	6.957E-01	6.100E-01	3.056E-01	2.897E+00
5Z1V_1	2N37_1	62	5.487E-01	4.695E-01	4.599E-01	3.477E+00
5Z1V_1	7ZJY_1	59	5.817E-01	5.127E-01	5.383E-01	3.906E+00
5Z1V_1	7ZK0_1	57	6.450E-01	5.362E-01	4.122E-01	3.251E+00
5Z1V_1	8C8A_1	110	5.763E-01	5.697E-01	2.774E-01	1.104E+01
5Z1V_1	6Q76_2	62	5.761E-01	4.826E-01	4.634E-01	5.537E+00
5Z1V_1	5JHJ_1	91	4.199E-01	4.154E-01	3.077E-01	1.125E+01
5Z1V_1	2MYW_1	70	5.676E-01	4.867E-01	3.483E-01	9.747E+00
5Z1V_1	7T6A_1	22	5.206E-01	2.837E-01	1.090E-01	1.907E+00
5Z1V_1	7A8X_2	30	5.117E-01	2.856E-01	2.109E-01	3.410E+00
5Z1V_1	7NLJ_2	24	6.287E-01	2.866E-01	2.056E-01	1.977E+00
5Z1V_1	7NMM_2	27	6.816E-01	3.356E-01	2.354E-01	1.705E+00
5Z1V_1	2MM0_1	40	4.924E-01	3.534E-01	3.534E-01	3.545E+00
5Z1V_1	8ACX_1	26	4.023E-01	2.058E-01	1.112E-01	4.797E+00
5Z1V_1	7MQQ_1	15	6.797E-01	2.023E-01	1.172E-01	1.081E+00
5Z1V_1	1ZLD_1	63	2.866E-01	2.539E-01	1.695E-01	9.812E+00
5Z1V_1	1ZLE_1	63	2.866E-01	2.539E-01	1.695E-01	9.812E+00
5Z1V_1	5OD4_1	62	3.139E-01	2.192E-01	1.247E-01	7.267E+00
5Z1V_1	4GVB_2	16	5.517E-01	1.782E-01	1.443E-01	1.435E+00
5Z1V_1	8OXI_1	27	3.989E-01	2.481E-01	1.653E-01	2.643E+00
5Z1V_1	6SGO_1	64	2.531E-01	2.005E-01	9.293E-02	1.490E+01
5Z1V_1	6BN0_1	33	3.872E-01	2.278E-01	1.928E-01	5.589E+00
5Z1V_1	8OXL_1	38	3.650E-01	2.137E-01	1.618E-01	5.591E+00
5Z1V_1	8OXK_1	13	5.024E-01	1.674E-01	1.136E-01	2.349E+00
5Z1V_1	2OPC_1	34	3.074E-01	1.952E-01	1.179E-01	6.479E+00
5Z1V_1	2QVT_1	45	5.004E-01	2.325E-01	1.050E-01	1.013E+01
5Z1V_1	8OXJ_1	71	2.383E-01	2.195E-01	1.594E-01	1.103E+01
5Z1V_1	5FID_1	69	3.349E-01	2.674E-01	1.427E-01	1.206E+01
5Z1V_1	6ZUS_1	15	6.511E-01	1.887E-01	8.776E-02	1.010E+00
8OXK_1	8OXK_1	99	1.010E+00	1.000E+00	1.000E+00	6.745E-03
8OXK_1	8OXJ_1	98	8.226E-01	8.080E-01	8.152E-01	2.783E+00
8OXK_1	6FMB_1	100	6.559E-01	6.056E-01	6.108E-01	4.974E+00
8OXK_1	9FYC_2	101	5.285E-01	4.906E-01	4.219E-01	5.706E+00
8OXK_1	8OXI_1	106	4.574E-01	4.178E-01	4.017E-01	9.614E+00
8OXK_1	2LW6_1	68	4.145E-01	2.883E-01	3.335E-01	5.614E+00
8OXK_1	8OXL_1	35	5.796E-01	2.221E-01	2.369E-01	3.415E+00
8OXK_1	8V1J_1	68	3.124E-01	1.923E-01	1.654E-01	1.403E+01
8OXK_1	6ZUS_1	71	3.732E-01	1.858E-01	1.451E-01	5.419E+00
8OXK_1	8C8A_1	57	3.643E-01	1.984E-01	1.402E-01	6.980E+00
8OXK_1	5FNO_1	21	4.717E-01	1.774E-01	3.288E-02	2.321E+00
8OXK_1	4GVB_2	29	3.689E-01	1.181E-01	1.355E-01	4.897E+00
8OXK_1	7NLJ_2	91	3.430E-01	2.534E-01	2.647E-01	1.101E+01
8OXK_1	8ACX_1	62	2.647E-01	1.175E-01	9.176E-02	9.081E+00
8OXK_1	4Z4A_1	22	2.779E-01	1.089E-01	9.395E-02	4.296E+00
8OXK_1	4FPQ_1	90	3.158E-01	2.201E-01	1.747E-01	1.209E+01
8OXK_1	4FPR_1	90	3.158E-01	2.201E-01	1.747E-01	1.209E+01
8OXK_1	6SGO_1	49	2.879E-01	1.295E-01	8.468E-02	9.263E+00
8OXK_1	5Z1V_1	49	3.589E-01	1.876E-01	2.540E-01	4.679E+00
8OXK_1	6BN0_1	38	3.071E-01	1.033E-01	1.253E-01	7.103E+00
8OXK_1	4GVB_1	31	2.870E-01	1.027E-01	1.222E-01	5.896E+00
8OXK_1	7B1I_2	104	1.882E-01	1.555E-01	1.619E-01	1.319E+01
8OXK_1	7NMM_2	100	1.964E-01	1.720E-01	1.766E-01	1.050E+01
8OXK_1	8EBB_1	53	2.619E-01	1.485E-01	1.017E-01	1.024E+01
8OXK_1	1FN8_1	80	2.086E-01	1.542E-01	8.571E-02	1.190E+01
8OXK_1	6FUD_2	104	2.127E-01	1.686E-01	1.785E-01	1.316E+01
8OXK_1	1KPT_1	36	2.503E-01	1.111E-01	1.062E-01	1.116E+01
8OXK_1	7MQQ_1	26	3.559E-01	1.299E-01	1.159E-01	3.636E+00
8OXK_1	2MM0_1	28	3.106E-01	1.165E-01	1.658E-01	5.633E+00
8OXK_1	5A6W_2	100	1.850E-01	1.467E-01	1.542E-01	1.259E+01
8OXK_1	6FU9_2	100	1.850E-01	1.467E-01	1.542E-01	1.259E+01
8OXK_1	6FUB_1	97	2.142E-01	1.702E-01	1.796E-01	1.232E+01
8OXK_1	6G10_2	100	1.850E-01	1.467E-01	1.542E-01	1.259E+01
8OXK_1	6G11_1	97	2.142E-01	1.702E-01	1.796E-01	1.232E+01
5FNO_1	5FNO_1	605	1.002E+00	1.000E+00	1.000E+00	2.005E-02
5FNO_1	2LW6_1	46	5.154E-01	4.969E-02	3.034E-01	6.723E+00
5FNO_1	7NMM_2	30	5.137E-01	4.156E-02	2.107E-01	3.939E+00
5FNO_1	7NLJ_2	28	5.363E-01	3.996E-02	2.160E-01	3.485E+00
5FNO_1	8OXK_1	21	4.717E-01	3.288E-02	1.774E-01	2.321E+00
5FNO_1	6BN0_1	76	3.062E-01	5.308E-02	2.391E-01	1.045E+01
5FNO_1	31EE_1	135	2.340E-01	7.065E-02	1.248E-01	1.533E+01
5FNO_1	8OXJ_1	106	1.923E-01	4.423E-02	1.753E-01	1.464E+01
5FNO_1	8V1J_1	36	4.927E-01	3.016E-02	1.422E-01	1.025E+01
5FNO_1	6SGO_1	165	2.038E-01	5.906E-02	1.875E-01	1.648E+01
5FNO_1	8OXL_1	29	2.955E-01	4.104E-02	1.937E-01	3.399E+00
5FNO_1	5XMZ_1	34	3.976E-01	3.871E-02	1.315E-01	7.723E+00
5FNO_1	4BJN_1	30	3.857E-01	3.387E-02	7.232E-02	6.523E+00
5FNO_1	5LOS_1	112	2.960E-01	6.664E-02	2.598E-01	1.637E+01
5FNO_1	6ZUS_1	30	4.588E-01	3.186E-02	1.091E-01	4.263E+00
5FNO_1	4BJM_1	72	2.607E-01	4.840E-02	1.001E-01	6.988E+00
5FNO_1	7XDS_1	240	1.541E-01	5.784E-02	6.041E-02	2.052E+01
5FNO_1	7XE0_2	240	1.541E-01	5.784E-02	6.041E-02	2.052E+01
5FNO_1	7MQQ_1	56	2.057E-01	3.658E-02	1.291E-01	1.092E+01
5FNO_1	1FN8_1	69	2.161E-01	3.492E-02	7.694E-02	1.218E+01
5FNO_1	1ZLD_1	17	2.902E-01	2.012E-02	6.995E-02	6.190E+00
5FNO_1	1ZLE_1	17	2.902E-01	2.012E-02	6.995E-02	6.190E+00
1FN8_1	1FN8_1	224	1.004E+00	1.000E+00	1.000E+00	0.000E+00
1FN8_1	5Z1V_1	73	4.523E-01	1.347E-01	3.709E-01	8.970E+00
1FN8_1	6R5J_1	59	5.006E-01	1.275E-01	3.500E-01	8.475E+00
1FN8_1	5A6W_2	84	3.421E-01	1.303E-01	2.503E-01	9.496E+00
1FN8_1	6FU9_2	84	3.421E-01	1.303E-01	2.503E-01	9.496E+00
1FN8_1	6G10_2	84	3.421E-01	1.303E-01	2.503E-01	9.496E+00
1FN8_1	6FUB_1	84	3.375E-01	1.306E-01	2.484E-01	9.506E+00
1FN8_1	6G11_1	84	3.375E-01	1.306E-01	2.484E-01	9.506E+00
1FN8_1	5XMZ_1	118	1.294E-01	7.438E-02	8.946E-02	1.213E+01
1FN8_1	6FUD_2	84	3.416E-01	1.302E-01	2.500E-01	9.504E+00
1FN8_1	7B1I_2	46	3.935E-01	1.162E-01	2.257E-01	5.261E+00
1FN8_1	8C8A_1	50	3.950E-01	1.279E-01	1.717E-01	5.407E+00
1FN8_1	2MYV_1	12	6.580E-01	5.178E-02	1.143E-01	1.194E+00
1FN8_1	6FMB_1	64	2.124E-01	8.335E-02	1.415E-01	1.048E+01
1FN8_1	7NLJ_2	41	2.882E-01	6.227E-02	1.271E-01	7.484E+00
1FN8_1	4FPQ_1	26	5.326E-01	8.237E-02	1.339E-01	3.637E+00
1FN8_1	4FPR_1	26	5.326E-01	8.237E-02	1.339E-01	3.637E+00
1FN8_1	2MM2_1	15	7.723E-01	6.308E-02	2.025E-01	1.636E+00
1FN8_1	6Q76_2	79	2.308E-01	8.487E-02	1.969E-01	1.003E+01
1FN8_1	2LW6_1	81	2.180E-01	1.041E-01	1.924E-01	1.277E+01
1FN8_1	4B8V_1	36	2.175E-01	6.564E-02	6.469E-02	1.114E+01
1FN8_1	4B9H_1	36	2.175E-01	6.564E-02	6.469E-02	1.114E+01
1FN8_1	8OXK_1	80	2.086E-01	8.571E-02	1.542E-01	1.190E+01
1FN8_1	8OXI_1	39	2.137E-01	6.475E-02	1.033E-01	7.078E+00
1FN8_1	1ZLD_1	33	4.079E-01	4.938E-02	9.052E-02	8.024E+00
1FN8_1	1ZLE_1	33	4.079E-01	4.938E-02	9.052E-02	8.024E+00
1FN8_1	5OD4_1	95	1.990E-01	9.693E-02	1.336E-01	9.484E+00
1FN8_1	7T6A_1	93	2.008E-01	8.099E-02	9.231E-02	1.192E+01
1FN8_1	5FNO_1	69	2.161E-01	7.694E-02	3.492E-02	1.218E+01
1FN8_1	4GVB_1	22	2.038E-01	4.833E-02	9.489E-02	5.481E+00
1FN8_1	4Z4A_1	46	2.052E-01	4.485E-02	7.056E-02	1.313E+01
4B8V_1	4B8V_1	228	1.004E+00	1.000E+00	1.000E+00	9.851E-03
4B8V_1	4B9H_1	228	1.004E+00	1.000E+00	1.000E+00	9.851E-03
4B8V_1	6Q40_1	83	7.156E-01	2.615E-01	6.992E-01	1.126E+01
4B8V_1	5XMZ_1	45	3.501E-01	8.805E-02	1.233E-01	7.743E+00
4B8V_1	9FEI_1	60	3.589E-01	1.259E-01	1.211E-01	8.529E+00
4B8V_1	8ACX_1	37	1.846E-01	6.260E-02	8.309E-02	8.983E+00
4B8V_1	8R7A_2	34	3.450E-01	7.056E-02	1.022E-01	1.016E+01
4B8V_1	7ZJY_1	16	2.192E-01	5.445E-02	1.603E-01	3.428E+00
4B8V_1	7NLJ_2	6	7.823E-01	2.549E-02	6.025E-02	1.165E+00
4B8V_1	1FN8_1	36	2.175E-01	6.469E-02	6.564E-02	1.114E+01
4B8V_1	6WES_1	130	1.368E-01	7.665E-02	9.694E-02	2.072E+01
4B8V_1	5FNO_1	79	2.640E-01	8.592E-02	3.896E-02	1.393E+01
4B8V_1	6FMB_1	31	2.328E-01	5.316E-02	9.685E-02	8.299E+00
7T69_1	7T69_1	267	1.004E+00	1.000E+00	1.000E+00	1.269E-02
7T69_1	5LOS_1	31	4.991E-01	6.399E-02	1.289E-01	5.775E+00
7T69_1	8OXH_1	72	2.650E-01	7.525E-02	1.821E-01	1.472E+01
7T69_1	5FNO_1	17	8.745E-01	6.336E-02	2.803E-02	4.791E-01
7T69_1	7PP2_2	32	2.022E-01	5.827E-02	1.633E-01	1.092E+01
7T69_1	5VJJ_1	69	1.391E-01	6.391E-02	1.106E-01	1.502E+01
7T69_1	2N4O_1	15	2.199E-01	4.199E-02	9.489E-02	4.482E+00
7T69_1	31EE_1	20	6.373E-01	5.969E-02	5.887E-02	2.807E+00
7T69_1	7AD5_1	55	2.304E-01	8.686E-02	1.296E-01	8.211E+00
7T69_1	6WES_1	19	2.381E-01	3.465E-02	5.164E-02	8.070E+00
8R7A_2	8R7A_2	145	1.007E+00	1.000E+00	1.000E+00	0.000E+00
8R7A_2	6FUD_2	61	6.676E-01	2.907E-01	4.254E-01	2.784E+00
8R7A_2	6FUB_1	61	6.642E-01	2.897E-01	4.234E-01	2.829E+00
8R7A_2	6G11_1	61	6.642E-01	2.897E-01	4.234E-01	2.829E+00
8R7A_2	5A6W_2	61	6.659E-01	2.902E-01	4.247E-01	2.795E+00
8R7A_2	6FU9_2	61	6.659E-01	2.902E-01	4.247E-01	2.795E+00
8R7A_2	6G10_2	61	6.659E-01	2.902E-01	4.247E-01	2.795E+00
8R7A_2	7B1I_2	61	6.506E-01	2.844E-01	4.118E-01	3.098E+00
8R7A_2	7ZK0_1	66	6.053E-01	3.042E-01	4.524E-01	3.534E+00
8R7A_2	5Z1V_1	83	4.907E-01	2.388E-01	4.844E-01	1.095E+01
8R7A_2	6R5J_1	66	5.490E-01	2.604E-01	4.783E-01	4.208E+00
8R7A_2	8C8A_1	112	3.940E-01	2.940E-01	2.797E-01	1.528E+01
8R7A_2	5JHJ_1	92	3.872E-01	2.556E-01	3.450E-01	1.663E+01
8R7A_2	2N37_1	71	3.990E-01	2.255E-01	3.749E-01	4.804E+00
8R7A_2	6Q76_2	69	4.627E-01	2.502E-01	4.262E-01	4.320E+00
8R7A_2	5XMZ_1	49	3.366E-01	1.011E-01	9.597E-02	9.323E+00
8R7A_2	7ZJY_1	65	5.051E-01	2.517E-01	4.741E-01	4.313E+00
8R7A_2	2MM2_1	37	4.795E-01	1.372E-01	2.698E-01	4.485E+00
8R7A_2	9FYC_2	97	2.728E-01	1.603E-01	1.828E-01	1.571E+01
8R7A_2	4B8V_1	36	3.552E-01	1.073E-01	7.798E-02	1.043E+01
8R7A_2	4B9H_1	36	3.552E-01	1.073E-01	7.798E-02	1.043E+01
8R7A_2	2MYW_1	96	3.731E-01	2.541E-01	3.384E-01	1.624E+01
8R7A_2	5OD4_1	29	3.861E-01	1.146E-01	1.272E-01	4.135E+00
8R7A_2	8EBB_1	115	1.858E-01	1.232E-01	1.073E-01	1.633E+01
8R7A_2	2LW6_1	37	3.765E-01	1.382E-01	2.142E-01	4.461E+00
8R7A_2	6BN0_1	27	3.282E-01	7.801E-02	1.338E-01	8.592E+00
8R7A_2	8V1J_1	34	2.314E-01	9.276E-02	1.062E-01	7.977E+00
8R7A_2	8OXI_1	13	4.257E-01	7.492E-02	1.006E-01	3.004E+00
