8DP8_1	8DP8_1	140	1.007E+00	0.000E+00
8DP8_1	8DP9_1	138	9.921E-01	4.630E-01
8DP8_1	7NMM_2	98	3.076E-01	1.133E+01
8DP8_1	8OXL_1	35	4.820E-01	6.330E+00
8DP8_1	8EBB_1	49	2.199E-01	1.600E+01
8DP8_1	7NLJ_2	96	3.083E-01	1.108E+01
8DP8_1	8OXH_1	105	1.623E-01	1.352E+01
8DP8_1	1KPT_1	89	1.916E-01	1.197E+01
8DP8_1	6ZUS_1	67	2.011E-01	1.016E+01
8DP8_1	2MM0_1	60	2.065E-01	1.005E+01
8DP8_1	8EB9_1	96	1.781E-01	1.326E+01
8DP8_1	1ZLD_1	52	1.746E-01	8.986E+00
8DP8_1	1ZLE_1	56	2.011E-01	9.461E+00
8DP8_1	7MQQ_1	106	1.825E-01	1.295E+01
8DP8_1	4GVB_2	98	2.273E-01	1.022E+01
8DP8_1	4Z4A_1	30	2.891E-01	9.703E+00
8DP8_1	5VJJ_1	14	4.404E-01	1.726E+00
8DP8_1	6BN0_1	32	2.366E-01	8.967E+00
8DP8_1	8V1J_1	101	2.041E-01	1.743E+01
8DP8_1	5XMZ_1	94	2.117E-01	1.506E+01
8DP8_1	7T6A_1	115	1.557E-01	1.231E+01
8DP8_1	7ZJY_1	21	1.396E-01	6.467E+00
8DP8_1	5ZNG_2	9	4.457E-01	1.680E+00
8DP8_1	6R5J_1	101	2.607E-01	1.460E+01
8DP8_1	2MYV_1	27	2.059E-01	6.462E+00
8DP8_1	2LW6_1	100	1.670E-01	1.228E+01
8DP8_1	8R7A_2	90	2.989E-01	8.833E+00
8DP8_1	6SGO_1	117	1.511E-01	1.786E+01
8DP8_1	8OXK_1	106	1.789E-01	1.336E+01
7B1I_2	7B1I_2	81	1.013E+00	4.403E-02
7B1I_2	6FUD_2	81	1.001E+00	4.405E-01
7B1I_2	6FU9_2	81	1.003E+00	3.921E-01
7B1I_2	6FUB_1	81	1.004E+00	3.749E-01
7B1I_2	5A6W_2	81	1.002E+00	4.024E-01
7B1I_2	6G11_1	81	1.004E+00	3.749E-01
7B1I_2	6G10_2	81	1.000E+00	4.568E-01
7B1I_2	7A8X_2	80	1.000E+00	4.387E-01
7B1I_2	7NMM_2	81	9.895E-01	6.185E-01
7B1I_2	7NLJ_2	81	9.815E-01	7.312E-01
7B1I_2	5ZNG_2	63	7.012E-01	2.722E+00
7B1I_2	2MM0_1	63	7.403E-01	2.416E+00
7B1I_2	6R5J_1	62	7.421E-01	2.291E+00
7B1I_2	8C8A_1	68	6.795E-01	3.737E+00
7B1I_2	5Z1V_1	57	7.710E-01	2.385E+00
7B1I_2	8R7A_2	63	7.695E-01	2.100E+00
7B1I_2	2MYV_1	73	6.123E-01	4.957E+00
7B1I_2	7ZK0_1	64	7.350E-01	2.621E+00
7B1I_2	2MM2_1	63	6.964E-01	2.683E+00
7B1I_2	7ZKD_1	66	5.499E-01	4.715E+00
7B1I_2	2MYW_1	81	4.761E-01	1.159E+01
7B1I_2	6Q76_2	72	5.438E-01	5.063E+00
7B1I_2	2LW6_1	68	6.490E-01	4.281E+00
7B1I_2	5JHJ_1	80	4.746E-01	9.934E+00
7B1I_2	2N37_1	67	5.457E-01	4.243E+00
7B1I_2	7ZJY_1	59	4.266E-01	5.212E+00
7B1I_2	8OXL_1	93	3.221E-01	8.805E+00
7B1I_2	1KG1_1	53	2.822E-01	1.185E+01
7B1I_2	1ZLD_1	68	2.857E-01	1.194E+01
7B1I_2	8ACX_1	29	3.982E-01	4.561E+00
7B1I_2	5XMZ_1	64	2.025E-01	1.367E+01
7B1I_2	5OD4_1	67	2.579E-01	6.905E+00
7B1I_2	1FN8_1	58	1.710E-01	1.093E+01
7B1I_2	6BN0_1	31	2.558E-01	1.050E+01
7B1I_2	8EB9_1	65	2.145E-01	1.089E+01
7B1I_2	1KPT_1	40	2.121E-01	8.866E+00
7B1I_2	8EBB_1	61	2.468E-01	1.259E+01
7B1I_2	6FMB_1	49	1.921E-01	1.092E+01
7B1I_2	1ZLE_1	61	1.999E-01	1.386E+01
7B1I_2	5FID_1	70	3.586E-01	8.866E+00
7B1I_2	5FNO_1	15	4.578E-01	1.996E+00
7B1I_2	6ZUS_1	63	2.495E-01	9.747E+00
7B1I_2	8OXJ_1	75	1.853E-01	1.139E+01
7B1I_2	8OXI_1	29	2.725E-01	5.200E+00
7B1I_2	2QVT_1	86	2.027E-01	1.127E+01
7B1I_2	4FPQ_1	86	1.561E-01	1.295E+01
7B1I_2	7T69_1	67	2.317E-01	1.244E+01
7B1I_2	5VJJ_1	44	2.162E-01	1.315E+01
7B1I_2	6WES_1	74	1.092E-01	1.641E+01
8DP9_1	8DP9_1	133	1.008E+00	0.000E+00
8DP9_1	8DP8_1	138	9.921E-01	4.628E-01
8DP9_1	1FN8_1	89	2.232E-01	1.249E+01
8DP9_1	7MQQ_1	101	1.722E-01	1.514E+01
8DP9_1	8V1J_1	98	1.760E-01	1.572E+01
8DP9_1	5XMZ_1	29	3.583E-01	7.965E+00
8DP9_1	7ZK0_1	97	3.080E-01	9.123E+00
8DP9_1	7NMM_2	46	2.142E-01	9.185E+00
8DP9_1	8ACX_1	35	2.187E-01	9.517E+00
8DP9_1	7EAU_1	26	2.424E-01	6.605E+00
8DP9_1	2MM0_1	53	1.929E-01	1.024E+01
8DP9_1	2N37_1	90	2.693E-01	7.939E+00
8DP9_1	8OXJ_1	79	2.393E-01	1.129E+01
8DP9_1	8OXH_1	33	3.234E-01	4.977E+00
8DP9_1	8R7A_2	65	2.299E-01	1.304E+01
8DP9_1	7T6A_1	106	1.846E-01	1.145E+01
8DP9_1	6BN0_1	32	2.165E-01	8.906E+00
8DP9_1	8EB9_1	88	2.929E-01	1.193E+01
8DP9_1	7NLJ_2	46	2.456E-01	9.248E+00
8DP9_1	8OXL_1	36	4.714E-01	6.913E+00
8DP9_1	6ZUS_1	43	3.058E-01	1.155E+01
8DP9_1	4Z4A_1	31	1.994E-01	7.728E+00
8DP9_1	2MYV_1	76	2.194E-01	1.235E+01
8DP9_1	6FU9_2	72	1.854E-01	1.366E+01
8DP9_1	1KPT_1	82	2.591E-01	1.001E+01
8DP9_1	7T69_1	82	2.536E-01	1.141E+01
8DP9_1	6G10_2	48	2.125E-01	1.051E+01
8DP9_1	8EBB_1	120	1.378E-01	1.670E+01
31EE_1	31EE_1	245	1.004E+00	1.800E-02
31EE_1	4BJM_1	206	2.358E-01	1.765E+01
31EE_1	4BJN_1	108	2.497E-01	1.564E+01
31EE_1	7XVG_2	136	1.849E-01	1.330E+01
31EE_1	7XDS_1	166	2.010E-01	1.716E+01
31EE_1	7XC2_2	158	2.305E-01	1.529E+01
31EE_1	6QPK_1	17	5.867E-01	2.616E+00
31EE_1	8OXK_1	12	9.148E-01	4.409E-01
31EE_1	5FNO_1	159	1.767E-01	1.864E+01
31EE_1	8OXJ_1	11	6.052E-01	1.472E+00
31EE_1	7XE0_2	134	1.662E-01	1.738E+01
31EE_1	8ACX_1	20	2.386E-01	3.867E+00
5FNO_1	5FNO_1	568	1.002E+00	0.000E+00
5FNO_1	8V1J_1	35	4.773E-01	9.683E+00
5FNO_1	8OXJ_1	104	2.282E-01	1.256E+01
5FNO_1	8OXH_1	61	3.931E-01	7.208E+00
5FNO_1	5OD4_1	68	2.092E-01	1.227E+01
5FNO_1	8OXI_1	39	6.810E-01	3.337E+00
5FNO_1	2MM0_1	34	3.756E-01	4.307E+00
5FNO_1	4GVB_1	11	6.851E-01	8.868E-01
5FNO_1	8OXK_1	106	2.315E-01	1.198E+01
5FNO_1	6FMB_1	42	4.430E-01	5.406E+00
5FNO_1	8EBB_1	59	1.924E-01	1.410E+01
5FNO_1	9FEI_1	54	3.465E-01	8.304E+00
5FNO_1	31EE_1	159	1.553E-01	1.864E+01
5FNO_1	6BN0_1	90	2.402E-01	1.152E+01
5FNO_1	5A6W_2	15	4.987E-01	1.867E+00
5FNO_1	5Z1V_1	26	3.295E-01	3.833E+00
5FNO_1	2MYV_1	19	2.447E-01	7.843E+00
5FNO_1	6G11_1	15	5.032E-01	1.818E+00
5FNO_1	7NLJ_2	80	2.155E-01	1.333E+01
5FNO_1	6FUB_1	15	4.555E-01	1.944E+00
5FNO_1	5XMZ_1	43	3.479E-01	7.532E+00
5FNO_1	4FPQ_1	28	6.063E-01	3.758E+00
5FNO_1	7XE0_2	147	1.721E-01	1.592E+01
5FNO_1	1KG1_1	18	2.403E-01	4.071E+00
5FNO_1	2MM2_1	31	3.768E-01	3.464E+00
5FNO_1	6R5J_1	26	3.024E-01	7.815E+00
5FNO_1	5VJJ_1	21	2.840E-01	4.775E+00
5FNO_1	6FUD_2	28	2.883E-01	1.065E+01
5FNO_1	6FU9_2	30	3.480E-01	1.220E+01
5FNO_1	8EB9_1	31	1.930E-01	9.375E+00
5FNO_1	7NMM_2	80	2.100E-01	1.346E+01
5FNO_1	8ACX_1	19	2.026E-01	3.972E+00
5FNO_1	8R7A_2	42	2.453E-01	7.088E+00
5FNO_1	5ZNG_2	20	2.201E-01	8.375E+00
5FNO_1	8DP9_1	25	2.388E-01	7.075E+00
5FNO_1	6ZUS_1	85	2.016E-01	9.763E+00
5FNO_1	7XVG_2	205	1.526E-01	1.654E+01
6FUD_2	6FUD_2	81	1.013E+00	0.000E+00
6FUD_2	6FUB_1	81	1.007E+00	2.863E-01
6FUD_2	7B1I_2	81	1.001E+00	4.410E-01
6FUD_2	6FU9_2	81	1.004E+00	3.746E-01
6FUD_2	6G11_1	81	9.975E-01	4.960E-01
6FUD_2	5A6W_2	81	9.959E-01	5.253E-01
6FUD_2	6G10_2	81	9.930E-01	5.694E-01
6FUD_2	7A8X_2	80	9.977E-01	4.917E-01
6FUD_2	7NMM_2	81	9.736E-01	8.236E-01
6FUD_2	7NLJ_2	81	9.613E-01	9.653E-01
6FUD_2	5ZNG_2	63	8.196E-01	2.095E+00
6FUD_2	2MM0_1	63	7.249E-01	2.528E+00
6FUD_2	6R5J_1	62	7.367E-01	2.325E+00
6FUD_2	7ZK0_1	64	7.337E-01	2.577E+00
6FUD_2	8C8A_1	68	6.838E-01	3.650E+00
6FUD_2	5Z1V_1	57	7.492E-01	2.408E+00
6FUD_2	2MYV_1	73	6.564E-01	4.959E+00
6FUD_2	2MM2_1	63	6.928E-01	2.694E+00
6FUD_2	7ZKD_1	66	5.458E-01	4.754E+00
6FUD_2	2MYW_1	84	4.701E-01	1.177E+01
6FUD_2	2LW6_1	68	6.516E-01	4.115E+00
6FUD_2	6Q76_2	72	5.384E-01	5.000E+00
6FUD_2	5JHJ_1	82	5.057E-01	9.275E+00
6FUD_2	7ZJY_1	59	4.640E-01	5.040E+00
6FUD_2	1ZLE_1	60	2.667E-01	1.313E+01
6FUD_2	5XMZ_1	62	2.772E-01	1.196E+01
6FUD_2	6BN0_1	31	2.507E-01	1.049E+01
6FUD_2	8ACX_1	29	3.531E-01	5.440E+00
6FUD_2	5OD4_1	70	2.672E-01	7.325E+00
6FUD_2	1KPT_1	22	2.448E-01	6.117E+00
6FUD_2	8EBB_1	65	4.299E-01	7.453E+00
6FUD_2	7MQQ_1	71	2.212E-01	1.258E+01
6FUD_2	6SGO_1	77	2.137E-01	1.514E+01
6FUD_2	8EB9_1	65	2.202E-01	1.081E+01
6FUD_2	6FMB_1	48	1.927E-01	1.094E+01
6FUD_2	1ZLD_1	62	2.121E-01	1.339E+01
6FUD_2	5FID_1	75	3.258E-01	1.047E+01
6FUD_2	1FN8_1	58	1.733E-01	1.150E+01
6FUD_2	6ZUS_1	63	2.507E-01	9.725E+00
6FUD_2	5FNO_1	28	2.883E-01	1.065E+01
6FUD_2	8OXJ_1	76	2.309E-01	1.136E+01
6FUD_2	4FPR_1	10	5.079E-01	2.249E+00
6FUD_2	8DP9_1	48	2.106E-01	1.086E+01
6FUD_2	9FEI_1	67	1.569E-01	1.159E+01
4GVB_1	4GVB_1	77	1.013E+00	6.589E-03
4GVB_1	4GVB_2	72	7.722E-01	3.044E+00
4GVB_1	6QPK_1	72	6.674E-01	3.394E+00
4GVB_1	8C8A_1	18	4.754E-01	2.410E+00
4GVB_1	8EBB_1	15	5.752E-01	1.145E+00
4GVB_1	8OXK_1	23	4.095E-01	4.445E+00
4GVB_1	7T69_1	20	2.316E-01	4.794E+00
4GVB_1	5FNO_1	11	6.851E-01	8.864E-01
4GVB_1	7ZKD_1	16	4.667E-01	3.009E+00
4GVB_1	6FMB_1	20	4.333E-01	3.161E+00
4GVB_1	7MQQ_1	21	4.607E-01	3.622E+00
4GVB_1	5Z1V_1	18	5.636E-01	2.259E+00
4GVB_1	6Q76_2	18	2.122E-01	4.313E+00
4GVB_1	4Z4A_1	18	3.989E-01	3.988E+00
4GVB_1	2MYW_1	16	3.030E-01	3.370E+00
4GVB_1	8EB9_1	16	2.929E-01	3.452E+00
4GVB_1	1KG1_1	20	1.742E-01	4.830E+00
4GVB_1	2MYV_1	15	5.641E-01	1.380E+00
4GVB_1	8V1J_1	7	7.621E-01	1.525E+00
4GVB_1	5OD4_1	19	2.886E-01	5.266E+00
4GVB_1	4FPR_1	8	5.205E-01	1.459E+00
4GVB_1	7T6A_1	16	4.627E-01	4.815E+00
4GVB_1	1ZLE_1	77	1.785E-01	1.156E+01
4GVB_1	2OPC_1	18	1.871E-01	5.785E+00
1FN8_1	1FN8_1	224	1.004E+00	7.852E-03
1FN8_1	5XMZ_1	129	2.078E-01	1.222E+01
1FN8_1	5Z1V_1	67	4.776E-01	6.575E+00
1FN8_1	7NLJ_2	76	4.017E-01	9.267E+00
1FN8_1	1ZLE_1	52	3.559E-01	8.794E+00
1FN8_1	5A6W_2	83	3.368E-01	1.032E+01
1FN8_1	8OXJ_1	112	1.903E-01	1.221E+01
1FN8_1	1ZLD_1	63	2.620E-01	8.119E+00
1FN8_1	8DP9_1	89	2.232E-01	1.249E+01
1FN8_1	5JHJ_1	37	3.783E-01	5.385E+00
1FN8_1	7A8X_2	82	3.534E-01	9.110E+00
1FN8_1	7B1I_2	83	3.683E-01	9.234E+00
1FN8_1	6G11_1	83	3.521E-01	9.834E+00
1FN8_1	6FU9_2	83	3.614E-01	9.328E+00
1FN8_1	8C8A_1	60	4.662E-01	7.323E+00
1FN8_1	7NMM_2	71	3.492E-01	1.114E+01
1FN8_1	2MM0_1	56	4.112E-01	8.358E+00
1FN8_1	8OXH_1	55	2.516E-01	8.810E+00
1FN8_1	8OXK_1	110	1.920E-01	1.192E+01
1FN8_1	6Q76_2	104	2.302E-01	1.045E+01
1FN8_1	6FUB_1	83	3.613E-01	9.281E+00
1FN8_1	8V1J_1	120	1.930E-01	1.500E+01
1FN8_1	4FPQ_1	11	6.193E-01	4.100E+00
1FN8_1	4FPR_1	129	2.027E-01	1.096E+01
1FN8_1	6R5J_1	63	4.012E-01	8.336E+00
1FN8_1	2MYV_1	64	2.947E-01	1.084E+01
1FN8_1	2MYW_1	113	1.493E-01	1.318E+01
1FN8_1	9FYC_2	51	3.485E-01	8.386E+00
1FN8_1	6WES_1	93	2.011E-01	1.203E+01
1FN8_1	2N37_1	80	2.032E-01	1.142E+01
1FN8_1	6G10_2	42	2.247E-01	1.132E+01
1FN8_1	7ZK0_1	42	2.241E-01	1.117E+01
1FN8_1	6FMB_1	66	1.415E-01	1.018E+01
1FN8_1	7MQQ_1	87	2.671E-01	1.070E+01
1FN8_1	8EBB_1	232	1.383E-01	1.568E+01
1FN8_1	4B9H_1	105	1.687E-01	1.286E+01
1FN8_1	7T69_1	50	2.528E-01	9.867E+00
1FN8_1	5FNO_1	70	1.392E-01	1.257E+01
1FN8_1	7ZJY_1	53	1.824E-01	7.937E+00
1FN8_1	7ZKD_1	64	2.044E-01	8.724E+00
1FN8_1	8R7A_2	68	1.653E-01	1.295E+01
1FN8_1	5FID_1	67	1.358E-01	9.900E+00
4BJN_1	4BJN_1	222	1.005E+00	2.282E-01
4BJN_1	4BJM_1	225	9.229E-01	1.876E+00
4BJN_1	5LOS_1	110	3.664E-01	1.258E+01
4BJN_1	31EE_1	107	2.495E-01	1.569E+01
4BJN_1	7XC2_2	237	1.663E-01	1.978E+01
6QPK_1	6QPK_1	77	1.013E+00	1.989E-02
6QPK_1	4GVB_2	81	5.835E-01	4.525E+00
6QPK_1	4GVB_1	72	6.674E-01	3.394E+00
6QPK_1	6FMB_1	28	5.022E-01	5.370E+00
6QPK_1	8OXK_1	41	4.775E-01	7.490E+00
6QPK_1	31EE_1	17	5.867E-01	2.616E+00
6QPK_1	7ZJY_1	18	3.281E-01	3.517E+00
6QPK_1	8OXJ_1	40	3.608E-01	7.161E+00
6QPK_1	2QVT_1	13	4.659E-01	4.782E+00
6QPK_1	4Z4A_1	12	3.420E-01	2.778E+00
6QPK_1	2MYV_1	17	4.178E-01	4.250E+00
4B9H_1	4B9H_1	189	1.005E+00	0.000E+00
4B9H_1	4B8V_1	189	1.004E+00	2.257E-01
4B9H_1	6Q40_1	67	8.866E-01	1.683E+00
4B9H_1	4FPQ_1	62	2.982E-01	1.146E+01
4B9H_1	4FPR_1	64	3.715E-01	1.174E+01
4B9H_1	7T69_1	74	3.484E-01	6.515E+00
4B9H_1	6QPK_1	66	1.999E-01	8.376E+00
4B9H_1	8EBB_1	35	2.190E-01	8.251E+00
4B9H_1	5JHJ_1	52	2.175E-01	9.193E+00
4B9H_1	6BN0_1	35	3.221E-01	8.071E+00
4B9H_1	7NMM_2	69	1.981E-01	1.067E+01
4B9H_1	6ZUS_1	34	3.459E-01	7.555E+00
4B9H_1	2N37_1	15	2.966E-01	3.084E+00
4B9H_1	4Z4A_1	15	3.910E-01	2.057E+00
4B9H_1	4GVB_1	25	4.074E-01	3.933E+00
4B9H_1	7ZKD_1	16	3.050E-01	5.523E+00
4B9H_1	7T6A_1	24	2.901E-01	4.659E+00
4B9H_1	5FNO_1	35	3.596E-01	7.081E+00
4B9H_1	8C8A_1	22	3.211E-01	9.963E+00
4B9H_1	7NLJ_2	15	3.578E-01	4.056E+00
4B9H_1	8OXJ_1	25	1.934E-01	5.480E+00
4B9H_1	8ACX_1	16	2.689E-01	3.619E+00
4B9H_1	8R7A_2	14	2.465E-01	4.939E+00
7PP2_2	7PP2_2	27	1.038E+00	6.968E-03
7ZK0_1	7ZK0_1	89	1.011E+00	0.000E+00
7ZK0_1	6FUD_2	64	7.337E-01	2.577E+00
7ZK0_1	5A6W_2	64	7.331E-01	2.628E+00
7ZK0_1	7NMM_2	75	6.649E-01	4.055E+00
7ZK0_1	7B1I_2	64	7.350E-01	2.622E+00
7ZK0_1	6G10_2	73	6.759E-01	3.800E+00
7ZK0_1	7A8X_2	75	6.626E-01	4.123E+00
7ZK0_1	6FUB_1	64	7.313E-01	2.598E+00
7ZK0_1	6G11_1	64	7.336E-01	2.606E+00
7ZK0_1	6FU9_2	75	6.540E-01	4.276E+00
7ZK0_1	7NLJ_2	76	6.630E-01	4.544E+00
7ZK0_1	8C8A_1	64	5.874E-01	4.333E+00
7ZK0_1	5ZNG_2	67	7.288E-01	3.047E+00
7ZK0_1	2MYV_1	80	6.953E-01	5.291E+00
7ZK0_1	6R5J_1	67	6.200E-01	3.150E+00
7ZK0_1	6Q76_2	66	5.989E-01	4.108E+00
7ZK0_1	8R7A_2	81	4.548E-01	6.558E+00
7ZK0_1	5JHJ_1	75	5.164E-01	7.610E+00
7ZK0_1	2N37_1	62	6.305E-01	3.511E+00
7ZK0_1	7ZJY_1	75	6.338E-01	5.765E+00
7ZK0_1	2MM0_1	62	6.158E-01	3.197E+00
7ZK0_1	5Z1V_1	67	5.036E-01	5.346E+00
7ZK0_1	2LW6_1	72	4.412E-01	4.946E+00
7ZK0_1	7ZKD_1	71	4.468E-01	6.378E+00
7ZK0_1	2MM2_1	65	5.393E-01	3.724E+00
7ZK0_1	7MQQ_1	73	3.368E-01	1.038E+01
7ZK0_1	8EB9_1	61	4.184E-01	8.502E+00
7ZK0_1	8OXL_1	89	2.782E-01	1.215E+01
7ZK0_1	1ZLD_1	70	2.224E-01	1.270E+01
7ZK0_1	5OD4_1	71	1.906E-01	1.316E+01
7ZK0_1	8DP9_1	97	3.080E-01	9.123E+00
7ZK0_1	4GVB_2	77	3.015E-01	8.743E+00
7ZK0_1	5VJJ_1	61	1.431E-01	1.392E+01
7ZK0_1	8OXH_1	72	2.217E-01	1.301E+01
7ZK0_1	1FN8_1	126	1.555E-01	1.056E+01
7ZK0_1	4Z4A_1	24	2.613E-01	9.131E+00
7ZK0_1	5XMZ_1	66	2.300E-01	1.079E+01
7ZK0_1	2QVT_1	79	2.017E-01	1.228E+01
7ZK0_1	7AD5_1	7	7.381E-01	1.038E+00
4FPR_1	4FPR_1	130	1.008E+00	1.359E-02
4FPR_1	4FPQ_1	130	1.004E+00	3.262E-01
4FPR_1	6ZUS_1	91	4.508E-01	5.460E+00
4FPR_1	7AD5_1	131	3.801E-01	8.674E+00
4FPR_1	1FN8_1	129	2.027E-01	1.096E+01
4FPR_1	8EBB_1	94	2.803E-01	1.608E+01
4FPR_1	7ZKD_1	9	5.210E-01	1.536E+00
4FPR_1	4B9H_1	71	2.705E-01	1.229E+01
4FPR_1	8ACX_1	122	1.652E-01	1.267E+01
4FPR_1	4GVB_1	8	5.205E-01	1.459E+00
4FPR_1	5JHJ_1	5	9.768E-01	5.383E-01
4FPR_1	6Q40_1	76	2.398E-01	1.287E+01
4FPR_1	6FUD_2	10	5.079E-01	2.249E+00
4FPR_1	7B1I_2	12	5.278E-01	2.229E+00
4FPR_1	5A6W_2	12	5.253E-01	2.339E+00
4FPR_1	8EB9_1	9	6.132E-01	1.686E+00
4FPR_1	6FUB_1	10	5.166E-01	2.350E+00
4FPR_1	8OXI_1	8	6.529E-01	2.109E+00
4FPR_1	8V1J_1	36	2.857E-01	9.011E+00
4FPR_1	4B8V_1	88	2.311E-01	1.398E+01
4FPR_1	7T69_1	91	2.151E-01	1.111E+01
6FU9_2	6FU9_2	84	1.012E+00	4.849E-03
6FU9_2	5A6W_2	83	1.002E+00	4.254E-01
6FU9_2	6FUB_1	84	9.797E-01	1.478E+00
6FU9_2	6G11_1	82	1.003E+00	3.861E-01
6FU9_2	7B1I_2	81	1.003E+00	3.962E-01
6FU9_2	6G10_2	83	9.773E-01	1.342E+00
6FU9_2	6FUD_2	81	1.004E+00	3.742E-01
6FU9_2	7A8X_2	80	1.001E+00	4.426E-01
6FU9_2	7NMM_2	81	9.813E-01	7.219E-01
6FU9_2	7NLJ_2	81	9.668E-01	9.097E-01
6FU9_2	2MM0_1	63	7.305E-01	2.513E+00
6FU9_2	5ZNG_2	63	6.974E-01	2.813E+00
6FU9_2	6R5J_1	62	7.374E-01	2.330E+00
6FU9_2	2MYV_1	73	6.937E-01	5.002E+00
6FU9_2	8C8A_1	69	6.654E-01	3.793E+00
6FU9_2	5Z1V_1	60	7.195E-01	3.128E+00
6FU9_2	8R7A_2	63	7.664E-01	2.166E+00
6FU9_2	2MM2_1	63	6.899E-01	2.732E+00
6FU9_2	7ZK0_1	75	6.540E-01	4.276E+00
6FU9_2	7ZKD_1	90	4.493E-01	9.442E+00
6FU9_2	2MYW_1	84	4.635E-01	1.193E+01
6FU9_2	6Q76_2	72	5.337E-01	5.026E+00
6FU9_2	2LW6_1	68	6.759E-01	3.280E+00
6FU9_2	5JHJ_1	82	4.666E-01	1.015E+01
6FU9_2	2N37_1	67	5.383E-01	4.219E+00
6FU9_2	7ZJY_1	66	4.436E-01	5.247E+00
6FU9_2	8EBB_1	65	4.258E-01	7.475E+00
6FU9_2	1FN8_1	83	3.614E-01	9.191E+00
6FU9_2	5XMZ_1	99	3.017E-01	1.438E+01
6FU9_2	1ZLD_1	68	2.847E-01	1.203E+01
6FU9_2	8ACX_1	29	3.474E-01	5.470E+00
6FU9_2	6SGO_1	80	2.130E-01	1.498E+01
6FU9_2	1ZLE_1	59	2.464E-01	1.341E+01
6FU9_2	1KPT_1	22	2.347E-01	6.163E+00
6FU9_2	7T6A_1	74	1.706E-01	1.549E+01
6FU9_2	7MQQ_1	71	2.195E-01	1.315E+01
6FU9_2	5FNO_1	30	3.480E-01	1.220E+01
6FU9_2	8EB9_1	65	1.877E-01	1.181E+01
6FU9_2	6FMB_1	38	2.466E-01	6.313E+00
6FU9_2	5FID_1	61	3.977E-01	5.836E+00
6FU9_2	4Z4A_1	30	3.134E-01	1.062E+01
6FU9_2	8OXJ_1	68	2.180E-01	1.059E+01
6FU9_2	8OXH_1	71	1.992E-01	1.360E+01
6FU9_2	8OXI_1	37	2.500E-01	5.770E+00
6FU9_2	8DP9_1	72	1.854E-01	1.366E+01
6FU9_2	6ZUS_1	66	2.187E-01	1.036E+01
6FU9_2	9FEI_1	38	1.565E-01	1.107E+01
6H0I_1	6H0I_1	75	1.014E+00	0.000E+00
7ZJY_1	7ZJY_1	60	1.017E+00	5.394E-03
7ZJY_1	5ZNG_2	57	5.813E-01	4.541E+00
7ZJY_1	2MYV_1	62	5.722E-01	5.663E+00
7ZJY_1	7NLJ_2	61	6.446E-01	3.395E+00
7ZJY_1	7NMM_2	61	5.230E-01	4.163E+00
7ZJY_1	6Q76_2	70	3.827E-01	6.571E+00
7ZJY_1	2MM0_1	62	5.330E-01	4.703E+00
7ZJY_1	7ZK0_1	72	6.823E-01	5.473E+00
7ZJY_1	6R5J_1	61	4.776E-01	4.351E+00
7ZJY_1	5Z1V_1	59	4.026E-01	5.245E+00
7ZJY_1	6G10_2	61	5.112E-01	4.155E+00
7ZJY_1	2N37_1	70	3.279E-01	7.294E+00
7ZJY_1	6FUD_2	59	4.640E-01	5.040E+00
7ZJY_1	6FU9_2	66	4.612E-01	5.148E+00
7ZJY_1	8C8A_1	69	5.309E-01	4.824E+00
7ZJY_1	7B1I_2	59	4.422E-01	5.105E+00
7ZJY_1	5JHJ_1	72	2.812E-01	9.474E+00
7ZJY_1	6G11_1	59	4.387E-01	5.176E+00
7ZJY_1	2MYW_1	72	2.906E-01	8.269E+00
7ZJY_1	7A8X_2	68	4.703E-01	5.678E+00
7ZJY_1	5A6W_2	59	4.535E-01	5.131E+00
7ZJY_1	6FUB_1	59	4.412E-01	5.113E+00
7ZJY_1	7ZKD_1	60	4.317E-01	5.071E+00
7ZJY_1	2MM2_1	64	5.229E-01	4.292E+00
7ZJY_1	2LW6_1	67	3.199E-01	6.617E+00
7ZJY_1	8R7A_2	65	3.685E-01	6.570E+00
7ZJY_1	7T69_1	28	4.115E-01	4.497E+00
7ZJY_1	8EB9_1	19	2.948E-01	3.422E+00
7ZJY_1	9FYC_2	19	3.938E-01	2.219E+00
7ZJY_1	4Z4A_1	27	3.137E-01	5.015E+00
7ZJY_1	6QPK_1	18	3.281E-01	3.517E+00
7ZJY_1	6WES_1	20	3.255E-01	4.067E+00
7ZJY_1	7T6A_1	43	2.736E-01	6.803E+00
7ZJY_1	6BN0_1	24	3.626E-01	3.668E+00
7ZJY_1	5OD4_1	63	1.727E-01	1.038E+01
7ZJY_1	8EBB_1	49	2.171E-01	8.101E+00
7ZJY_1	1FN8_1	33	2.272E-01	6.057E+00
7ZJY_1	1ZLD_1	20	2.298E-01	5.304E+00
7ZJY_1	7AD5_1	13	3.705E-01	3.466E+00
7ZJY_1	8DP8_1	21	1.396E-01	6.467E+00
7ZJY_1	1ZLE_1	59	2.061E-01	8.565E+00
7ZJY_1	8V1J_1	72	1.228E-01	1.040E+01
2MM2_1	2MM2_1	65	1.016E+00	0.000E+00
2MM2_1	2MM0_1	65	9.314E-01	1.177E+00
2MM2_1	6R5J_1	65	8.643E-01	1.688E+00
2MM2_1	8C8A_1	62	7.655E-01	2.102E+00
2MM2_1	5Z1V_1	58	7.210E-01	2.884E+00
2MM2_1	6FUB_1	59	7.054E-01	2.494E+00
2MM2_1	6FU9_2	59	7.035E-01	2.502E+00
2MM2_1	7B1I_2	59	7.168E-01	2.397E+00
2MM2_1	7NLJ_2	59	7.419E-01	2.080E+00
2MM2_1	7NMM_2	59	7.499E-01	2.068E+00
2MM2_1	6FUD_2	59	7.064E-01	2.455E+00
2MM2_1	6G11_1	59	7.136E-01	2.455E+00
2MM2_1	6G10_2	59	7.198E-01	2.422E+00
2MM2_1	5A6W_2	59	7.138E-01	2.461E+00
2MM2_1	7A8X_2	59	6.976E-01	2.566E+00
2MM2_1	7ZKD_1	60	6.120E-01	3.232E+00
2MM2_1	2MYV_1	60	6.740E-01	3.479E+00
2MM2_1	5JHJ_1	64	4.989E-01	4.315E+00
2MM2_1	8R7A_2	68	5.376E-01	4.885E+00
2MM2_1	2N37_1	64	5.307E-01	4.436E+00
2MM2_1	7ZK0_1	65	5.393E-01	3.724E+00
2MM2_1	8OXL_1	59	4.227E-01	7.962E+00
2MM2_1	8EBB_1	14	7.141E-01	9.857E-01
2MM2_1	8OXI_1	31	4.295E-01	5.558E+00
2MM2_1	5VJJ_1	28	2.633E-01	7.205E+00
2MM2_1	8V1J_1	44	2.562E-01	1.169E+01
2MM2_1	5XMZ_1	48	3.978E-01	1.023E+01
2MM2_1	9FEI_1	68	1.576E-01	9.873E+00
2MM2_1	9FYC_2	60	2.251E-01	6.605E+00
2MM2_1	7AD5_1	12	4.070E-01	4.414E+00
2MM2_1	5FNO_1	31	3.768E-01	3.464E+00
8OXK_1	8OXK_1	94	1.011E+00	1.812E-02
8OXK_1	8OXJ_1	92	1.000E+00	4.506E-01
8OXK_1	6FMB_1	98	7.007E-01	3.885E+00
8OXK_1	8OXI_1	90	7.259E-01	4.717E+00
8OXK_1	8OXH_1	101	5.947E-01	5.192E+00
8OXK_1	8OXL_1	98	6.221E-01	4.559E+00
8OXK_1	9FYC_2	59	6.362E-01	3.376E+00
8OXK_1	6SGO_1	106	2.363E-01	1.270E+01
8OXK_1	5ZNG_2	54	2.546E-01	9.532E+00
8OXK_1	6R5J_1	42	4.061E-01	9.369E+00
8OXK_1	1KPT_1	67	3.189E-01	8.613E+00
8OXK_1	5OD4_1	74	2.579E-01	1.130E+01
8OXK_1	5Z1V_1	67	2.362E-01	1.103E+01
8OXK_1	1KG1_1	12	8.078E-01	1.152E+00
8OXK_1	1ZLE_1	71	3.418E-01	1.227E+01
8OXK_1	6QPK_1	41	4.775E-01	7.490E+00
8OXK_1	7NMM_2	69	2.401E-01	1.034E+01
8OXK_1	6WES_1	51	4.026E-01	1.021E+01
8OXK_1	9FEI_1	29	3.918E-01	1.399E+01
8OXK_1	4GVB_1	23	4.095E-01	4.445E+00
8OXK_1	7NLJ_2	70	2.229E-01	9.529E+00
8OXK_1	7ZKD_1	48	2.589E-01	9.432E+00
8OXK_1	1ZLD_1	68	3.492E-01	1.233E+01
8OXK_1	5FNO_1	106	2.315E-01	1.198E+01
8OXK_1	8EB9_1	35	4.484E-01	2.556E+00
8OXK_1	5VJJ_1	72	2.378E-01	1.249E+01
8OXK_1	6BN0_1	78	2.231E-01	9.695E+00
8OXK_1	7A8X_2	63	2.585E-01	9.900E+00
8OXK_1	2N37_1	70	1.841E-01	1.184E+01
8OXK_1	7B1I_2	63	2.116E-01	1.046E+01
8OXK_1	6FU9_2	63	2.204E-01	1.072E+01
8OXK_1	2N4O_1	44	1.878E-01	1.071E+01
8OXK_1	8DP9_1	108	1.703E-01	1.366E+01
8OXK_1	8DP8_1	106	1.789E-01	1.336E+01
4Z4A_1	4Z4A_1	74	1.014E+00	5.132E-03
4Z4A_1	6BN0_1	75	9.115E-01	1.526E+00
4Z4A_1	7T6A_1	38	6.092E-01	3.126E+00
4Z4A_1	8EBB_1	57	4.874E-01	5.242E+00
4Z4A_1	2MYW_1	34	3.759E-01	7.506E+00
4Z4A_1	9FEI_1	43	3.264E-01	7.230E+00
4Z4A_1	1KPT_1	43	3.454E-01	4.379E+00
4Z4A_1	5XMZ_1	24	3.511E-01	4.230E+00
4Z4A_1	6Q76_2	62	3.349E-01	9.334E+00
4Z4A_1	9FYC_2	30	5.405E-01	3.242E+00
4Z4A_1	7ZJY_1	27	3.136E-01	5.015E+00
4Z4A_1	5JHJ_1	33	2.029E-01	7.190E+00
4Z4A_1	7T69_1	27	4.890E-01	3.597E+00
4Z4A_1	4GVB_1	18	3.989E-01	3.988E+00
4Z4A_1	8OXK_1	36	4.083E-01	5.612E+00
4Z4A_1	4B8V_1	15	3.904E-01	2.059E+00
4Z4A_1	7ZK0_1	24	2.613E-01	9.131E+00
4Z4A_1	8EB9_1	60	3.018E-01	7.169E+00
4Z4A_1	4B9H_1	15	3.910E-01	2.057E+00
4Z4A_1	5FNO_1	46	3.187E-01	9.554E+00
4Z4A_1	2MM0_1	24	2.685E-01	5.976E+00
4Z4A_1	5VJJ_1	45	1.657E-01	9.841E+00
4Z4A_1	8DP9_1	31	1.994E-01	7.728E+00
4Z4A_1	8DP8_1	30	2.891E-01	9.703E+00
4Z4A_1	6WES_1	42	2.083E-01	1.019E+01
7MQQ_1	7MQQ_1	113	1.009E+00	0.000E+00
7MQQ_1	5OD4_1	111	3.074E-01	1.414E+01
7MQQ_1	1ZLD_1	108	2.722E-01	8.567E+00
7MQQ_1	1ZLE_1	107	2.548E-01	8.289E+00
7MQQ_1	8EBB_1	101	3.811E-01	1.313E+01
7MQQ_1	7T6A_1	127	3.229E-01	1.390E+01
7MQQ_1	8EB9_1	100	2.388E-01	1.085E+01
7MQQ_1	7ZK0_1	73	3.525E-01	9.516E+00
7MQQ_1	9FYC_2	85	2.363E-01	1.432E+01
7MQQ_1	5Z1V_1	16	7.655E-01	6.785E-01
7MQQ_1	2OPC_1	125	2.533E-01	8.699E+00
7MQQ_1	5FID_1	92	2.817E-01	7.144E+00
7MQQ_1	6FMB_1	67	2.188E-01	9.357E+00
7MQQ_1	7NLJ_2	91	1.698E-01	1.316E+01
7MQQ_1	7T69_1	149	1.552E-01	1.832E+01
7MQQ_1	2MM0_1	22	3.711E-01	2.936E+00
7MQQ_1	6BN0_1	42	2.688E-01	1.023E+01
7MQQ_1	6FUB_1	71	2.198E-01	1.316E+01
7MQQ_1	8DP9_1	107	1.848E-01	1.197E+01
7MQQ_1	5JHJ_1	63	2.732E-01	7.561E+00
7MQQ_1	7A8X_2	64	3.030E-01	8.499E+00
7MQQ_1	6FUD_2	58	3.091E-01	8.276E+00
7MQQ_1	6G11_1	71	2.057E-01	1.365E+01
7MQQ_1	7NMM_2	91	1.770E-01	1.295E+01
7MQQ_1	1KPT_1	13	4.072E-01	2.317E+00
7MQQ_1	8R7A_2	68	2.002E-01	1.287E+01
7MQQ_1	5VJJ_1	89	2.112E-01	1.368E+01
7MQQ_1	2LW6_1	92	2.078E-01	1.239E+01
7MQQ_1	7B1I_2	58	3.163E-01	8.169E+00
7MQQ_1	5A6W_2	57	3.111E-01	8.195E+00
7MQQ_1	6G10_2	57	2.941E-01	8.165E+00
7MQQ_1	7ZKD_1	19	4.189E-01	2.624E+00
7MQQ_1	8OXH_1	102	2.620E-01	9.973E+00
7MQQ_1	8ACX_1	112	2.306E-01	1.308E+01
7MQQ_1	5XMZ_1	121	1.403E-01	1.605E+01
7MQQ_1	2MYW_1	30	2.078E-01	6.424E+00
7MQQ_1	6FU9_2	71	2.195E-01	1.315E+01
7MQQ_1	8OXI_1	53	1.984E-01	9.987E+00
6ZUS_1	6ZUS_1	143	1.007E+00	2.978E-02
6ZUS_1	7AD5_1	151	5.187E-01	8.055E+00
6ZUS_1	4FPR_1	91	4.508E-01	5.460E+00
6ZUS_1	4FPQ_1	93	3.281E-01	7.402E+00
6ZUS_1	8V1J_1	38	4.375E-01	9.723E+00
6ZUS_1	2MYV_1	96	2.078E-01	1.265E+01
6ZUS_1	8OXL_1	101	2.229E-01	1.338E+01
6ZUS_1	5XMZ_1	124	2.266E-01	1.464E+01
6ZUS_1	7T69_1	93	2.203E-01	1.317E+01
6ZUS_1	5VJJ_1	38	4.094E-01	5.043E+00
6ZUS_1	6G10_2	64	2.572E-01	9.596E+00
6ZUS_1	7ZK0_1	99	2.284E-01	1.224E+01
6ZUS_1	8OXH_1	82	1.668E-01	1.331E+01
6ZUS_1	6SGO_1	65	2.430E-01	1.144E+01
6ZUS_1	7ZJY_1	52	2.622E-01	1.260E+01
6ZUS_1	2N37_1	89	1.524E-01	1.346E+01
6ZUS_1	6Q40_1	28	2.889E-01	6.027E+00
6ZUS_1	6FUD_2	63	2.507E-01	9.725E+00
6ZUS_1	7B1I_2	63	2.495E-01	9.747E+00
6ZUS_1	6FUB_1	63	2.516E-01	9.725E+00
6ZUS_1	8DP9_1	43	3.058E-01	1.155E+01
6ZUS_1	8DP8_1	119	1.718E-01	1.178E+01
6ZUS_1	8EBB_1	112	1.224E-01	1.431E+01
6ZUS_1	7T6A_1	101	1.437E-01	1.396E+01
6ZUS_1	6G11_1	63	2.468E-01	9.737E+00
6ZUS_1	5A6W_2	66	2.043E-01	1.045E+01
6ZUS_1	6FU9_2	66	2.187E-01	1.036E+01
6ZUS_1	7NLJ_2	11	5.809E-01	1.904E+00
6ZUS_1	7NMM_2	66	2.026E-01	1.012E+01
6ZUS_1	6FMB_1	14	3.407E-01	2.427E+00
6ZUS_1	9FEI_1	150	1.178E-01	1.899E+01
6ZUS_1	1KG1_1	44	2.008E-01	9.627E+00
6ZUS_1	5ZNG_2	11	5.765E-01	6.321E+00
6ZUS_1	6R5J_1	21	1.971E-01	1.107E+01
6ZUS_1	7ZKD_1	18	4.187E-01	8.111E+00
5JHJ_1	5JHJ_1	79	1.013E+00	5.475E-03
5JHJ_1	2MYW_1	79	7.703E-01	7.572E+00
5JHJ_1	6Q76_2	66	9.114E-01	1.684E+00
5JHJ_1	2N37_1	66	8.015E-01	2.856E+00
5JHJ_1	6R5J_1	65	5.624E-01	3.767E+00
5JHJ_1	8C8A_1	73	5.387E-01	4.191E+00
5JHJ_1	2MYV_1	76	3.877E-01	9.084E+00
5JHJ_1	7NMM_2	78	4.901E-01	9.327E+00
5JHJ_1	2MM0_1	62	5.446E-01	3.466E+00
5JHJ_1	7ZKD_1	84	4.692E-01	5.695E+00
5JHJ_1	6FUB_1	96	4.631E-01	6.156E+00
5JHJ_1	7NLJ_2	78	4.900E-01	9.322E+00
5JHJ_1	5A6W_2	79	4.920E-01	9.193E+00
5JHJ_1	6G10_2	71	5.431E-01	6.855E+00
5JHJ_1	6G11_1	79	4.930E-01	9.264E+00
5JHJ_1	6FU9_2	71	5.403E-01	6.807E+00
5JHJ_1	7A8X_2	80	4.708E-01	9.580E+00
5JHJ_1	7B1I_2	63	5.678E-01	3.537E+00
5JHJ_1	7ZK0_1	75	5.123E-01	7.606E+00
5JHJ_1	5Z1V_1	71	4.895E-01	6.654E+00
5JHJ_1	8R7A_2	70	5.485E-01	4.036E+00
5JHJ_1	6FUD_2	63	5.627E-01	3.540E+00
5JHJ_1	5ZNG_2	64	3.994E-01	5.371E+00
5JHJ_1	7ZJY_1	72	2.812E-01	9.474E+00
5JHJ_1	2LW6_1	73	4.662E-01	4.696E+00
5JHJ_1	8OXL_1	14	5.134E-01	2.621E+00
5JHJ_1	7MQQ_1	63	2.780E-01	7.395E+00
5JHJ_1	1FN8_1	89	2.468E-01	1.123E+01
5JHJ_1	8OXI_1	47	2.482E-01	7.751E+00
5JHJ_1	4Z4A_1	33	2.029E-01	7.190E+00
5JHJ_1	2OPC_1	31	4.476E-01	8.930E+00
5JHJ_1	8EBB_1	35	3.196E-01	7.778E+00
5JHJ_1	5OD4_1	72	2.778E-01	1.005E+01
5JHJ_1	4FPQ_1	5	9.639E-01	5.546E-01
5JHJ_1	4FPR_1	5	9.768E-01	5.383E-01
5JHJ_1	9FEI_1	44	2.190E-01	1.192E+01
5JHJ_1	8EB9_1	23	2.430E-01	5.104E+00
5JHJ_1	8ACX_1	32	2.955E-01	6.828E+00
5JHJ_1	8V1J_1	47	1.683E-01	1.435E+01
7XE0_2	7XE0_2	394	1.003E+00	2.790E-02
7XE0_2	7XVG_2	380	9.847E-01	1.068E+00
7XE0_2	7XC2_2	426	9.722E-01	1.662E+00
7XE0_2	7XDS_1	383	9.611E-01	1.651E+00
7XE0_2	4BJM_1	264	1.338E-01	2.104E+01
7XE0_2	31EE_1	126	1.663E-01	1.677E+01
2MM0_1	2MM0_1	64	1.016E+00	0.000E+00
2MM0_1	2MM2_1	65	9.314E-01	1.177E+00
2MM0_1	6R5J_1	63	8.910E-01	1.432E+00
2MM0_1	8C8A_1	60	8.084E-01	2.037E+00
2MM0_1	6FU9_2	63	7.305E-01	2.513E+00
2MM0_1	6FUB_1	63	7.414E-01	2.450E+00
2MM0_1	5A6W_2	63	7.277E-01	2.698E+00
2MM0_1	7B1I_2	63	7.403E-01	2.416E+00
2MM0_1	7NLJ_2	63	7.639E-01	2.244E+00
2MM0_1	7NMM_2	63	7.688E-01	2.212E+00
2MM0_1	6G10_2	63	7.397E-01	2.452E+00
2MM0_1	6G11_1	63	7.522E-01	2.383E+00
2MM0_1	7A8X_2	63	7.280E-01	2.691E+00
2MM0_1	5Z1V_1	57	7.635E-01	2.645E+00
2MM0_1	6FUD_2	63	7.249E-01	2.528E+00
2MM0_1	5ZNG_2	60	7.057E-01	3.299E+00
2MM0_1	5JHJ_1	62	5.446E-01	3.466E+00
2MM0_1	2MYW_1	62	5.209E-01	3.664E+00
2MM0_1	6Q76_2	62	5.535E-01	3.724E+00
2MM0_1	2MYV_1	60	7.060E-01	3.307E+00
2MM0_1	7ZKD_1	71	5.620E-01	4.529E+00
2MM0_1	8R7A_2	64	6.001E-01	3.856E+00
2MM0_1	2LW6_1	65	6.471E-01	3.063E+00
2MM0_1	7ZJY_1	62	5.260E-01	4.386E+00
2MM0_1	7ZK0_1	62	6.189E-01	3.156E+00
2MM0_1	6SGO_1	57	4.266E-01	7.817E+00
2MM0_1	8OXL_1	84	3.050E-01	1.188E+01
2MM0_1	8EBB_1	70	2.599E-01	1.158E+01
2MM0_1	5XMZ_1	35	4.293E-01	9.022E+00
2MM0_1	7T6A_1	74	3.072E-01	9.690E+00
2MM0_1	5VJJ_1	64	1.748E-01	1.320E+01
2MM0_1	8OXJ_1	47	4.438E-01	8.691E+00
2MM0_1	1FN8_1	56	4.112E-01	8.358E+00
2MM0_1	8OXH_1	46	5.642E-01	6.782E+00
2MM0_1	5FNO_1	34	3.756E-01	4.307E+00
2MM0_1	6FMB_1	69	2.981E-01	1.208E+01
2MM0_1	1ZLD_1	69	3.544E-01	1.110E+01
2MM0_1	8OXK_1	57	4.084E-01	1.051E+01
2MM0_1	8DP9_1	56	1.915E-01	1.010E+01
2MM0_1	5FID_1	55	2.281E-01	1.126E+01
2MM0_1	8DP8_1	64	1.669E-01	9.846E+00
2MM0_1	7T69_1	45	3.335E-01	9.607E+00
2MM0_1	1KPT_1	36	1.754E-01	8.988E+00
2MM0_1	8ACX_1	19	3.297E-01	2.610E+00
5FID_1	5FID_1	135	1.007E+00	3.513E-02
5FID_1	8EB9_1	102	4.142E-01	7.201E+00
5FID_1	5OD4_1	61	3.530E-01	5.127E+00
5FID_1	7ZJY_1	42	3.578E-01	6.135E+00
5FID_1	7MQQ_1	69	3.198E-01	7.332E+00
5FID_1	5XMZ_1	145	2.574E-01	1.554E+01
5FID_1	8EBB_1	72	2.635E-01	1.390E+01
5FID_1	2MYV_1	39	4.145E-01	6.810E+00
5FID_1	2LW6_1	57	3.130E-01	1.287E+01
5FID_1	2OPC_1	109	2.532E-01	1.270E+01
5FID_1	1KG1_1	30	2.103E-01	6.987E+00
5FID_1	2N37_1	44	3.432E-01	8.451E+00
5FID_1	6Q76_2	64	2.658E-01	9.418E+00
5FID_1	8C8A_1	25	5.598E-01	3.806E+00
5FID_1	6FUB_1	75	3.320E-01	1.027E+01
5FID_1	1ZLE_1	76	2.901E-01	1.294E+01
5FID_1	2QVT_1	110	1.766E-01	1.402E+01
5FID_1	8V1J_1	146	2.405E-01	1.541E+01
5FID_1	7T69_1	61	2.229E-01	1.380E+01
5FID_1	5ZNG_2	37	2.297E-01	9.894E+00
5FID_1	6R5J_1	58	2.495E-01	1.202E+01
5FID_1	4Z4A_1	36	2.315E-01	7.456E+00
5FID_1	2MYW_1	64	2.866E-01	9.280E+00
5FID_1	5JHJ_1	65	2.498E-01	1.002E+01
5FID_1	6FUD_2	75	3.258E-01	1.047E+01
5FID_1	7ZKD_1	61	3.299E-01	1.217E+01
5FID_1	1ZLD_1	82	2.779E-01	1.340E+01
5FID_1	7T6A_1	194	1.837E-01	1.360E+01
5FID_1	7B1I_2	70	3.586E-01	8.866E+00
5FID_1	6FU9_2	75	3.312E-01	1.047E+01
5FID_1	7NMM_2	63	3.683E-01	6.338E+00
5FID_1	8OXJ_1	26	3.455E-01	3.012E+00
6Q40_1	6Q40_1	79	1.013E+00	3.547E-02
6Q40_1	4B9H_1	67	8.866E-01	1.683E+00
6Q40_1	4B8V_1	67	8.831E-01	1.732E+00
6Q40_1	4FPQ_1	74	2.678E-01	1.254E+01
6Q40_1	4FPR_1	75	2.337E-01	1.284E+01
6Q40_1	7T69_1	27	3.042E-01	8.210E+00
6Q40_1	6ZUS_1	13	3.785E-01	1.732E+00
6Q40_1	8C8A_1	15	3.699E-01	4.151E+00
6Q40_1	5FNO_1	42	2.807E-01	8.597E+00
6Q40_1	6QPK_1	68	2.132E-01	7.345E+00
2LW6_1	2LW6_1	80	1.013E+00	7.500E-03
2LW6_1	8R7A_2	68	5.761E-01	3.561E+00
2LW6_1	8C8A_1	77	6.024E-01	4.572E+00
2LW6_1	6G10_2	68	6.541E-01	4.173E+00
2LW6_1	6FUD_2	69	6.394E-01	4.203E+00
2LW6_1	6FUB_1	69	6.389E-01	4.223E+00
2LW6_1	5A6W_2	69	6.451E-01	4.217E+00
2LW6_1	6R5J_1	70	6.152E-01	3.922E+00
2LW6_1	6G11_1	69	6.520E-01	4.179E+00
2LW6_1	7A8X_2	69	6.411E-01	4.183E+00
2LW6_1	7NMM_2	72	5.868E-01	4.588E+00
2LW6_1	7NLJ_2	69	6.390E-01	3.935E+00
2LW6_1	7B1I_2	69	6.366E-01	4.375E+00
2LW6_1	6FU9_2	69	6.360E-01	4.274E+00
2LW6_1	5Z1V_1	66	7.100E-01	3.699E+00
2LW6_1	2MM0_1	67	6.573E-01	3.034E+00
2LW6_1	7ZKD_1	67	4.819E-01	4.080E+00
2LW6_1	7ZK0_1	73	4.404E-01	4.971E+00
2LW6_1	5ZNG_2	73	6.181E-01	4.789E+00
2LW6_1	2MYV_1	73	6.153E-01	4.914E+00
2LW6_1	2MYW_1	77	4.249E-01	4.528E+00
2LW6_1	5JHJ_1	73	4.662E-01	4.696E+00
2LW6_1	6Q76_2	70	4.094E-01	5.176E+00
2LW6_1	7ZJY_1	67	3.199E-01	6.617E+00
2LW6_1	2N37_1	42	3.053E-01	5.406E+00
2LW6_1	7EAU_1	65	2.361E-01	9.883E+00
2LW6_1	9FYC_2	59	1.957E-01	9.330E+00
2LW6_1	5FID_1	21	3.833E-01	2.186E+00
2LW6_1	5VJJ_1	51	2.684E-01	8.316E+00
2LW6_1	6BN0_1	41	1.973E-01	7.457E+00
2LW6_1	2OPC_1	81	2.333E-01	1.129E+01
2LW6_1	8OXJ_1	31	2.786E-01	5.467E+00
2LW6_1	1ZLD_1	65	2.662E-01	6.884E+00
2LW6_1	5XMZ_1	67	2.248E-01	1.093E+01
2LW6_1	2QVT_1	71	2.117E-01	1.125E+01
2LW6_1	8DP9_1	53	1.450E-01	1.261E+01
2LW6_1	6SGO_1	37	3.355E-01	5.801E+00
1ZLD_1	1ZLD_1	103	1.010E+00	0.000E+00
1ZLD_1	1ZLE_1	103	9.762E-01	4.213E+00
1ZLD_1	8EB9_1	97	6.072E-01	4.773E+00
1ZLD_1	5OD4_1	92	6.345E-01	3.745E+00
1ZLD_1	2QVT_1	119	4.174E-01	7.678E+00
1ZLD_1	2OPC_1	108	4.758E-01	6.608E+00
1ZLD_1	7MQQ_1	108	2.722E-01	8.567E+00
1ZLD_1	8EBB_1	90	3.749E-01	8.493E+00
1ZLD_1	7T69_1	96	1.861E-01	1.363E+01
1ZLD_1	7T6A_1	100	2.203E-01	1.557E+01
1ZLD_1	8V1J_1	100	3.203E-01	1.077E+01
1ZLD_1	2N37_1	63	2.540E-01	8.938E+00
1ZLD_1	9FYC_2	61	2.878E-01	1.050E+01
1ZLD_1	7A8X_2	60	2.637E-01	1.353E+01
1ZLD_1	5XMZ_1	86	3.087E-01	1.165E+01
1ZLD_1	9FEI_1	105	1.837E-01	1.541E+01
1ZLD_1	8OXI_1	93	3.040E-01	1.222E+01
1ZLD_1	6Q76_2	63	2.863E-01	1.036E+01
1ZLD_1	6G11_1	67	2.682E-01	9.607E+00
1ZLD_1	5A6W_2	67	2.909E-01	1.189E+01
1ZLD_1	6G10_2	59	2.721E-01	1.337E+01
1ZLD_1	6FU9_2	67	2.895E-01	1.192E+01
1ZLD_1	8OXJ_1	67	3.276E-01	1.239E+01
1ZLD_1	6FMB_1	75	2.654E-01	1.266E+01
1ZLD_1	8R7A_2	75	3.176E-01	1.065E+01
1ZLD_1	7B1I_2	67	2.906E-01	1.183E+01
1ZLD_1	7NLJ_2	59	2.515E-01	1.323E+01
1ZLD_1	8OXK_1	69	3.440E-01	1.317E+01
1ZLD_1	5VJJ_1	43	2.952E-01	9.186E+00
1ZLD_1	5JHJ_1	44	2.975E-01	1.180E+01
1ZLD_1	6FUD_2	67	3.018E-01	1.123E+01
1ZLD_1	6FUB_1	73	2.284E-01	9.005E+00
1ZLD_1	2LW6_1	66	2.635E-01	7.095E+00
1ZLD_1	7ZK0_1	67	2.294E-01	1.161E+01
1ZLD_1	8C8A_1	70	4.483E-01	1.186E+01
1ZLD_1	7NMM_2	59	1.771E-01	1.305E+01
1ZLD_1	6R5J_1	72	2.359E-01	1.152E+01
1ZLD_1	5FID_1	82	2.779E-01	1.340E+01
1ZLD_1	8DP8_1	52	1.746E-01	8.986E+00
1ZLD_1	1FN8_1	126	1.553E-01	1.482E+01
1ZLD_1	7ZJY_1	60	1.557E-01	9.116E+00
1ZLD_1	6WES_1	112	2.092E-01	1.582E+01
1ZLD_1	2MYV_1	62	2.247E-01	1.015E+01
7NLJ_2	7NLJ_2	91	1.011E+00	4.384E-03
7NLJ_2	7NMM_2	91	9.914E-01	6.151E-01
7NLJ_2	5A6W_2	81	9.796E-01	7.558E-01
7NLJ_2	6G11_1	81	9.783E-01	7.823E-01
7NLJ_2	6FU9_2	81	9.668E-01	9.097E-01
7NLJ_2	6G10_2	81	9.782E-01	7.755E-01
7NLJ_2	6FUB_1	82	9.559E-01	1.083E+00
7NLJ_2	7B1I_2	81	9.815E-01	7.281E-01
7NLJ_2	7A8X_2	80	9.697E-01	8.781E-01
7NLJ_2	6FUD_2	81	9.613E-01	9.651E-01
7NLJ_2	5ZNG_2	63	7.873E-01	2.404E+00
7NLJ_2	2MYV_1	71	6.702E-01	4.621E+00
7NLJ_2	5Z1V_1	58	7.688E-01	2.728E+00
7NLJ_2	6R5J_1	62	7.485E-01	2.267E+00
7NLJ_2	2MM0_1	63	7.639E-01	2.244E+00
7NLJ_2	8C8A_1	83	6.183E-01	8.352E+00
7NLJ_2	8R7A_2	63	7.581E-01	2.564E+00
7NLJ_2	7ZK0_1	76	6.630E-01	4.544E+00
7NLJ_2	2MM2_1	64	7.341E-01	2.348E+00
7NLJ_2	2MYW_1	79	4.950E-01	1.212E+01
7NLJ_2	7ZKD_1	90	4.774E-01	1.235E+01
7NLJ_2	7ZJY_1	61	6.446E-01	3.395E+00
7NLJ_2	5JHJ_1	77	5.206E-01	9.077E+00
7NLJ_2	2LW6_1	68	6.400E-01	3.977E+00
7NLJ_2	6Q76_2	72	5.367E-01	5.149E+00
7NLJ_2	2N37_1	67	5.569E-01	4.437E+00
7NLJ_2	1FN8_1	70	3.873E-01	1.079E+01
7NLJ_2	1KG1_1	61	2.885E-01	1.176E+01
7NLJ_2	8OXL_1	82	2.354E-01	1.326E+01
7NLJ_2	6SGO_1	95	2.317E-01	1.149E+01
7NLJ_2	8OXI_1	69	3.084E-01	1.261E+01
7NLJ_2	7MQQ_1	91	1.698E-01	1.316E+01
7NLJ_2	9FYC_2	83	2.400E-01	1.399E+01
7NLJ_2	1ZLE_1	59	2.515E-01	1.325E+01
7NLJ_2	5XMZ_1	99	3.162E-01	1.257E+01
7NLJ_2	8OXH_1	86	2.143E-01	1.101E+01
7NLJ_2	8OXK_1	70	2.229E-01	9.529E+00
7NLJ_2	6FMB_1	27	2.582E-01	4.089E+00
7NLJ_2	8V1J_1	29	3.962E-01	3.453E+00
7NLJ_2	8EBB_1	70	2.081E-01	1.246E+01
7NLJ_2	8ACX_1	44	3.320E-01	5.704E+00
7NLJ_2	7T6A_1	87	1.628E-01	1.562E+01
7NLJ_2	5FNO_1	80	2.155E-01	1.333E+01
7NLJ_2	4GVB_2	19	4.242E-01	3.381E+00
7NLJ_2	5VJJ_1	38	3.040E-01	7.978E+00
7NLJ_2	6BN0_1	24	2.312E-01	6.670E+00
7NLJ_2	8OXJ_1	89	1.798E-01	1.137E+01
7NLJ_2	8DP8_1	96	3.118E-01	1.084E+01
7NLJ_2	9FEI_1	141	1.267E-01	1.676E+01
7NLJ_2	1KPT_1	21	2.856E-01	5.662E+00
7NLJ_2	8DP9_1	46	2.456E-01	9.248E+00
7NLJ_2	4B9H_1	12	3.937E-01	2.577E+00
1KPT_1	1KPT_1	105	1.010E+00	2.583E-02
1KPT_1	8ACX_1	122	4.472E-01	7.270E+00
1KPT_1	8OXK_1	121	2.236E-01	1.047E+01
1KPT_1	8OXJ_1	121	2.138E-01	1.067E+01
1KPT_1	2N37_1	13	4.509E-01	2.352E+00
1KPT_1	6G10_2	40	2.164E-01	8.875E+00
1KPT_1	9FYC_2	43	3.959E-01	9.824E+00
1KPT_1	7MQQ_1	13	4.072E-01	2.317E+00
1KPT_1	8DP8_1	89	1.916E-01	1.197E+01
1KPT_1	6FUD_2	22	2.448E-01	6.117E+00
1KPT_1	7B1I_2	40	2.121E-01	8.866E+00
1KPT_1	6FU9_2	22	2.347E-01	6.163E+00
1KPT_1	6FUB_1	22	2.430E-01	6.142E+00
1KPT_1	2MM0_1	36	1.754E-01	8.988E+00
1KPT_1	6G11_1	22	2.350E-01	6.109E+00
1KPT_1	5XMZ_1	87	1.593E-01	1.458E+01
1KPT_1	9FEI_1	13	4.212E-01	1.876E+00
1KPT_1	6R5J_1	64	1.392E-01	1.148E+01
1KPT_1	5VJJ_1	31	2.228E-01	1.320E+01
1KPT_1	8C8A_1	34	2.051E-01	9.129E+00
1KPT_1	7NLJ_2	21	2.856E-01	5.662E+00
1KPT_1	8OXI_1	60	1.973E-01	1.125E+01
1KPT_1	5ZNG_2	26	2.192E-01	7.217E+00
1KPT_1	2MM2_1	31	2.282E-01	9.215E+00
1KPT_1	2MYV_1	15	2.852E-01	5.570E+00
1KPT_1	7ZKD_1	34	2.331E-01	8.791E+00
1KPT_1	8OXL_1	41	2.159E-01	6.891E+00
1KPT_1	2QVT_1	16	2.782E-01	5.248E+00
4GVB_2	4GVB_2	74	1.014E+00	0.000E+00
4GVB_2	4GVB_1	72	8.019E-01	2.284E+00
4GVB_2	6QPK_1	76	6.160E-01	4.697E+00
4GVB_2	8OXK_1	59	2.044E-01	9.532E+00
4GVB_2	8OXL_1	32	2.275E-01	9.306E+00
4GVB_2	8OXH_1	30	2.411E-01	7.750E+00
4GVB_2	8R7A_2	9	6.568E-01	9.916E-01
4GVB_2	7NMM_2	23	2.290E-01	8.654E+00
4GVB_2	2N37_1	20	3.078E-01	3.068E+00
4GVB_2	5OD4_1	72	2.539E-01	1.144E+01
4GVB_2	6WES_1	16	2.630E-01	4.805E+00
4GVB_2	8EBB_1	18	2.408E-01	2.473E+00
4GVB_2	9FEI_1	10	4.701E-01	1.895E+00
4GVB_2	2MYV_1	82	2.496E-01	9.062E+00
4GVB_2	7NLJ_2	19	4.242E-01	3.381E+00
4GVB_2	7AD5_1	31	2.698E-01	6.713E+00
4GVB_2	8EB9_1	18	2.075E-01	5.483E+00
4GVB_2	8DP9_1	48	2.012E-01	8.748E+00
2OPC_1	2OPC_1	115	1.009E+00	0.000E+00
2OPC_1	2QVT_1	113	9.974E-01	5.465E-01
2OPC_1	1ZLD_1	108	4.758E-01	6.608E+00
2OPC_1	1ZLE_1	105	4.855E-01	6.825E+00
2OPC_1	5OD4_1	117	3.352E-01	1.091E+01
2OPC_1	8EB9_1	85	2.610E-01	1.314E+01
2OPC_1	7T69_1	108	2.456E-01	1.487E+01
2OPC_1	2N37_1	70	3.264E-01	1.069E+01
2OPC_1	6WES_1	29	4.088E-01	4.072E+00
2OPC_1	7MQQ_1	83	2.127E-01	1.043E+01
2OPC_1	5ZNG_2	73	3.467E-01	8.406E+00
2OPC_1	8C8A_1	30	2.424E-01	4.238E+00
2OPC_1	7T6A_1	145	2.099E-01	1.695E+01
2OPC_1	2LW6_1	81	2.333E-01	1.129E+01
2OPC_1	8OXL_1	42	1.783E-01	1.020E+01
2OPC_1	5FID_1	109	2.532E-01	1.270E+01
2OPC_1	5JHJ_1	31	4.476E-01	8.930E+00
2OPC_1	2N4O_1	21	2.519E-01	8.201E+00
2OPC_1	8OXI_1	21	3.601E-01	2.288E+00
2OPC_1	8ACX_1	13	4.100E-01	2.176E+00
2OPC_1	9FEI_1	45	3.821E-01	1.291E+01
2OPC_1	5Z1V_1	24	4.523E-01	2.284E+00
2OPC_1	6FMB_1	22	3.838E-01	2.938E+00
2OPC_1	5XMZ_1	117	1.842E-01	1.229E+01
2OPC_1	8V1J_1	135	1.221E-01	1.565E+01
2OPC_1	8EBB_1	171	1.517E-01	1.801E+01
8OXJ_1	8OXJ_1	92	1.011E+00	0.000E+00
8OXJ_1	8OXK_1	92	1.000E+00	4.503E-01
8OXJ_1	6FMB_1	101	6.931E-01	3.897E+00
8OXJ_1	8OXI_1	92	7.303E-01	4.718E+00
8OXJ_1	8OXH_1	103	5.603E-01	5.438E+00
8OXJ_1	9FYC_2	99	6.982E-01	3.000E+00
8OXJ_1	8OXL_1	96	5.762E-01	4.944E+00
8OXJ_1	1ZLE_1	68	3.397E-01	1.231E+01
8OXJ_1	8ACX_1	108	2.589E-01	1.192E+01
8OXJ_1	5ZNG_2	54	2.492E-01	9.538E+00
8OXJ_1	1FN8_1	110	1.939E-01	1.206E+01
8OXJ_1	5FNO_1	104	2.282E-01	1.256E+01
8OXJ_1	5Z1V_1	67	2.284E-01	1.104E+01
8OXJ_1	2MYV_1	54	2.631E-01	9.413E+00
8OXJ_1	7T69_1	84	2.700E-01	1.176E+01
8OXJ_1	1ZLD_1	68	3.378E-01	1.228E+01
8OXJ_1	2MM0_1	47	4.438E-01	8.691E+00
8OXJ_1	8V1J_1	57	2.108E-01	1.081E+01
8OXJ_1	6SGO_1	95	1.657E-01	1.223E+01
8OXJ_1	9FEI_1	59	2.739E-01	1.404E+01
8OXJ_1	7NMM_2	91	1.920E-01	1.225E+01
8OXJ_1	1KPT_1	68	2.497E-01	8.291E+00
8OXJ_1	6QPK_1	40	3.608E-01	7.161E+00
8OXJ_1	7A8X_2	84	1.935E-01	1.206E+01
8OXJ_1	7NLJ_2	92	1.826E-01	1.067E+01
8OXJ_1	8DP9_1	22	2.864E-01	3.306E+00
8OXJ_1	6WES_1	89	2.421E-01	1.655E+01
8OXJ_1	31EE_1	19	4.091E-01	3.048E+00
8OXJ_1	1KG1_1	9	9.718E-01	4.269E-01
8OXJ_1	5VJJ_1	71	2.421E-01	1.240E+01
8OXJ_1	2LW6_1	31	2.786E-01	5.467E+00
8OXJ_1	7ZJY_1	58	2.061E-01	1.121E+01
8OXJ_1	6FUD_2	85	1.997E-01	1.159E+01
8OXJ_1	7B1I_2	75	1.853E-01	1.159E+01
8OXJ_1	5A6W_2	75	2.081E-01	1.140E+01
8OXJ_1	6FU9_2	84	2.009E-01	1.178E+01
8OXJ_1	2N4O_1	81	1.625E-01	1.050E+01
7EAU_1	7EAU_1	50	1.020E+00	5.490E-03
7EAU_1	2LW6_1	65	2.361E-01	9.883E+00
7EAU_1	2MYW_1	39	2.536E-01	7.369E+00
7EAU_1	7ZJY_1	22	3.082E-01	9.131E+00
7EAU_1	7T69_1	49	2.462E-01	8.982E+00
7EAU_1	2N37_1	21	2.233E-01	8.222E+00
7EAU_1	6FMB_1	23	2.898E-01	6.388E+00
7EAU_1	9FYC_2	23	3.539E-01	5.173E+00
7EAU_1	8DP9_1	19	2.535E-01	4.739E+00
7EAU_1	1KG1_1	41	2.166E-01	8.903E+00
7EAU_1	6Q76_2	11	3.833E-01	2.602E+00
7EAU_1	5JHJ_1	11	3.593E-01	2.629E+00
1ZLE_1	1ZLE_1	103	1.010E+00	3.696E-02
1ZLE_1	1ZLD_1	103	9.762E-01	4.213E+00
1ZLE_1	8EB9_1	96	6.397E-01	4.460E+00
1ZLE_1	2QVT_1	108	4.786E-01	5.914E+00
1ZLE_1	2OPC_1	105	4.855E-01	6.825E+00
1ZLE_1	8EBB_1	110	3.965E-01	8.500E+00
1ZLE_1	7T6A_1	135	3.294E-01	1.234E+01
1ZLE_1	7MQQ_1	107	2.548E-01	8.289E+00
1ZLE_1	7T69_1	96	1.866E-01	1.350E+01
1ZLE_1	8OXJ_1	67	3.331E-01	1.242E+01
1ZLE_1	8V1J_1	113	2.603E-01	1.115E+01
1ZLE_1	8OXK_1	73	3.346E-01	1.304E+01
1ZLE_1	8OXI_1	85	3.210E-01	1.232E+01
1ZLE_1	2N37_1	63	2.457E-01	9.137E+00
1ZLE_1	6Q76_2	62	2.465E-01	9.428E+00
1ZLE_1	6FUD_2	59	2.694E-01	1.311E+01
1ZLE_1	6G11_1	58	2.458E-01	1.396E+01
1ZLE_1	5A6W_2	58	2.473E-01	1.344E+01
1ZLE_1	5XMZ_1	78	3.344E-01	9.722E+00
1ZLE_1	9FEI_1	110	1.669E-01	1.534E+01
1ZLE_1	7NLJ_2	59	2.515E-01	1.325E+01
1ZLE_1	5JHJ_1	25	4.570E-01	5.288E+00
1ZLE_1	7A8X_2	62	2.281E-01	1.396E+01
1ZLE_1	6G10_2	58	2.460E-01	1.342E+01
1ZLE_1	6FUB_1	60	2.431E-01	1.367E+01
1ZLE_1	9FYC_2	48	2.223E-01	1.084E+01
1ZLE_1	8R7A_2	75	3.175E-01	1.059E+01
1ZLE_1	6FU9_2	58	2.499E-01	1.343E+01
1ZLE_1	7ZK0_1	72	2.898E-01	1.048E+01
1ZLE_1	6FMB_1	75	2.682E-01	1.259E+01
1ZLE_1	7B1I_2	60	2.046E-01	1.384E+01
1ZLE_1	7NMM_2	62	2.282E-01	1.390E+01
1ZLE_1	8DP8_1	56	2.011E-01	9.461E+00
1ZLE_1	6WES_1	98	1.707E-01	1.483E+01
1ZLE_1	1FN8_1	148	1.518E-01	1.484E+01
1ZLE_1	5FID_1	76	2.901E-01	1.294E+01
1ZLE_1	6R5J_1	72	2.060E-01	1.113E+01
1ZLE_1	5VJJ_1	43	2.488E-01	1.068E+01
6G11_1	6G11_1	82	1.012E+00	8.508E-03
6G11_1	5A6W_2	82	1.006E+00	3.257E-01
6G11_1	6FU9_2	82	1.003E+00	3.863E-01
6G11_1	6FUB_1	82	9.928E-01	6.322E-01
6G11_1	6FUD_2	81	9.975E-01	4.961E-01
6G11_1	7B1I_2	81	1.004E+00	3.712E-01
6G11_1	6G10_2	82	9.931E-01	7.953E-01
6G11_1	7A8X_2	80	1.004E+00	3.670E-01
6G11_1	7NMM_2	81	9.890E-01	6.277E-01
6G11_1	7NLJ_2	81	9.783E-01	7.822E-01
6G11_1	6R5J_1	62	7.466E-01	2.267E+00
6G11_1	2MYV_1	62	7.856E-01	2.950E+00
6G11_1	5ZNG_2	63	7.455E-01	2.632E+00
6G11_1	2MM0_1	63	7.522E-01	2.383E+00
6G11_1	5Z1V_1	57	7.670E-01	2.414E+00
6G11_1	8C8A_1	77	6.395E-01	4.592E+00
6G11_1	8R7A_2	63	7.658E-01	2.156E+00
6G11_1	7ZK0_1	64	7.336E-01	2.606E+00
6G11_1	2MM2_1	63	7.002E-01	2.668E+00
6G11_1	2MYW_1	84	4.654E-01	1.194E+01
6G11_1	7ZKD_1	89	4.454E-01	9.552E+00
6G11_1	6Q76_2	72	5.315E-01	5.105E+00
6G11_1	2LW6_1	68	6.638E-01	4.082E+00
6G11_1	5JHJ_1	81	5.037E-01	9.318E+00
6G11_1	2N37_1	67	5.224E-01	4.531E+00
6G11_1	7ZJY_1	66	4.648E-01	5.171E+00
6G11_1	5XMZ_1	99	2.996E-01	1.456E+01
6G11_1	8ACX_1	29	4.021E-01	4.496E+00
6G11_1	1ZLE_1	59	2.426E-01	1.401E+01
6G11_1	7MQQ_1	71	2.057E-01	1.365E+01
6G11_1	9FYC_2	63	2.825E-01	1.330E+01
6G11_1	1ZLD_1	60	2.357E-01	1.396E+01
6G11_1	5OD4_1	67	2.401E-01	7.128E+00
6G11_1	8EBB_1	70	2.324E-01	1.222E+01
6G11_1	7T6A_1	74	1.698E-01	1.542E+01
6G11_1	6BN0_1	31	2.519E-01	1.043E+01
6G11_1	5FNO_1	15	5.032E-01	1.818E+00
6G11_1	8EB9_1	69	1.733E-01	1.432E+01
6G11_1	6FMB_1	51	2.125E-01	9.371E+00
6G11_1	5FID_1	61	3.938E-01	5.835E+00
6G11_1	6ZUS_1	63	2.468E-01	9.737E+00
6G11_1	8OXI_1	38	2.506E-01	5.715E+00
6G11_1	4FPQ_1	25	2.034E-01	1.462E+01
6G11_1	8DP9_1	47	2.363E-01	8.264E+00
4FPQ_1	4FPQ_1	130	1.008E+00	1.011E-02
4FPQ_1	4FPR_1	130	1.004E+00	3.260E-01
4FPQ_1	7AD5_1	130	4.536E-01	8.052E+00
4FPQ_1	6ZUS_1	93	3.281E-01	7.402E+00
4FPQ_1	4B9H_1	71	2.444E-01	1.220E+01
4FPQ_1	6BN0_1	33	2.554E-01	7.807E+00
4FPQ_1	8EBB_1	94	2.855E-01	1.650E+01
4FPQ_1	4B8V_1	83	2.226E-01	1.338E+01
4FPQ_1	5FNO_1	28	6.063E-01	3.758E+00
4FPQ_1	6Q40_1	75	2.743E-01	1.258E+01
4FPQ_1	1FN8_1	21	3.371E-01	7.255E+00
4FPQ_1	7ZKD_1	9	4.194E-01	1.539E+00
4FPQ_1	8ACX_1	119	1.400E-01	1.365E+01
4FPQ_1	4GVB_1	8	4.883E-01	1.507E+00
4FPQ_1	5JHJ_1	5	9.639E-01	5.546E-01
4FPQ_1	6FUD_2	10	5.079E-01	2.257E+00
4FPQ_1	8EB9_1	9	6.258E-01	1.708E+00
4FPQ_1	5ZNG_2	18	2.725E-01	6.349E+00
4FPQ_1	7B1I_2	25	1.995E-01	1.461E+01
4FPQ_1	6FUB_1	10	5.161E-01	2.355E+00
4FPQ_1	5OD4_1	51	2.947E-01	9.921E+00
4FPQ_1	7T69_1	126	1.701E-01	1.270E+01
8V1J_1	8V1J_1	115	1.009E+00	0.000E+00
8V1J_1	5VJJ_1	81	2.269E-01	1.204E+01
8V1J_1	1ZLD_1	104	3.285E-01	1.095E+01
8V1J_1	7T69_1	81	3.633E-01	9.140E+00
8V1J_1	5FNO_1	35	4.773E-01	9.683E+00
8V1J_1	8OXH_1	36	6.023E-01	2.938E+00
8V1J_1	7T6A_1	89	2.896E-01	9.865E+00
8V1J_1	1ZLE_1	107	2.829E-01	1.103E+01
8V1J_1	9FEI_1	135	2.454E-01	1.896E+01
8V1J_1	6ZUS_1	38	4.375E-01	9.723E+00
8V1J_1	5XMZ_1	115	2.542E-01	1.373E+01
8V1J_1	5OD4_1	119	2.441E-01	1.361E+01
8V1J_1	6SGO_1	56	2.674E-01	9.027E+00
8V1J_1	2N37_1	51	2.105E-01	1.377E+01
8V1J_1	8ACX_1	111	2.065E-01	1.616E+01
8V1J_1	2QVT_1	91	2.357E-01	1.013E+01
8V1J_1	1FN8_1	120	1.930E-01	1.500E+01
8V1J_1	6R5J_1	57	2.653E-01	1.186E+01
8V1J_1	2MYW_1	56	2.141E-01	1.275E+01
8V1J_1	6FMB_1	30	2.777E-01	9.028E+00
8V1J_1	8R7A_2	42	2.824E-01	7.815E+00
8V1J_1	6Q76_2	45	2.215E-01	9.405E+00
8V1J_1	8EB9_1	108	2.593E-01	1.450E+01
8V1J_1	7NLJ_2	58	2.199E-01	1.045E+01
8V1J_1	7NMM_2	56	2.166E-01	1.022E+01
8V1J_1	8OXJ_1	66	2.257E-01	9.632E+00
8V1J_1	8OXK_1	65	1.818E-01	1.185E+01
8V1J_1	8DP9_1	98	1.760E-01	1.572E+01
8V1J_1	2MM2_1	44	2.562E-01	1.132E+01
8V1J_1	7B1I_2	31	2.532E-01	5.722E+00
8V1J_1	8C8A_1	102	1.533E-01	1.708E+01
8V1J_1	7ZKD_1	28	2.360E-01	7.074E+00
8V1J_1	8OXL_1	89	2.067E-01	1.299E+01
8V1J_1	9FYC_2	57	2.498E-01	1.193E+01
8V1J_1	5FID_1	106	2.016E-01	1.364E+01
8V1J_1	8EBB_1	146	1.411E-01	1.817E+01
8V1J_1	6BN0_1	55	1.645E-01	1.355E+01
8V1J_1	2OPC_1	82	1.329E-01	1.198E+01
5LOS_1	5LOS_1	89	1.011E+00	1.313E-02
5LOS_1	4BJN_1	108	3.352E-01	1.306E+01
5LOS_1	4BJM_1	106	3.703E-01	1.067E+01
5LOS_1	7XE0_2	74	3.238E-01	1.346E+01
6BN0_1	6BN0_1	79	1.013E+00	1.633E-02
6BN0_1	4Z4A_1	75	9.115E-01	1.526E+00
6BN0_1	7T6A_1	30	6.378E-01	2.530E+00
6BN0_1	8EBB_1	44	4.995E-01	4.364E+00
6BN0_1	7T69_1	55	4.477E-01	6.745E+00
6BN0_1	9FYC_2	27	4.799E-01	3.429E+00
6BN0_1	7A8X_2	30	2.474E-01	1.021E+01
6BN0_1	6FUD_2	31	2.507E-01	1.070E+01
6BN0_1	6G10_2	24	2.667E-01	6.700E+00
6BN0_1	7NMM_2	24	2.281E-01	6.686E+00
6BN0_1	7B1I_2	31	2.558E-01	1.072E+01
6BN0_1	6FU9_2	31	2.472E-01	1.078E+01
6BN0_1	6FUB_1	31	2.528E-01	1.073E+01
6BN0_1	8OXH_1	37	4.224E-01	5.078E+00
6BN0_1	2N37_1	38	2.891E-01	9.604E+00
6BN0_1	6G11_1	31	2.519E-01	1.066E+01
6BN0_1	8R7A_2	17	4.288E-01	1.706E+00
6BN0_1	7MQQ_1	42	2.688E-01	1.023E+01
6BN0_1	2MM0_1	17	3.010E-01	3.309E+00
6BN0_1	2LW6_1	43	2.359E-01	9.528E+00
6BN0_1	8EB9_1	52	2.783E-01	6.963E+00
6BN0_1	8OXL_1	47	1.693E-01	9.246E+00
6BN0_1	2QVT_1	62	2.074E-01	1.040E+01
6BN0_1	7ZJY_1	33	2.868E-01	6.013E+00
6BN0_1	6Q76_2	61	3.163E-01	9.943E+00
6BN0_1	8OXK_1	38	3.165E-01	6.591E+00
6BN0_1	8ACX_1	47	2.390E-01	1.016E+01
6BN0_1	8V1J_1	26	3.404E-01	3.391E+00
6BN0_1	8DP9_1	32	2.165E-01	8.906E+00
6BN0_1	4B8V_1	33	2.846E-01	7.008E+00
6BN0_1	4B9H_1	34	3.097E-01	6.806E+00
6BN0_1	6R5J_1	35	3.260E-01	9.505E+00
6BN0_1	5XMZ_1	46	2.415E-01	9.400E+00
9FEI_1	9FEI_1	185	1.005E+00	1.548E-02
9FEI_1	6WES_1	180	2.686E-01	1.845E+01
9FEI_1	8OXH_1	50	2.932E-01	1.472E+01
9FEI_1	1ZLD_1	120	1.763E-01	1.555E+01
9FEI_1	8V1J_1	151	2.284E-01	1.944E+01
9FEI_1	5XMZ_1	153	1.698E-01	1.822E+01
9FEI_1	6SGO_1	90	2.205E-01	1.867E+01
9FEI_1	1ZLE_1	110	1.669E-01	1.534E+01
9FEI_1	4Z4A_1	43	3.264E-01	7.230E+00
9FEI_1	8OXJ_1	59	2.960E-01	1.408E+01
9FEI_1	5OD4_1	129	2.458E-01	1.622E+01
9FEI_1	8OXK_1	29	3.918E-01	1.399E+01
9FEI_1	7T69_1	188	1.451E-01	1.970E+01
9FEI_1	5FNO_1	54	3.465E-01	8.304E+00
9FEI_1	2MM2_1	58	2.018E-01	1.066E+01
9FEI_1	7ZKD_1	167	1.594E-01	1.891E+01
9FEI_1	8OXL_1	125	2.165E-01	1.388E+01
9FEI_1	8OXI_1	55	2.267E-01	1.387E+01
9FEI_1	8EBB_1	215	1.286E-01	1.928E+01
9FEI_1	6Q76_2	78	1.813E-01	1.178E+01
9FEI_1	5JHJ_1	44	2.190E-01	1.192E+01
9FEI_1	7NMM_2	184	1.832E-01	1.677E+01
9FEI_1	2MM0_1	37	2.223E-01	1.220E+01
9FEI_1	8EB9_1	99	1.761E-01	1.536E+01
9FEI_1	9FYC_2	93	2.222E-01	1.379E+01
9FEI_1	1KPT_1	13	4.212E-01	1.876E+00
9FEI_1	8ACX_1	103	1.285E-01	1.612E+01
9FEI_1	6ZUS_1	150	1.178E-01	1.899E+01
9FEI_1	4GVB_2	10	4.701E-01	1.895E+00
9FEI_1	5VJJ_1	20	2.932E-01	3.256E+00
9FEI_1	2MYW_1	48	2.305E-01	1.090E+01
9FEI_1	7NLJ_2	141	1.267E-01	1.676E+01
9FEI_1	6FMB_1	53	3.352E-01	1.156E+01
9FEI_1	2OPC_1	45	3.821E-01	1.291E+01
9FEI_1	8DP9_1	96	2.066E-01	1.144E+01
9FEI_1	1FN8_1	137	1.154E-01	1.917E+01
9FEI_1	6FUD_2	67	1.569E-01	1.159E+01
9FEI_1	6FU9_2	38	1.565E-01	1.107E+01
9FEI_1	6FUB_1	36	1.581E-01	1.155E+01
4BJM_1	4BJM_1	226	1.004E+00	1.576E-02
4BJM_1	4BJN_1	225	9.229E-01	1.867E+00
4BJM_1	5LOS_1	109	3.532E-01	1.076E+01
4BJM_1	31EE_1	140	2.058E-01	1.745E+01
4BJM_1	7XDS_1	221	1.545E-01	1.837E+01
4BJM_1	7XVG_2	257	1.777E-01	1.972E+01
4BJM_1	7XE0_2	277	1.422E-01	2.130E+01
4BJM_1	7XC2_2	261	2.020E-01	1.884E+01
4BJM_1	4B8V_1	22	3.115E-01	4.742E+00
6R5J_1	6R5J_1	68	1.015E+00	0.000E+00
6R5J_1	2MM0_1	63	8.910E-01	1.432E+00
6R5J_1	2MM2_1	64	8.637E-01	1.686E+00
6R5J_1	8C8A_1	64	8.256E-01	1.816E+00
6R5J_1	7NMM_2	62	7.600E-01	2.207E+00
6R5J_1	6G10_2	62	7.409E-01	2.307E+00
6R5J_1	6G11_1	62	7.466E-01	2.267E+00
6R5J_1	7B1I_2	62	7.421E-01	2.291E+00
6R5J_1	7NLJ_2	62	7.485E-01	2.267E+00
6R5J_1	6FU9_2	62	7.374E-01	2.330E+00
6R5J_1	6FUB_1	62	7.389E-01	2.318E+00
6R5J_1	6FUD_2	62	7.367E-01	2.325E+00
6R5J_1	5A6W_2	62	7.436E-01	2.282E+00
6R5J_1	7A8X_2	62	7.508E-01	2.254E+00
6R5J_1	5Z1V_1	58	7.758E-01	2.172E+00
6R5J_1	2MYW_1	70	5.414E-01	3.868E+00
6R5J_1	7ZKD_1	72	6.538E-01	3.635E+00
6R5J_1	8R7A_2	66	6.276E-01	3.942E+00
6R5J_1	5JHJ_1	65	5.624E-01	3.767E+00
6R5J_1	6Q76_2	68	5.673E-01	3.674E+00
6R5J_1	5ZNG_2	63	6.586E-01	3.266E+00
6R5J_1	7ZK0_1	67	6.200E-01	3.150E+00
6R5J_1	2LW6_1	69	6.137E-01	3.909E+00
6R5J_1	2MYV_1	61	6.570E-01	3.145E+00
6R5J_1	2N37_1	66	5.593E-01	3.784E+00
6R5J_1	7ZJY_1	61	5.102E-01	4.251E+00
6R5J_1	8OXK_1	42	4.061E-01	9.369E+00
6R5J_1	5XMZ_1	87	2.554E-01	1.364E+01
6R5J_1	8OXL_1	85	2.642E-01	1.087E+01
6R5J_1	8ACX_1	29	3.523E-01	5.049E+00
6R5J_1	8EBB_1	62	3.132E-01	1.296E+01
6R5J_1	5VJJ_1	32	2.296E-01	9.976E+00
6R5J_1	8OXJ_1	65	3.805E-01	8.189E+00
6R5J_1	8V1J_1	57	2.653E-01	1.186E+01
6R5J_1	6FMB_1	27	3.562E-01	4.009E+00
6R5J_1	5FID_1	58	2.735E-01	1.211E+01
6R5J_1	1FN8_1	72	3.593E-01	1.018E+01
6R5J_1	9FYC_2	55	3.495E-01	6.798E+00
6R5J_1	7T69_1	42	2.327E-01	1.021E+01
6R5J_1	5FNO_1	26	3.024E-01	7.816E+00
6R5J_1	4Z4A_1	60	1.879E-01	1.051E+01
6R5J_1	8OXH_1	36	2.034E-01	6.430E+00
6R5J_1	6BN0_1	35	3.269E-01	9.399E+00
6R5J_1	1ZLD_1	72	2.359E-01	1.152E+01
6R5J_1	1ZLE_1	72	2.060E-01	1.113E+01
6R5J_1	7AD5_1	16	4.266E-01	4.226E+00
6R5J_1	6ZUS_1	21	1.971E-01	1.107E+01
7NMM_2	7NMM_2	91	1.011E+00	0.000E+00
7NMM_2	7NLJ_2	91	9.914E-01	6.149E-01
7NMM_2	6G11_1	81	9.890E-01	6.278E-01
7NMM_2	5A6W_2	81	9.915E-01	5.889E-01
7NMM_2	6FU9_2	81	9.813E-01	7.219E-01
7NMM_2	6G10_2	81	9.853E-01	6.956E-01
7NMM_2	6FUB_1	82	9.680E-01	9.839E-01
7NMM_2	7A8X_2	80	9.806E-01	7.413E-01
7NMM_2	6FUD_2	81	9.736E-01	8.233E-01
7NMM_2	7B1I_2	81	9.895E-01	6.198E-01
7NMM_2	5ZNG_2	63	7.850E-01	2.431E+00
7NMM_2	2MYV_1	70	6.796E-01	4.456E+00
7NMM_2	6R5J_1	62	7.600E-01	2.207E+00
7NMM_2	2MM0_1	63	7.688E-01	2.212E+00
7NMM_2	5Z1V_1	60	7.319E-01	3.150E+00
7NMM_2	8C8A_1	83	6.203E-01	8.321E+00
7NMM_2	8R7A_2	63	7.739E-01	2.528E+00
7NMM_2	7ZK0_1	75	6.649E-01	4.055E+00
7NMM_2	2MM2_1	64	7.427E-01	2.325E+00
7NMM_2	2MYW_1	77	5.251E-01	1.217E+01
7NMM_2	7ZKD_1	90	5.311E-01	1.201E+01
7NMM_2	6Q76_2	70	5.822E-01	5.228E+00
7NMM_2	5JHJ_1	78	4.901E-01	9.327E+00
7NMM_2	2LW6_1	68	6.390E-01	4.080E+00
7NMM_2	2N37_1	67	5.486E-01	4.953E+00
7NMM_2	7ZJY_1	61	5.163E-01	4.130E+00
7NMM_2	8EBB_1	63	3.644E-01	6.603E+00
7NMM_2	1FN8_1	70	3.813E-01	1.085E+01
7NMM_2	1KG1_1	58	2.696E-01	1.148E+01
7NMM_2	6BN0_1	24	2.281E-01	6.686E+00
7NMM_2	8OXL_1	82	2.521E-01	1.322E+01
7NMM_2	7MQQ_1	91	1.770E-01	1.289E+01
7NMM_2	6SGO_1	95	2.409E-01	1.468E+01
7NMM_2	8DP8_1	98	3.076E-01	1.133E+01
7NMM_2	8OXK_1	69	2.401E-01	1.034E+01
7NMM_2	9FYC_2	89	2.258E-01	1.390E+01
7NMM_2	1ZLE_1	62	2.282E-01	1.390E+01
7NMM_2	5XMZ_1	70	1.780E-01	1.411E+01
7NMM_2	8OXJ_1	91	1.920E-01	1.225E+01
7NMM_2	8DP9_1	46	2.142E-01	9.185E+00
7NMM_2	5FID_1	61	4.020E-01	5.572E+00
7NMM_2	7T6A_1	92	2.009E-01	1.499E+01
7NMM_2	4GVB_2	23	2.290E-01	8.654E+00
7NMM_2	6FMB_1	58	2.158E-01	9.261E+00
7NMM_2	5OD4_1	68	2.802E-01	7.289E+00
7NMM_2	8OXH_1	89	2.003E-01	1.339E+01
7NMM_2	8V1J_1	56	2.166E-01	1.022E+01
7NMM_2	4B9H_1	70	1.763E-01	1.079E+01
7NMM_2	6ZUS_1	66	2.026E-01	1.012E+01
4B8V_1	4B8V_1	189	1.005E+00	2.681E-02
4B8V_1	4B9H_1	189	1.004E+00	2.280E-01
4B8V_1	6Q40_1	67	8.831E-01	1.732E+00
4B8V_1	7T69_1	144	2.085E-01	1.294E+01
4B8V_1	6QPK_1	58	2.153E-01	7.848E+00
4B8V_1	6BN0_1	33	2.846E-01	7.008E+00
4B8V_1	4Z4A_1	15	3.904E-01	2.059E+00
4B8V_1	2MYW_1	52	2.164E-01	9.219E+00
4B8V_1	7NMM_2	111	1.530E-01	1.489E+01
4B8V_1	4FPQ_1	83	2.226E-01	1.338E+01
4B8V_1	4FPR_1	31	3.188E-01	6.207E+00
4B8V_1	8EBB_1	26	3.261E-01	5.237E+00
4B8V_1	7T6A_1	30	2.750E-01	7.057E+00
4B8V_1	5FNO_1	35	3.607E-01	7.078E+00
4B8V_1	2N37_1	15	3.020E-01	3.075E+00
4B8V_1	7ZKD_1	16	2.899E-01	5.515E+00
4B8V_1	8R7A_2	31	1.965E-01	1.030E+01
4B8V_1	6ZUS_1	34	3.457E-01	7.585E+00
4B8V_1	8C8A_1	25	2.347E-01	9.808E+00
4B8V_1	8OXJ_1	25	1.931E-01	5.453E+00
4B8V_1	8ACX_1	16	2.676E-01	3.627E+00
4B8V_1	1FN8_1	105	1.675E-01	1.280E+01
7XDS_1	7XDS_1	369	1.003E+00	3.453E-02
7XDS_1	7XC2_2	413	9.821E-01	1.368E+00
7XDS_1	7XVG_2	381	9.687E-01	1.560E+00
7XDS_1	7XE0_2	383	9.611E-01	1.651E+00
7XDS_1	4BJM_1	250	1.509E-01	2.107E+01
7XDS_1	31EE_1	134	2.412E-01	1.795E+01
7XDS_1	4BJN_1	291	1.381E-01	2.384E+01
7XDS_1	5FNO_1	335	1.420E-01	2.009E+01
7XVG_2	7XVG_2	379	1.003E+00	0.000E+00
7XVG_2	7XE0_2	380	9.847E-01	1.065E+00
7XVG_2	7XDS_1	381	9.687E-01	1.558E+00
7XVG_2	7XC2_2	411	9.744E-01	1.691E+00
7XVG_2	31EE_1	136	1.840E-01	1.330E+01
7XVG_2	4BJM_1	239	1.586E-01	1.973E+01
7T6A_1	7T6A_1	185	1.005E+00	3.749E-02
7T6A_1	8EBB_1	173	4.861E-01	7.115E+00
7T6A_1	7T69_1	192	3.864E-01	1.008E+01
7T6A_1	5OD4_1	139	4.092E-01	1.381E+01
7T6A_1	6BN0_1	29	6.293E-01	2.521E+00
7T6A_1	1ZLE_1	135	3.294E-01	1.235E+01
7T6A_1	7MQQ_1	127	3.229E-01	1.390E+01
7T6A_1	4Z4A_1	38	6.092E-01	3.126E+00
7T6A_1	5Z1V_1	65	2.974E-01	1.303E+01
7T6A_1	1ZLD_1	128	2.015E-01	1.535E+01
7T6A_1	8EB9_1	88	4.401E-01	4.733E+00
7T6A_1	5ZNG_2	55	3.909E-01	7.900E+00
7T6A_1	8V1J_1	89	2.896E-01	9.865E+00
7T6A_1	2MM0_1	74	3.072E-01	9.690E+00
7T6A_1	8R7A_2	76	2.636E-01	1.380E+01
7T6A_1	2QVT_1	130	2.870E-01	1.134E+01
7T6A_1	2MYV_1	94	1.407E-01	1.255E+01
7T6A_1	2OPC_1	152	2.536E-01	1.234E+01
7T6A_1	7NLJ_2	108	2.164E-01	1.310E+01
7T6A_1	7NMM_2	86	1.998E-01	1.526E+01
7T6A_1	5VJJ_1	45	4.138E-01	8.306E+00
7T6A_1	6G11_1	74	1.698E-01	1.542E+01
7T6A_1	6G10_2	74	1.713E-01	1.533E+01
7T6A_1	9FYC_2	25	4.191E-01	2.458E+00
7T6A_1	5XMZ_1	177	1.754E-01	1.816E+01
7T6A_1	6WES_1	198	1.283E-01	2.097E+01
7T6A_1	7ZJY_1	47	2.527E-01	8.319E+00
7T6A_1	7A8X_2	74	1.801E-01	1.565E+01
7T6A_1	5A6W_2	74	1.774E-01	1.555E+01
7T6A_1	6FU9_2	74	1.706E-01	1.549E+01
7T6A_1	6FMB_1	49	4.789E-01	9.580E+00
7T6A_1	8DP9_1	100	1.914E-01	1.058E+01
7T6A_1	5FID_1	190	1.687E-01	1.352E+01
7T6A_1	8DP8_1	97	1.883E-01	1.159E+01
7T6A_1	6Q76_2	63	3.297E-01	8.457E+00
7T6A_1	6R5J_1	71	3.039E-01	1.388E+01
7T6A_1	5JHJ_1	88	1.792E-01	1.632E+01
7T6A_1	6FUB_1	61	2.946E-01	8.929E+00
7T6A_1	2N37_1	16	3.204E-01	5.428E+00
7T6A_1	6FUD_2	61	3.083E-01	1.324E+01
7T6A_1	8C8A_1	74	2.749E-01	1.346E+01
7T6A_1	8ACX_1	25	2.634E-01	5.476E+00
7T6A_1	7AD5_1	108	1.568E-01	1.602E+01
7T6A_1	4B8V_1	30	2.750E-01	7.057E+00
7T6A_1	4B9H_1	27	3.137E-01	5.780E+00
7T6A_1	5FNO_1	30	2.417E-01	5.828E+00
8OXH_1	8OXH_1	93	1.011E+00	0.000E+00
8OXH_1	8OXL_1	91	7.508E-01	3.074E+00
8OXH_1	8OXK_1	101	5.947E-01	5.192E+00
8OXH_1	8OXJ_1	103	5.603E-01	5.438E+00
8OXH_1	8OXI_1	103	5.095E-01	6.913E+00
8OXH_1	6FMB_1	110	4.711E-01	7.563E+00
8OXH_1	9FYC_2	109	4.132E-01	6.452E+00
8OXH_1	6WES_1	117	3.882E-01	1.087E+01
8OXH_1	9FEI_1	50	2.932E-01	1.472E+01
8OXH_1	8R7A_2	26	5.240E-01	5.757E+00
8OXH_1	8V1J_1	41	6.031E-01	3.360E+00
8OXH_1	6SGO_1	65	2.096E-01	1.150E+01
8OXH_1	5OD4_1	118	1.967E-01	1.539E+01
8OXH_1	1FN8_1	81	2.749E-01	1.032E+01
8OXH_1	5XMZ_1	111	2.153E-01	1.144E+01
8OXH_1	5FNO_1	61	3.931E-01	7.208E+00
8OXH_1	8EBB_1	46	2.317E-01	8.237E+00
8OXH_1	2MM0_1	48	5.446E-01	8.429E+00
8OXH_1	4GVB_2	28	2.455E-01	7.418E+00
8OXH_1	5VJJ_1	70	4.129E-01	7.646E+00
8OXH_1	6BN0_1	31	2.786E-01	6.009E+00
8OXH_1	7NLJ_2	86	2.143E-01	1.101E+01
8OXH_1	6ZUS_1	84	2.094E-01	1.544E+01
8OXH_1	2MYW_1	78	2.177E-01	1.377E+01
8OXH_1	7A8X_2	75	2.293E-01	1.396E+01
8OXH_1	8ACX_1	78	2.163E-01	9.717E+00
8OXH_1	7MQQ_1	102	2.620E-01	9.848E+00
8OXH_1	8DP9_1	33	3.234E-01	4.977E+00
8OXH_1	7T69_1	73	3.145E-01	9.280E+00
8OXH_1	6Q76_2	102	2.055E-01	1.055E+01
8OXH_1	6R5J_1	36	2.034E-01	6.430E+00
8OXH_1	7NMM_2	89	2.006E-01	1.357E+01
8OXH_1	2MYV_1	33	2.197E-01	8.426E+00
8OXH_1	6FU9_2	71	1.992E-01	1.360E+01
8OXH_1	6FUB_1	93	1.696E-01	1.535E+01
2QVT_1	2QVT_1	113	1.009E+00	0.000E+00
2QVT_1	2OPC_1	113	9.974E-01	5.466E-01
2QVT_1	1ZLD_1	123	4.429E-01	6.738E+00
2QVT_1	1ZLE_1	108	4.786E-01	5.914E+00
2QVT_1	5OD4_1	115	3.169E-01	1.228E+01
2QVT_1	8EB9_1	76	4.055E-01	9.572E+00
2QVT_1	7T69_1	109	3.086E-01	1.390E+01
2QVT_1	7T6A_1	129	2.762E-01	1.144E+01
2QVT_1	6WES_1	29	4.074E-01	4.066E+00
2QVT_1	8C8A_1	82	2.858E-01	1.028E+01
2QVT_1	2N37_1	76	2.768E-01	1.163E+01
2QVT_1	8V1J_1	91	2.357E-01	1.013E+01
2QVT_1	6Q76_2	82	2.896E-01	1.269E+01
2QVT_1	6BN0_1	62	2.074E-01	1.040E+01
2QVT_1	6R5J_1	80	2.537E-01	1.260E+01
2QVT_1	9FYC_2	22	3.814E-01	2.123E+00
2QVT_1	5FID_1	71	2.239E-01	1.352E+01
2QVT_1	8EBB_1	171	1.324E-01	1.778E+01
2QVT_1	8OXL_1	71	2.098E-01	1.098E+01
2QVT_1	8ACX_1	13	3.524E-01	2.317E+00
2QVT_1	6QPK_1	13	4.659E-01	4.782E+00
6WES_1	6WES_1	158	1.006E+00	1.273E-02
6WES_1	9FEI_1	166	2.178E-01	1.723E+01
6WES_1	8OXH_1	117	4.375E-01	1.074E+01
6WES_1	5XMZ_1	163	2.026E-01	1.707E+01
6WES_1	8V1J_1	139	1.929E-01	2.064E+01
6WES_1	6SGO_1	92	3.230E-01	1.117E+01
6WES_1	2QVT_1	29	4.074E-01	4.066E+00
6WES_1	8OXL_1	63	2.315E-01	1.698E+01
6WES_1	8OXI_1	54	2.057E-01	1.223E+01
6WES_1	7ZKD_1	118	2.708E-01	1.758E+01
6WES_1	2OPC_1	29	4.087E-01	4.072E+00
6WES_1	7ZJY_1	24	2.874E-01	5.099E+00
6WES_1	5VJJ_1	68	4.240E-01	7.066E+00
6WES_1	6FMB_1	50	2.160E-01	1.375E+01
6WES_1	1ZLE_1	93	1.813E-01	1.500E+01
6WES_1	2LW6_1	23	2.248E-01	6.783E+00
6WES_1	8OXK_1	57	2.198E-01	9.820E+00
6WES_1	2N4O_1	20	2.449E-01	4.768E+00
6WES_1	9FYC_2	65	2.566E-01	1.580E+01
6WES_1	7T6A_1	190	1.487E-01	2.046E+01
6WES_1	7EAU_1	17	2.682E-01	4.598E+00
6WES_1	4GVB_2	16	2.630E-01	4.805E+00
6WES_1	8OXJ_1	89	2.421E-01	1.655E+01
6WES_1	1ZLD_1	112	2.092E-01	1.582E+01
6WES_1	8ACX_1	99	1.763E-01	1.397E+01
6WES_1	7T69_1	181	1.499E-01	2.002E+01
6WES_1	1FN8_1	100	1.834E-01	1.287E+01
6WES_1	2MM2_1	29	2.426E-01	9.434E+00
6WES_1	6FUD_2	69	1.493E-01	1.686E+01
6WES_1	8C8A_1	70	1.812E-01	1.625E+01
2MYV_1	2MYV_1	79	1.013E+00	4.710E-03
2MYV_1	5ZNG_2	61	9.259E-01	1.651E+00
2MYV_1	7NMM_2	69	6.888E-01	4.147E+00
2MYV_1	7NLJ_2	69	6.891E-01	4.102E+00
2MYV_1	7A8X_2	62	7.194E-01	3.237E+00
2MYV_1	6G11_1	62	7.856E-01	2.951E+00
2MYV_1	5A6W_2	73	6.930E-01	4.975E+00
2MYV_1	6FU9_2	73	6.937E-01	5.002E+00
2MYV_1	6G10_2	77	6.863E-01	5.092E+00
2MYV_1	6FUD_2	73	6.564E-01	4.959E+00
2MYV_1	6FUB_1	73	6.081E-01	4.999E+00
2MYV_1	7B1I_2	73	6.123E-01	4.957E+00
2MYV_1	5Z1V_1	59	6.420E-01	3.400E+00
2MYV_1	8C8A_1	68	7.020E-01	3.672E+00
2MYV_1	7ZJY_1	62	5.722E-01	5.663E+00
2MYV_1	7ZK0_1	67	8.000E-01	2.748E+00
2MYV_1	2MM0_1	60	6.938E-01	3.430E+00
2MYV_1	5JHJ_1	76	3.978E-01	9.038E+00
2MYV_1	2MYW_1	76	3.566E-01	1.083E+01
2MYV_1	7ZKD_1	61	5.589E-01	4.043E+00
2MYV_1	8R7A_2	61	6.831E-01	3.494E+00
2MYV_1	2MM2_1	60	6.740E-01	3.479E+00
2MYV_1	6R5J_1	62	5.808E-01	3.679E+00
2MYV_1	2N37_1	63	4.850E-01	6.836E+00
2MYV_1	6Q76_2	67	4.455E-01	7.443E+00
2MYV_1	2LW6_1	73	6.129E-01	4.942E+00
2MYV_1	8OXK_1	54	2.660E-01	9.406E+00
2MYV_1	6FMB_1	46	3.212E-01	5.849E+00
2MYV_1	5OD4_1	71	1.954E-01	1.125E+01
2MYV_1	7T6A_1	94	1.407E-01	1.255E+01
2MYV_1	2QVT_1	74	2.361E-01	1.102E+01
2MYV_1	5FID_1	39	4.145E-01	6.810E+00
2MYV_1	6ZUS_1	96	2.078E-01	1.265E+01
2MYV_1	5VJJ_1	66	3.113E-01	1.407E+01
2MYV_1	5XMZ_1	58	3.213E-01	1.230E+01
2MYV_1	8EBB_1	22	3.062E-01	4.339E+00
2MYV_1	1KG1_1	60	2.386E-01	1.251E+01
2MYV_1	4GVB_1	15	5.641E-01	1.380E+00
2MYV_1	8OXL_1	57	1.845E-01	1.099E+01
2MYV_1	8OXI_1	15	2.725E-01	3.147E+00
2MYV_1	5FNO_1	19	2.447E-01	7.843E+00
2MYV_1	8OXH_1	33	2.197E-01	8.426E+00
2MYV_1	2OPC_1	76	2.002E-01	1.304E+01
2N37_1	2N37_1	66	1.015E+00	1.326E-02
2N37_1	6Q76_2	66	8.453E-01	1.912E+00
2N37_1	2MYW_1	66	8.031E-01	2.260E+00
2N37_1	5JHJ_1	66	8.015E-01	2.856E+00
2N37_1	6FUB_1	67	5.563E-01	4.910E+00
2N37_1	6FUD_2	67	5.574E-01	4.797E+00
2N37_1	7NMM_2	67	5.595E-01	4.851E+00
2N37_1	7ZK0_1	62	6.492E-01	3.004E+00
2N37_1	7ZKD_1	64	5.834E-01	3.968E+00
2N37_1	5ZNG_2	67	5.039E-01	4.583E+00
2N37_1	6R5J_1	66	5.889E-01	3.601E+00
2N37_1	7B1I_2	67	5.457E-01	4.242E+00
2N37_1	6FU9_2	67	5.383E-01	4.218E+00
2N37_1	2MYV_1	63	4.850E-01	6.594E+00
2N37_1	6G11_1	67	5.224E-01	4.531E+00
2N37_1	6G10_2	66	5.374E-01	4.263E+00
2N37_1	7NLJ_2	67	5.628E-01	4.354E+00
2N37_1	7A8X_2	67	5.342E-01	4.237E+00
2N37_1	5A6W_2	67	5.371E-01	4.261E+00
2N37_1	5Z1V_1	67	5.052E-01	6.195E+00
2N37_1	8R7A_2	71	4.775E-01	6.139E+00
2N37_1	7ZJY_1	70	3.279E-01	7.294E+00
2N37_1	8C8A_1	69	4.900E-01	4.839E+00
2N37_1	2MM2_1	67	5.455E-01	4.370E+00
2N37_1	2LW6_1	39	3.263E-01	5.374E+00
2N37_1	1ZLD_1	63	2.686E-01	8.851E+00
2N37_1	2OPC_1	70	3.264E-01	1.069E+01
2N37_1	2QVT_1	76	2.768E-01	1.163E+01
2N37_1	1ZLE_1	63	2.660E-01	1.245E+01
2N37_1	8EBB_1	30	2.522E-01	5.519E+00
2N37_1	7T69_1	27	2.983E-01	5.502E+00
2N37_1	6BN0_1	38	2.891E-01	9.604E+00
2N37_1	8OXL_1	64	3.290E-01	1.140E+01
2N37_1	1KPT_1	13	4.509E-01	2.352E+00
2N37_1	8V1J_1	51	2.105E-01	1.377E+01
2N37_1	6FMB_1	30	2.452E-01	6.222E+00
2N37_1	5FID_1	44	3.432E-01	8.451E+00
2N37_1	5OD4_1	68	1.943E-01	1.055E+01
2N37_1	7EAU_1	44	2.061E-01	6.871E+00
2N37_1	4GVB_2	20	3.078E-01	3.068E+00
2N37_1	7MQQ_1	76	1.950E-01	1.011E+01
2N37_1	6ZUS_1	88	1.478E-01	1.346E+01
2N37_1	1FN8_1	80	2.032E-01	1.142E+01
7ZKD_1	7ZKD_1	91	1.011E+00	0.000E+00
7ZKD_1	6R5J_1	72	6.538E-01	3.635E+00
7ZKD_1	7NMM_2	71	6.232E-01	4.530E+00
7ZKD_1	6Q76_2	64	5.858E-01	4.183E+00
7ZKD_1	6FU9_2	79	4.939E-01	7.497E+00
7ZKD_1	6FUD_2	66	5.458E-01	4.754E+00
7ZKD_1	7B1I_2	66	5.499E-01	4.715E+00
7ZKD_1	6FUB_1	94	4.343E-01	7.680E+00
7ZKD_1	5Z1V_1	60	6.022E-01	3.477E+00
7ZKD_1	5A6W_2	66	5.449E-01	4.674E+00
7ZKD_1	7A8X_2	65	5.599E-01	4.410E+00
7ZKD_1	6G11_1	66	5.455E-01	4.679E+00
7ZKD_1	6G10_2	76	5.116E-01	6.618E+00
7ZKD_1	2MM0_1	71	5.620E-01	4.529E+00
7ZKD_1	7NLJ_2	71	5.632E-01	4.836E+00
7ZKD_1	5JHJ_1	83	4.739E-01	5.693E+00
7ZKD_1	2MYW_1	84	4.859E-01	7.005E+00
7ZKD_1	8C8A_1	61	6.434E-01	3.211E+00
7ZKD_1	5ZNG_2	62	5.674E-01	4.096E+00
7ZKD_1	2MM2_1	70	4.549E-01	6.715E+00
7ZKD_1	2MYV_1	61	5.712E-01	3.965E+00
7ZKD_1	8R7A_2	66	6.322E-01	3.319E+00
7ZKD_1	2N37_1	64	5.675E-01	4.055E+00
7ZKD_1	2LW6_1	67	4.768E-01	4.130E+00
7ZKD_1	7ZK0_1	71	4.641E-01	6.423E+00
7ZKD_1	7ZJY_1	60	4.317E-01	5.071E+00
7ZKD_1	5XMZ_1	62	2.853E-01	6.886E+00
7ZKD_1	8OXL_1	43	3.307E-01	1.270E+01
7ZKD_1	5FID_1	61	3.299E-01	1.217E+01
7ZKD_1	6SGO_1	73	2.099E-01	1.481E+01
7ZKD_1	9FEI_1	143	1.960E-01	1.584E+01
7ZKD_1	4GVB_1	16	4.667E-01	3.009E+00
7ZKD_1	4FPR_1	9	5.210E-01	1.536E+00
7ZKD_1	8EBB_1	70	2.252E-01	1.171E+01
7ZKD_1	8OXI_1	58	2.495E-01	9.253E+00
7ZKD_1	7MQQ_1	19	4.189E-01	2.624E+00
7ZKD_1	4FPQ_1	9	4.194E-01	1.539E+00
7ZKD_1	6WES_1	80	1.557E-01	1.675E+01
7ZKD_1	4B8V_1	16	2.899E-01	5.516E+00
7ZKD_1	4B9H_1	16	3.050E-01	5.523E+00
7ZKD_1	1KG1_1	66	2.436E-01	1.170E+01
7ZKD_1	8OXH_1	100	2.295E-01	9.284E+00
7ZKD_1	1KPT_1	34	2.331E-01	8.791E+00
7ZKD_1	7T6A_1	45	1.653E-01	1.230E+01
5Z1V_1	5Z1V_1	58	1.018E+00	0.000E+00
5Z1V_1	7NLJ_2	57	7.798E-01	2.321E+00
5Z1V_1	7NMM_2	57	7.711E-01	2.420E+00
5Z1V_1	7B1I_2	57	7.710E-01	2.384E+00
5Z1V_1	5A6W_2	57	7.581E-01	2.484E+00
5Z1V_1	6FU9_2	60	7.195E-01	3.128E+00
5Z1V_1	6FUB_1	57	7.533E-01	2.432E+00
5Z1V_1	8R7A_2	63	7.178E-01	3.091E+00
5Z1V_1	2MM0_1	57	7.635E-01	2.645E+00
5Z1V_1	6G11_1	57	7.670E-01	2.414E+00
5Z1V_1	7A8X_2	57	7.551E-01	2.463E+00
5Z1V_1	6FUD_2	57	7.492E-01	2.408E+00
5Z1V_1	2MM2_1	58	7.341E-01	2.310E+00
5Z1V_1	6G10_2	60	7.263E-01	3.218E+00
5Z1V_1	6R5J_1	58	7.758E-01	2.172E+00
5Z1V_1	5ZNG_2	58	6.691E-01	3.296E+00
5Z1V_1	2MYV_1	59	6.420E-01	3.400E+00
5Z1V_1	8C8A_1	64	6.230E-01	3.349E+00
5Z1V_1	7ZKD_1	60	6.022E-01	3.477E+00
5Z1V_1	2MYW_1	71	4.621E-01	5.867E+00
5Z1V_1	6Q76_2	70	4.554E-01	6.453E+00
5Z1V_1	7ZK0_1	58	5.884E-01	3.353E+00
5Z1V_1	2LW6_1	66	7.100E-01	3.699E+00
5Z1V_1	5JHJ_1	73	4.630E-01	8.080E+00
5Z1V_1	2N37_1	67	5.052E-01	6.195E+00
5Z1V_1	7ZJY_1	59	4.026E-01	5.245E+00
5Z1V_1	7T6A_1	65	2.974E-01	1.303E+01
5Z1V_1	7MQQ_1	16	7.655E-01	6.784E-01
5Z1V_1	6FMB_1	24	3.366E-01	3.231E+00
5Z1V_1	8OXJ_1	59	2.677E-01	8.705E+00
5Z1V_1	8OXL_1	72	2.374E-01	1.209E+01
5Z1V_1	8OXK_1	59	2.704E-01	8.677E+00
5Z1V_1	8EB9_1	27	6.262E-01	2.053E+00
5Z1V_1	8OXI_1	27	3.659E-01	2.844E+00
5Z1V_1	5OD4_1	60	3.420E-01	1.007E+01
5Z1V_1	5VJJ_1	22	4.644E-01	5.579E+00
5Z1V_1	7T69_1	97	2.101E-01	1.820E+01
5Z1V_1	4GVB_1	13	7.674E-01	1.105E+00
5Z1V_1	8EBB_1	54	3.617E-01	9.421E+00
5Z1V_1	2OPC_1	24	4.523E-01	2.284E+00
5Z1V_1	5FNO_1	26	3.295E-01	3.833E+00
5Z1V_1	1KG1_1	47	3.046E-01	9.347E+00
5Z1V_1	6BN0_1	22	2.063E-01	4.402E+00
7AD5_1	7AD5_1	124	1.008E+00	0.000E+00
7AD5_1	6ZUS_1	151	5.187E-01	8.055E+00
7AD5_1	4FPQ_1	130	4.536E-01	8.052E+00
7AD5_1	4FPR_1	128	4.374E-01	8.170E+00
7AD5_1	6Q40_1	82	2.906E-01	1.307E+01
7AD5_1	5XMZ_1	17	3.912E-01	3.985E+00
7AD5_1	8EBB_1	91	2.707E-01	1.508E+01
7AD5_1	7T69_1	95	2.140E-01	9.132E+00
7AD5_1	6R5J_1	16	4.266E-01	4.226E+00
7AD5_1	5OD4_1	90	2.984E-01	1.562E+01
7AD5_1	7ZJY_1	13	3.705E-01	3.466E+00
7AD5_1	2MM2_1	12	4.070E-01	4.414E+00
7AD5_1	4GVB_2	31	2.698E-01	6.713E+00
7AD5_1	8C8A_1	13	4.518E-01	2.003E+00
7AD5_1	8OXH_1	9	6.760E-01	9.776E-01
7AD5_1	7T6A_1	106	1.371E-01	1.629E+01
7AD5_1	6FUB_1	10	5.551E-01	3.149E+00
5ZNG_2	5ZNG_2	62	1.016E+00	1.994E-02
5ZNG_2	2MYV_1	61	9.259E-01	1.651E+00
5ZNG_2	7NLJ_2	63	7.873E-01	2.404E+00
5ZNG_2	7NMM_2	63	7.850E-01	2.431E+00
5ZNG_2	6FUD_2	63	8.196E-01	2.094E+00
5ZNG_2	5A6W_2	63	7.730E-01	2.515E+00
5ZNG_2	7B1I_2	63	7.012E-01	2.721E+00
5ZNG_2	6G10_2	63	7.513E-01	2.627E+00
5ZNG_2	7A8X_2	62	7.319E-01	2.994E+00
5ZNG_2	6FU9_2	63	6.974E-01	2.813E+00
5ZNG_2	6FUB_1	63	6.946E-01	2.770E+00
5ZNG_2	6G11_1	63	7.455E-01	2.632E+00
5ZNG_2	5Z1V_1	58	6.691E-01	3.296E+00
5ZNG_2	7ZJY_1	57	5.813E-01	4.541E+00
5ZNG_2	8C8A_1	65	6.974E-01	3.287E+00
5ZNG_2	7ZK0_1	67	7.288E-01	3.047E+00
5ZNG_2	2MM0_1	60	7.057E-01	3.299E+00
5ZNG_2	6R5J_1	63	6.586E-01	3.266E+00
5ZNG_2	7ZKD_1	62	5.612E-01	4.148E+00
5ZNG_2	2N37_1	68	4.822E-01	6.312E+00
5ZNG_2	8R7A_2	64	6.629E-01	3.538E+00
5ZNG_2	6Q76_2	66	4.527E-01	6.525E+00
5ZNG_2	5JHJ_1	64	4.031E-01	5.085E+00
5ZNG_2	2LW6_1	72	5.768E-01	4.956E+00
5ZNG_2	2MYW_1	71	3.614E-01	7.006E+00
5ZNG_2	8OXJ_1	54	2.492E-01	9.538E+00
5ZNG_2	8OXK_1	54	2.546E-01	9.532E+00
5ZNG_2	2QVT_1	74	3.131E-01	8.952E+00
5ZNG_2	2OPC_1	73	3.467E-01	8.406E+00
5ZNG_2	8EBB_1	57	2.280E-01	9.622E+00
5ZNG_2	8EB9_1	61	3.357E-01	9.083E+00
5ZNG_2	5OD4_1	62	2.630E-01	7.756E+00
5ZNG_2	8OXL_1	67	1.858E-01	1.169E+01
5ZNG_2	5FID_1	37	2.296E-01	9.894E+00
5ZNG_2	5FNO_1	23	2.968E-01	6.241E+00
5ZNG_2	1KPT_1	26	2.192E-01	7.217E+00
5ZNG_2	6ZUS_1	11	5.765E-01	6.321E+00
5ZNG_2	1FN8_1	37	1.748E-01	1.001E+01
7A8X_2	7A8X_2	80	1.013E+00	0.000E+00
7A8X_2	5A6W_2	80	9.998E-01	4.602E-01
7A8X_2	6G11_1	80	1.004E+00	3.668E-01
7A8X_2	6FU9_2	80	1.001E+00	4.427E-01
7A8X_2	6FUB_1	80	9.983E-01	4.798E-01
7A8X_2	6FUD_2	80	9.977E-01	4.919E-01
7A8X_2	7B1I_2	80	1.000E+00	4.369E-01
7A8X_2	6G10_2	80	9.987E-01	4.768E-01
7A8X_2	7NMM_2	80	9.806E-01	7.414E-01
7A8X_2	7NLJ_2	80	9.697E-01	8.781E-01
7A8X_2	5ZNG_2	62	7.319E-01	2.994E+00
7A8X_2	2MYV_1	62	7.194E-01	3.237E+00
7A8X_2	2MM0_1	63	7.280E-01	2.691E+00
7A8X_2	6R5J_1	62	7.508E-01	2.254E+00
7A8X_2	5Z1V_1	57	7.551E-01	2.463E+00
7A8X_2	7ZK0_1	64	7.428E-01	2.578E+00
7A8X_2	8R7A_2	63	7.739E-01	2.057E+00
7A8X_2	8C8A_1	85	5.895E-01	1.161E+01
7A8X_2	2MM2_1	65	7.012E-01	2.906E+00
7A8X_2	2MYW_1	81	4.766E-01	1.171E+01
7A8X_2	6Q76_2	72	5.365E-01	5.039E+00
7A8X_2	7ZKD_1	83	4.969E-01	9.943E+00
7A8X_2	2LW6_1	68	6.530E-01	4.096E+00
7A8X_2	5JHJ_1	80	4.708E-01	1.005E+01
7A8X_2	2N37_1	67	5.342E-01	4.237E+00
7A8X_2	7ZJY_1	62	5.192E-01	4.141E+00
7A8X_2	1KG1_1	57	2.678E-01	1.197E+01
7A8X_2	1FN8_1	82	3.534E-01	9.110E+00
7A8X_2	8EBB_1	61	4.157E-01	6.377E+00
7A8X_2	1ZLE_1	62	2.281E-01	1.396E+01
7A8X_2	5OD4_1	67	2.551E-01	6.968E+00
7A8X_2	6BN0_1	30	2.474E-01	1.021E+01
7A8X_2	5XMZ_1	69	1.816E-01	1.395E+01
7A8X_2	8ACX_1	29	3.399E-01	5.387E+00
7A8X_2	7MQQ_1	61	3.124E-01	8.122E+00
7A8X_2	6SGO_1	79	2.140E-01	1.426E+01
7A8X_2	8EB9_1	69	2.356E-01	1.183E+01
7A8X_2	8OXH_1	76	2.263E-01	1.395E+01
7A8X_2	6FMB_1	60	1.621E-01	1.236E+01
7A8X_2	8OXJ_1	84	1.935E-01	1.206E+01
7A8X_2	7T6A_1	73	1.819E-01	1.566E+01
7A8X_2	1KPT_1	22	2.399E-01	6.179E+00
7A8X_2	5FNO_1	49	2.780E-01	1.208E+01
7A8X_2	8OXK_1	83	2.095E-01	1.203E+01
7A8X_2	6ZUS_1	85	2.033E-01	1.450E+01
8EB9_1	8EB9_1	89	1.011E+00	2.643E-02
8EB9_1	1ZLE_1	96	6.397E-01	4.460E+00
8EB9_1	1ZLD_1	97	6.072E-01	4.773E+00
8EB9_1	5OD4_1	89	4.810E-01	5.285E+00
8EB9_1	5FID_1	102	4.142E-01	7.201E+00
8EB9_1	2QVT_1	76	4.055E-01	9.572E+00
8EB9_1	7MQQ_1	100	2.174E-01	1.002E+01
8EB9_1	2OPC_1	87	2.704E-01	1.308E+01
8EB9_1	9FYC_2	76	4.325E-01	4.856E+00
8EB9_1	7T6A_1	99	4.198E-01	5.450E+00
8EB9_1	7ZK0_1	61	2.848E-01	7.218E+00
8EB9_1	7T69_1	83	2.539E-01	1.431E+01
8EB9_1	6BN0_1	54	3.665E-01	1.047E+01
8EB9_1	5Z1V_1	27	6.262E-01	2.053E+00
8EB9_1	8OXI_1	58	2.773E-01	6.054E+00
8EB9_1	8V1J_1	108	2.570E-01	1.433E+01
8EB9_1	7ZJY_1	20	2.814E-01	3.470E+00
8EB9_1	5ZNG_2	61	3.357E-01	9.083E+00
8EB9_1	4Z4A_1	60	3.018E-01	7.169E+00
8EB9_1	6FUD_2	56	2.590E-01	1.120E+01
8EB9_1	7B1I_2	56	2.567E-01	1.129E+01
8EB9_1	6G10_2	56	2.592E-01	1.129E+01
8EB9_1	8R7A_2	56	2.837E-01	7.490E+00
8EB9_1	8EBB_1	148	2.864E-01	1.454E+01
8EB9_1	4GVB_1	16	2.929E-01	3.452E+00
8EB9_1	6FUB_1	62	1.625E-01	1.356E+01
8EB9_1	8OXK_1	35	4.484E-01	2.556E+00
8EB9_1	1KG1_1	52	2.109E-01	9.447E+00
8EB9_1	5VJJ_1	75	2.518E-01	1.018E+01
8EB9_1	7A8X_2	76	2.121E-01	1.379E+01
8EB9_1	6G11_1	75	1.812E-01	1.382E+01
8EB9_1	1KPT_1	23	3.185E-01	6.064E+00
8EB9_1	4FPQ_1	22	2.214E-01	5.787E+00
8EB9_1	9FEI_1	99	1.761E-01	1.536E+01
8EB9_1	5FNO_1	31	1.930E-01	9.375E+00
8EB9_1	6FU9_2	56	2.297E-01	1.217E+01
8EB9_1	6SGO_1	82	1.205E-01	1.654E+01
8OXL_1	8OXL_1	92	1.011E+00	0.000E+00
8OXL_1	8OXH_1	91	7.508E-01	3.074E+00
8OXL_1	8OXK_1	98	6.221E-01	4.558E+00
8OXL_1	8OXI_1	104	4.648E-01	8.510E+00
8OXL_1	8OXJ_1	96	5.762E-01	4.944E+00
8OXL_1	6FMB_1	104	4.767E-01	6.194E+00
8OXL_1	6SGO_1	99	2.085E-01	1.058E+01
8OXL_1	2MM2_1	59	4.227E-01	7.962E+00
8OXL_1	2MM0_1	91	2.820E-01	1.266E+01
8OXL_1	6R5J_1	99	2.894E-01	9.697E+00
8OXL_1	2MYW_1	86	2.374E-01	1.483E+01
8OXL_1	7B1I_2	93	3.221E-01	8.806E+00
8OXL_1	5Z1V_1	72	2.374E-01	1.209E+01
8OXL_1	7NLJ_2	82	2.354E-01	1.326E+01
8OXL_1	6FUB_1	96	2.510E-01	1.473E+01
8OXL_1	2LW6_1	47	3.264E-01	4.980E+00
8OXL_1	7ZK0_1	89	2.782E-01	1.215E+01
8OXL_1	4GVB_2	32	2.275E-01	9.306E+00
8OXL_1	5VJJ_1	77	2.059E-01	1.136E+01
8OXL_1	6G11_1	82	2.511E-01	1.269E+01
8OXL_1	7ZKD_1	43	3.307E-01	1.270E+01
8OXL_1	9FYC_2	77	2.224E-01	1.351E+01
8OXL_1	8R7A_2	66	2.657E-01	1.145E+01
8OXL_1	8V1J_1	59	4.081E-01	9.439E+00
8OXL_1	6ZUS_1	101	2.229E-01	1.338E+01
8OXL_1	1KG1_1	65	2.369E-01	8.875E+00
8OXL_1	5A6W_2	83	2.385E-01	1.352E+01
8OXL_1	8DP8_1	35	4.820E-01	6.330E+00
8OXL_1	6WES_1	63	2.315E-01	1.698E+01
8OXL_1	2N37_1	102	2.318E-01	1.074E+01
8OXL_1	6Q76_2	83	2.466E-01	1.058E+01
8OXL_1	7NMM_2	89	1.658E-01	1.453E+01
8OXL_1	5XMZ_1	114	2.861E-01	1.208E+01
8OXL_1	5JHJ_1	49	2.788E-01	1.054E+01
8OXL_1	5OD4_1	93	2.360E-01	1.515E+01
8OXL_1	9FEI_1	125	1.825E-01	1.388E+01
8OXL_1	7ZJY_1	77	2.078E-01	1.429E+01
8OXL_1	4Z4A_1	37	3.001E-01	7.050E+00
8OXL_1	6BN0_1	77	1.676E-01	1.273E+01
8OXL_1	5ZNG_2	67	1.858E-01	1.169E+01
8OXL_1	8DP9_1	36	4.714E-01	6.913E+00
8OXL_1	7T69_1	114	2.979E-01	1.379E+01
8OXL_1	2N4O_1	47	2.240E-01	1.160E+01
8OXL_1	1FN8_1	50	1.997E-01	8.143E+00
8OXL_1	8C8A_1	50	2.516E-01	9.665E+00
8OXL_1	8EB9_1	70	1.875E-01	1.293E+01
8OXL_1	7MQQ_1	71	2.285E-01	1.185E+01
8OXL_1	4FPQ_1	104	1.739E-01	1.314E+01
8OXL_1	8EBB_1	69	1.592E-01	1.009E+01
6FUB_1	6FUB_1	93	1.011E+00	5.893E-03
6FUB_1	6FU9_2	84	9.797E-01	1.478E+00
6FUB_1	6G11_1	82	9.928E-01	6.322E-01
6FUB_1	6FUD_2	81	1.007E+00	2.868E-01
6FUB_1	5A6W_2	83	9.850E-01	8.847E-01
6FUB_1	7B1I_2	81	1.004E+00	3.769E-01
6FUB_1	6G10_2	83	9.875E-01	7.830E-01
6FUB_1	7A8X_2	80	9.983E-01	4.799E-01
6FUB_1	7NMM_2	82	9.680E-01	9.839E-01
6FUB_1	7NLJ_2	82	9.559E-01	1.083E+00
6FUB_1	2MM0_1	63	7.414E-01	2.450E+00
6FUB_1	5ZNG_2	63	6.946E-01	2.770E+00
6FUB_1	6R5J_1	62	7.389E-01	2.318E+00
6FUB_1	8C8A_1	68	6.898E-01	3.665E+00
6FUB_1	5Z1V_1	57	7.533E-01	2.432E+00
6FUB_1	2MYV_1	73	6.081E-01	4.999E+00
6FUB_1	8R7A_2	63	7.636E-01	2.169E+00
6FUB_1	2MM2_1	63	6.910E-01	2.725E+00
6FUB_1	7ZK0_1	64	7.313E-01	2.598E+00
6FUB_1	7ZKD_1	97	4.069E-01	7.729E+00
6FUB_1	5JHJ_1	98	4.729E-01	6.236E+00
6FUB_1	2LW6_1	68	6.518E-01	4.133E+00
6FUB_1	2MYW_1	84	4.688E-01	1.186E+01
6FUB_1	6Q76_2	72	5.364E-01	5.041E+00
6FUB_1	2N37_1	67	5.563E-01	4.910E+00
6FUB_1	7ZJY_1	59	4.158E-01	5.217E+00
6FUB_1	8OXL_1	93	3.354E-01	8.760E+00
6FUB_1	5XMZ_1	99	3.022E-01	1.436E+01
6FUB_1	8EBB_1	65	4.266E-01	7.472E+00
6FUB_1	1KG1_1	51	2.784E-01	1.186E+01
6FUB_1	8ACX_1	29	3.954E-01	4.550E+00
6FUB_1	1FN8_1	83	3.613E-01	9.147E+00
6FUB_1	7MQQ_1	71	2.198E-01	1.315E+01
6FUB_1	6BN0_1	31	2.528E-01	1.052E+01
6FUB_1	1ZLD_1	74	2.243E-01	9.227E+00
6FUB_1	1ZLE_1	61	2.397E-01	1.370E+01
6FUB_1	1KPT_1	22	2.430E-01	6.142E+00
6FUB_1	5OD4_1	63	1.957E-01	8.218E+00
6FUB_1	5FID_1	61	3.954E-01	5.839E+00
6FUB_1	5FNO_1	15	4.555E-01	1.943E+00
6FUB_1	8EB9_1	70	1.440E-01	1.415E+01
6FUB_1	8OXI_1	60	2.146E-01	1.022E+01
6FUB_1	6FMB_1	48	1.905E-01	1.092E+01
6FUB_1	6ZUS_1	63	2.516E-01	9.725E+00
6FUB_1	8OXH_1	85	2.318E-01	1.529E+01
6FUB_1	7T6A_1	76	1.710E-01	1.554E+01
6FUB_1	9FEI_1	36	1.581E-01	1.155E+01
6FUB_1	7T69_1	43	3.405E-01	1.251E+01
9FYC_2	9FYC_2	98	1.010E+00	0.000E+00
9FYC_2	6FMB_1	102	7.517E-01	3.507E+00
9FYC_2	8OXI_1	103	7.211E-01	6.086E+00
9FYC_2	8OXJ_1	65	6.278E-01	3.969E+00
9FYC_2	8OXK_1	66	6.187E-01	4.170E+00
9FYC_2	8OXH_1	69	3.813E-01	6.422E+00
9FYC_2	8EB9_1	76	4.445E-01	4.622E+00
9FYC_2	5VJJ_1	72	2.502E-01	1.574E+01
9FYC_2	7MQQ_1	85	2.363E-01	1.432E+01
9FYC_2	6BN0_1	27	4.799E-01	3.431E+00
9FYC_2	1ZLD_1	61	2.878E-01	1.050E+01
9FYC_2	5OD4_1	80	3.413E-01	5.789E+00
9FYC_2	7T69_1	39	4.697E-01	5.065E+00
9FYC_2	4Z4A_1	30	5.405E-01	3.242E+00
9FYC_2	1ZLE_1	48	2.811E-01	1.014E+01
9FYC_2	7NLJ_2	81	2.464E-01	1.331E+01
9FYC_2	2QVT_1	22	3.814E-01	2.122E+00
9FYC_2	6SGO_1	71	2.015E-01	1.296E+01
9FYC_2	7T6A_1	25	4.191E-01	2.458E+00
9FYC_2	6R5J_1	57	3.206E-01	7.121E+00
9FYC_2	8OXL_1	77	2.297E-01	1.311E+01
9FYC_2	9FEI_1	28	5.759E-01	5.754E+00
9FYC_2	7ZJY_1	19	3.938E-01	2.219E+00
9FYC_2	6G11_1	63	2.885E-01	1.325E+01
9FYC_2	5A6W_2	75	2.803E-01	1.010E+01
9FYC_2	6G10_2	63	2.870E-01	1.329E+01
9FYC_2	6FU9_2	75	2.794E-01	1.081E+01
9FYC_2	1FN8_1	38	3.751E-01	5.051E+00
9FYC_2	2MM2_1	69	1.598E-01	9.484E+00
9FYC_2	2MYV_1	22	2.828E-01	3.226E+00
9FYC_2	2LW6_1	59	1.957E-01	9.331E+00
9FYC_2	6FUB_1	50	3.360E-01	9.556E+00
9FYC_2	1KPT_1	43	3.959E-01	9.825E+00
9FYC_2	8V1J_1	57	3.355E-01	1.156E+01
9FYC_2	5FNO_1	44	4.717E-01	3.731E+00
9FYC_2	4FPR_1	16	3.386E-01	4.745E+00
9FYC_2	6WES_1	54	1.750E-01	1.384E+01
7T69_1	7T69_1	209	1.005E+00	1.624E-02
7T69_1	7T6A_1	192	3.864E-01	1.008E+01
7T69_1	8EBB_1	172	4.289E-01	7.454E+00
7T69_1	5OD4_1	137	2.632E-01	1.736E+01
7T69_1	1ZLD_1	96	1.861E-01	1.363E+01
7T69_1	2QVT_1	106	2.973E-01	1.406E+01
7T69_1	1ZLE_1	96	1.866E-01	1.350E+01
7T69_1	2OPC_1	129	2.654E-01	1.476E+01
7T69_1	6BN0_1	73	3.520E-01	9.431E+00
7T69_1	5VJJ_1	48	4.276E-01	8.761E+00
7T69_1	5Z1V_1	97	2.101E-01	1.820E+01
7T69_1	8EB9_1	83	2.633E-01	1.424E+01
7T69_1	9FYC_2	61	2.856E-01	1.105E+01
7T69_1	7MQQ_1	149	1.552E-01	1.832E+01
7T69_1	8V1J_1	152	2.089E-01	1.930E+01
7T69_1	7ZJY_1	29	4.108E-01	4.877E+00
7T69_1	8OXJ_1	74	2.648E-01	8.957E+00
7T69_1	4B8V_1	149	2.170E-01	1.358E+01
7T69_1	7EAU_1	49	2.462E-01	9.335E+00
7T69_1	4Z4A_1	27	4.890E-01	3.597E+00
7T69_1	8OXI_1	36	4.193E-01	5.391E+00
7T69_1	6FMB_1	50	2.834E-01	7.541E+00
7T69_1	6ZUS_1	63	2.615E-01	1.427E+01
7T69_1	9FEI_1	189	1.449E-01	1.922E+01
7T69_1	4B9H_1	76	3.779E-01	6.435E+00
7T69_1	5FNO_1	80	2.680E-01	1.073E+01
7T69_1	2N37_1	27	2.983E-01	5.502E+00
7T69_1	4GVB_1	20	2.316E-01	4.794E+00
7T69_1	8OXH_1	73	3.145E-01	9.280E+00
7T69_1	8ACX_1	96	2.270E-01	1.134E+01
7T69_1	5FID_1	61	2.229E-01	1.386E+01
7T69_1	6Q76_2	27	2.559E-01	6.188E+00
7T69_1	6Q40_1	27	3.042E-01	8.210E+00
7T69_1	8R7A_2	58	2.786E-01	8.223E+00
7T69_1	5XMZ_1	141	1.767E-01	1.868E+01
7T69_1	7AD5_1	95	2.140E-01	9.132E+00
7T69_1	5ZNG_2	45	2.922E-01	1.288E+01
7T69_1	6R5J_1	42	2.327E-01	1.021E+01
7T69_1	6WES_1	182	2.002E-01	1.930E+01
6FMB_1	6FMB_1	97	1.010E+00	7.819E-03
6FMB_1	8OXI_1	95	9.343E-01	1.833E+00
6FMB_1	9FYC_2	101	7.478E-01	3.437E+00
6FMB_1	8OXJ_1	101	6.931E-01	3.897E+00
6FMB_1	8OXK_1	99	6.932E-01	3.909E+00
6FMB_1	8OXL_1	110	4.261E-01	1.291E+01
6FMB_1	8OXH_1	110	4.711E-01	7.563E+00
6FMB_1	5Z1V_1	24	3.366E-01	3.231E+00
6FMB_1	8ACX_1	120	1.751E-01	1.235E+01
6FMB_1	6QPK_1	28	5.022E-01	5.370E+00
6FMB_1	7ZKD_1	52	2.498E-01	1.148E+01
6FMB_1	1ZLD_1	75	2.654E-01	1.266E+01
6FMB_1	7T69_1	88	2.634E-01	1.181E+01
6FMB_1	2MYV_1	53	2.657E-01	1.190E+01
6FMB_1	8C8A_1	43	4.420E-01	5.868E+00
6FMB_1	5XMZ_1	85	3.226E-01	1.343E+01
6FMB_1	8EBB_1	41	2.503E-01	8.473E+00
6FMB_1	2MM0_1	69	2.981E-01	1.208E+01
6FMB_1	1ZLE_1	75	2.682E-01	1.259E+01
6FMB_1	7T6A_1	49	4.789E-01	9.580E+00
6FMB_1	7EAU_1	20	2.152E-01	3.233E+00
6FMB_1	2N37_1	30	2.452E-01	6.222E+00
6FMB_1	5A6W_2	40	2.483E-01	6.363E+00
6FMB_1	7NLJ_2	27	2.582E-01	4.089E+00
6FMB_1	8V1J_1	30	2.777E-01	9.028E+00
6FMB_1	6WES_1	50	2.160E-01	1.375E+01
6FMB_1	5FNO_1	42	4.430E-01	5.405E+00
6FMB_1	7ZJY_1	10	7.499E-01	1.066E+00
6FMB_1	2MM2_1	43	3.109E-01	9.535E+00
6FMB_1	7A8X_2	60	1.499E-01	1.105E+01
6FMB_1	6FUD_2	48	1.927E-01	1.094E+01
6FMB_1	1FN8_1	81	1.827E-01	1.167E+01
6FMB_1	7XC2_2	18	5.904E-01	1.070E+00
6FMB_1	5VJJ_1	61	1.576E-01	1.232E+01
6FMB_1	7B1I_2	49	1.921E-01	1.092E+01
6FMB_1	6G10_2	49	1.909E-01	1.089E+01
6FMB_1	6FU9_2	38	2.466E-01	6.313E+00
6FMB_1	8EB9_1	78	3.692E-01	8.675E+00
6FMB_1	7NMM_2	44	2.007E-01	7.783E+00
6FMB_1	8R7A_2	58	1.853E-01	1.158E+01
6FMB_1	2QVT_1	56	4.469E-01	5.999E+00
6FMB_1	2OPC_1	22	3.838E-01	2.938E+00
6FMB_1	6ZUS_1	14	3.407E-01	2.427E+00
6FMB_1	9FEI_1	53	3.352E-01	1.156E+01
6FMB_1	6G11_1	51	2.125E-01	9.371E+00
6FMB_1	6FUB_1	48	1.905E-01	1.092E+01
1KG1_1	1KG1_1	60	1.017E+00	0.000E+00
1KG1_1	8OXK_1	12	8.078E-01	1.152E+00
1KG1_1	7A8X_2	47	2.994E-01	1.176E+01
1KG1_1	7B1I_2	47	2.996E-01	1.181E+01
1KG1_1	7NLJ_2	45	3.654E-01	7.566E+00
1KG1_1	7NMM_2	46	3.147E-01	7.861E+00
1KG1_1	8OXL_1	65	2.369E-01	8.875E+00
1KG1_1	6FUB_1	46	2.721E-01	8.398E+00
1KG1_1	8EBB_1	30	3.991E-01	5.819E+00
1KG1_1	5Z1V_1	47	3.046E-01	9.347E+00
1KG1_1	7ZJY_1	19	4.790E-01	2.094E+00
1KG1_1	4GVB_1	13	2.531E-01	2.858E+00
1KG1_1	2MYW_1	59	2.874E-01	1.250E+01
1KG1_1	8EB9_1	36	2.407E-01	6.979E+00
1KG1_1	5OD4_1	7	6.748E-01	1.262E+00
1KG1_1	8DP9_1	49	2.218E-01	1.267E+01
1KG1_1	6ZUS_1	43	1.903E-01	9.484E+00
1KG1_1	7ZKD_1	54	1.302E-01	9.983E+00
5VJJ_1	5VJJ_1	77	1.013E+00	3.668E-03
5VJJ_1	9FYC_2	72	2.502E-01	1.574E+01
5VJJ_1	8V1J_1	79	2.346E-01	1.211E+01
5VJJ_1	8OXL_1	75	3.271E-01	8.361E+00
5VJJ_1	7T69_1	41	4.627E-01	8.734E+00
5VJJ_1	2MM0_1	64	1.748E-01	1.320E+01
5VJJ_1	6R5J_1	32	2.296E-01	9.976E+00
5VJJ_1	6SGO_1	20	3.734E-01	2.683E+00
5VJJ_1	1ZLD_1	43	2.952E-01	9.186E+00
5VJJ_1	8ACX_1	21	2.520E-01	3.123E+00
5VJJ_1	5XMZ_1	51	3.466E-01	1.081E+01
5VJJ_1	7T6A_1	43	4.313E-01	7.775E+00
5VJJ_1	5FNO_1	29	3.087E-01	6.040E+00
5VJJ_1	5Z1V_1	15	6.983E-01	1.090E+00
5VJJ_1	2MM2_1	31	2.416E-01	8.673E+00
5VJJ_1	8OXH_1	70	4.129E-01	7.646E+00
5VJJ_1	6ZUS_1	31	2.689E-01	9.232E+00
5VJJ_1	6WES_1	68	4.240E-01	7.066E+00
5VJJ_1	7A8X_2	41	2.017E-01	1.031E+01
5VJJ_1	7ZK0_1	25	2.251E-01	6.959E+00
5VJJ_1	6FMB_1	61	1.576E-01	1.232E+01
5VJJ_1	1ZLE_1	43	2.488E-01	1.068E+01
5VJJ_1	5OD4_1	58	2.195E-01	1.227E+01
5VJJ_1	9FEI_1	20	2.932E-01	3.256E+00
5VJJ_1	5A6W_2	43	2.180E-01	1.274E+01
5VJJ_1	6G10_2	45	2.167E-01	1.305E+01
5OD4_1	5OD4_1	124	1.008E+00	8.411E-03
5OD4_1	1ZLD_1	92	6.345E-01	3.745E+00
5OD4_1	1ZLE_1	128	5.239E-01	8.610E+00
5OD4_1	8EB9_1	82	4.718E-01	5.380E+00
5OD4_1	7T6A_1	139	4.092E-01	1.381E+01
5OD4_1	7T69_1	141	2.630E-01	1.485E+01
5OD4_1	7MQQ_1	118	3.387E-01	1.363E+01
5OD4_1	2QVT_1	115	3.169E-01	1.222E+01
5OD4_1	2OPC_1	109	3.549E-01	9.862E+00
5OD4_1	8EBB_1	128	2.963E-01	1.192E+01
5OD4_1	5FID_1	61	3.530E-01	5.127E+00
5OD4_1	8V1J_1	119	2.460E-01	1.290E+01
5OD4_1	8OXH_1	82	2.737E-01	1.175E+01
5OD4_1	5XMZ_1	95	3.487E-01	1.319E+01
5OD4_1	2MYV_1	71	1.954E-01	1.125E+01
5OD4_1	6G10_2	73	2.386E-01	1.015E+01
5OD4_1	6FUD_2	70	2.672E-01	7.325E+00
5OD4_1	6FU9_2	80	2.235E-01	1.059E+01
5OD4_1	5Z1V_1	65	2.881E-01	8.888E+00
5OD4_1	7A8X_2	67	2.551E-01	6.968E+00
5OD4_1	7ZK0_1	70	1.849E-01	1.397E+01
5OD4_1	9FEI_1	129	2.458E-01	1.622E+01
5OD4_1	5FNO_1	34	2.930E-01	5.225E+00
5OD4_1	7ZJY_1	65	1.529E-01	1.079E+01
5OD4_1	5JHJ_1	72	2.778E-01	1.005E+01
5OD4_1	7B1I_2	67	2.579E-01	6.905E+00
5OD4_1	6G11_1	67	2.401E-01	7.128E+00
5OD4_1	5A6W_2	67	2.411E-01	7.122E+00
5OD4_1	6FMB_1	46	2.456E-01	8.770E+00
5OD4_1	7EAU_1	35	2.211E-01	9.078E+00
5OD4_1	5ZNG_2	68	2.426E-01	8.655E+00
5OD4_1	2N37_1	68	1.943E-01	1.055E+01
5OD4_1	8OXL_1	88	2.752E-01	1.342E+01
5OD4_1	6FUB_1	63	1.957E-01	8.218E+00
5OD4_1	8OXI_1	59	2.948E-01	8.952E+00
5OD4_1	7AD5_1	90	2.984E-01	1.562E+01
5OD4_1	4GVB_2	72	2.539E-01	1.144E+01
5OD4_1	5VJJ_1	61	1.415E-01	1.281E+01
5OD4_1	2MYW_1	72	1.963E-01	1.082E+01
5OD4_1	2LW6_1	66	3.319E-01	5.586E+00
5OD4_1	7NMM_2	78	1.974E-01	1.088E+01
5OD4_1	4GVB_1	18	2.764E-01	5.253E+00
5OD4_1	7NLJ_2	72	2.155E-01	9.016E+00
5OD4_1	4FPQ_1	51	2.947E-01	9.921E+00
2MYW_1	2MYW_1	79	1.013E+00	0.000E+00
2MYW_1	6Q76_2	68	9.200E-01	2.116E+00
2MYW_1	5JHJ_1	79	7.703E-01	7.572E+00
2MYW_1	2N37_1	66	8.031E-01	2.260E+00
2MYW_1	6R5J_1	70	5.414E-01	3.868E+00
2MYW_1	7NMM_2	78	5.196E-01	1.132E+01
2MYW_1	7A8X_2	83	4.737E-01	1.140E+01
2MYW_1	7NLJ_2	80	4.937E-01	1.119E+01
2MYW_1	2MM0_1	62	5.209E-01	3.664E+00
2MYW_1	6G10_2	78	5.192E-01	1.130E+01
2MYW_1	6FU9_2	83	4.680E-01	1.144E+01
2MYW_1	7ZKD_1	86	4.859E-01	7.342E+00
2MYW_1	6G11_1	83	4.699E-01	1.146E+01
2MYW_1	5A6W_2	83	4.678E-01	1.147E+01
2MYW_1	7B1I_2	80	4.807E-01	1.116E+01
2MYW_1	2MYV_1	76	3.807E-01	1.116E+01
2MYW_1	6FUD_2	83	4.747E-01	1.131E+01
2MYW_1	5Z1V_1	71	4.621E-01	5.867E+00
2MYW_1	6FUB_1	97	4.514E-01	1.260E+01
2MYW_1	7ZK0_1	66	5.993E-01	4.139E+00
2MYW_1	8C8A_1	67	5.461E-01	3.825E+00
2MYW_1	8R7A_2	71	5.439E-01	3.992E+00
2MYW_1	7ZJY_1	72	2.906E-01	8.269E+00
2MYW_1	5ZNG_2	71	3.614E-01	7.006E+00
2MYW_1	2LW6_1	77	4.249E-01	4.528E+00
2MYW_1	8OXL_1	80	2.550E-01	1.291E+01
2MYW_1	4Z4A_1	34	3.759E-01	7.506E+00
2MYW_1	5XMZ_1	60	2.619E-01	1.095E+01
2MYW_1	7EAU_1	39	2.536E-01	7.369E+00
2MYW_1	8V1J_1	56	2.141E-01	1.275E+01
2MYW_1	1KG1_1	59	2.874E-01	1.250E+01
2MYW_1	2QVT_1	92	3.002E-01	1.060E+01
2MYW_1	6SGO_1	66	3.124E-01	1.334E+01
2MYW_1	1FN8_1	113	1.493E-01	1.318E+01
2MYW_1	8ACX_1	22	2.948E-01	3.153E+00
2MYW_1	4GVB_1	16	3.030E-01	3.370E+00
2MYW_1	8OXH_1	103	1.983E-01	1.135E+01
2MYW_1	1KPT_1	13	4.139E-01	2.341E+00
2MYW_1	5FID_1	43	2.846E-01	9.609E+00
2MYW_1	9FEI_1	48	2.305E-01	1.090E+01
2MYW_1	4B8V_1	52	2.164E-01	9.219E+00
2MYW_1	7MQQ_1	29	1.941E-01	6.172E+00
2MYW_1	5OD4_1	76	2.015E-01	1.215E+01
2MYW_1	6WES_1	45	2.256E-01	1.119E+01
6G10_2	6G10_2	83	1.012E+00	0.000E+00
6G10_2	6FU9_2	83	9.773E-01	1.342E+00
6G10_2	5A6W_2	83	9.848E-01	1.229E+00
6G10_2	6G11_1	82	9.931E-01	7.952E-01
6G10_2	7B1I_2	81	1.000E+00	4.548E-01
6G10_2	6FUB_1	83	9.875E-01	7.830E-01
6G10_2	6FUD_2	81	9.930E-01	5.694E-01
6G10_2	7A8X_2	80	9.987E-01	4.767E-01
6G10_2	7NMM_2	81	9.853E-01	6.956E-01
6G10_2	7NLJ_2	81	9.782E-01	7.756E-01
6G10_2	5ZNG_2	63	7.513E-01	2.627E+00
6G10_2	6R5J_1	62	7.409E-01	2.307E+00
6G10_2	2MM0_1	63	7.397E-01	2.452E+00
6G10_2	2MYV_1	77	6.863E-01	5.091E+00
6G10_2	8C8A_1	69	6.440E-01	4.093E+00
6G10_2	5Z1V_1	60	7.263E-01	3.218E+00
6G10_2	8R7A_2	63	7.721E-01	2.130E+00
6G10_2	7ZK0_1	77	6.460E-01	4.809E+00
6G10_2	2MM2_1	63	6.974E-01	2.696E+00
6G10_2	2MYW_1	79	5.137E-01	1.171E+01
6G10_2	2LW6_1	67	6.671E-01	4.079E+00
6G10_2	7ZKD_1	90	4.526E-01	9.592E+00
6G10_2	6Q76_2	69	5.309E-01	5.416E+00
6G10_2	5JHJ_1	79	4.970E-01	9.090E+00
6G10_2	2N37_1	66	5.374E-01	4.263E+00
6G10_2	7ZJY_1	65	4.570E-01	4.994E+00
6G10_2	5XMZ_1	97	3.011E-01	1.394E+01
6G10_2	8ACX_1	29	3.473E-01	5.347E+00
6G10_2	1ZLD_1	60	2.672E-01	1.346E+01
6G10_2	6BN0_1	31	2.565E-01	1.046E+01
6G10_2	5OD4_1	64	2.601E-01	7.153E+00
6G10_2	1ZLE_1	59	2.428E-01	1.342E+01
6G10_2	1KPT_1	40	2.164E-01	8.875E+00
6G10_2	8EB9_1	65	2.208E-01	1.091E+01
6G10_2	6SGO_1	80	2.167E-01	1.490E+01
6G10_2	7T6A_1	74	1.713E-01	1.533E+01
6G10_2	1FN8_1	54	1.917E-01	1.166E+01
6G10_2	7MQQ_1	57	2.941E-01	8.165E+00
6G10_2	6ZUS_1	64	2.572E-01	9.596E+00
6G10_2	6FMB_1	49	1.909E-01	1.089E+01
6G10_2	5FID_1	60	3.910E-01	5.726E+00
6G10_2	8EBB_1	60	2.353E-01	1.267E+01
6G10_2	5VJJ_1	45	2.167E-01	1.305E+01
6G10_2	8DP9_1	47	2.628E-01	8.551E+00
6G10_2	9FEI_1	145	1.903E-01	1.631E+01
6G10_2	6WES_1	71	1.498E-01	1.599E+01
7XC2_2	7XC2_2	431	1.002E+00	0.000E+00
7XC2_2	7XDS_1	413	9.821E-01	1.374E+00
7XC2_2	7XVG_2	411	9.744E-01	1.692E+00
7XC2_2	7XE0_2	426	9.713E-01	1.676E+00
7XC2_2	6FMB_1	18	5.904E-01	1.070E+00
7XC2_2	4FPQ_1	23	4.912E-01	6.864E+00
7XC2_2	4BJN_1	237	1.663E-01	1.978E+01
7XC2_2	6QPK_1	57	2.464E-01	1.177E+01
7XC2_2	5FNO_1	281	1.357E-01	2.038E+01
8R7A_2	8R7A_2	112	1.009E+00	7.789E-03
8R7A_2	6FU9_2	62	7.748E-01	1.951E+00
8R7A_2	5Z1V_1	63	7.178E-01	3.091E+00
8R7A_2	7B1I_2	62	7.692E-01	1.966E+00
8R7A_2	5A6W_2	62	7.742E-01	1.940E+00
8R7A_2	6G11_1	62	7.746E-01	1.939E+00
8R7A_2	7NLJ_2	59	7.671E-01	2.315E+00
8R7A_2	7NMM_2	59	7.838E-01	2.276E+00
8R7A_2	6FUB_1	62	7.721E-01	1.950E+00
8R7A_2	6G10_2	62	7.703E-01	1.999E+00
8R7A_2	6FUD_2	62	7.746E-01	1.938E+00
8R7A_2	7A8X_2	70	6.906E-01	3.499E+00
8R7A_2	6R5J_1	64	6.229E-01	3.906E+00
8R7A_2	2LW6_1	67	5.729E-01	3.573E+00
8R7A_2	8C8A_1	65	5.476E-01	4.391E+00
8R7A_2	2MM0_1	64	5.985E-01	3.937E+00
8R7A_2	7ZK0_1	81	4.222E-01	6.572E+00
8R7A_2	2MYW_1	71	5.439E-01	3.992E+00
8R7A_2	2MYV_1	61	6.810E-01	3.589E+00
8R7A_2	7ZKD_1	64	6.221E-01	3.866E+00
8R7A_2	5ZNG_2	61	6.780E-01	5.135E+00
8R7A_2	6Q76_2	73	5.121E-01	4.630E+00
8R7A_2	5JHJ_1	70	5.485E-01	4.036E+00
8R7A_2	2N37_1	71	4.775E-01	6.139E+00
8R7A_2	2MM2_1	68	5.376E-01	4.885E+00
8R7A_2	7ZJY_1	65	3.778E-01	6.579E+00
8R7A_2	8OXH_1	65	3.047E-01	1.167E+01
8R7A_2	7T6A_1	76	2.636E-01	1.380E+01
8R7A_2	1ZLD_1	75	3.176E-01	1.065E+01
8R7A_2	1ZLE_1	75	3.175E-01	1.059E+01
8R7A_2	5OD4_1	64	2.370E-01	9.895E+00
8R7A_2	8OXL_1	95	2.015E-01	1.346E+01
8R7A_2	5XMZ_1	95	2.762E-01	1.265E+01
8R7A_2	8EBB_1	63	2.664E-01	1.312E+01
8R7A_2	7MQQ_1	68	2.002E-01	1.287E+01
8R7A_2	4GVB_2	9	6.568E-01	9.916E-01
8R7A_2	6BN0_1	17	4.288E-01	1.706E+00
8R7A_2	8EB9_1	56	2.837E-01	7.490E+00
8R7A_2	8V1J_1	43	3.044E-01	8.887E+00
8R7A_2	6FMB_1	56	1.769E-01	1.003E+01
8R7A_2	8OXI_1	30	1.889E-01	7.116E+00
8R7A_2	2QVT_1	85	2.412E-01	1.068E+01
8R7A_2	8DP9_1	63	2.348E-01	1.230E+01
8R7A_2	6WES_1	21	2.361E-01	3.783E+00
8R7A_2	5FNO_1	42	2.453E-01	7.088E+00
6SGO_1	6SGO_1	136	1.007E+00	0.000E+00
6SGO_1	8OXL_1	99	2.085E-01	1.058E+01
6SGO_1	2MM0_1	57	4.266E-01	7.817E+00
6SGO_1	8OXH_1	65	2.096E-01	1.150E+01
6SGO_1	8OXK_1	106	2.363E-01	1.270E+01
6SGO_1	6WES_1	85	3.619E-01	1.105E+01
6SGO_1	9FEI_1	90	2.205E-01	1.867E+01
6SGO_1	7NLJ_2	95	2.317E-01	1.133E+01
6SGO_1	9FYC_2	71	2.015E-01	1.296E+01
6SGO_1	8V1J_1	56	2.674E-01	9.027E+00
6SGO_1	8EBB_1	74	2.631E-01	1.252E+01
6SGO_1	7NMM_2	92	2.452E-01	1.347E+01
6SGO_1	8OXJ_1	95	1.657E-01	1.223E+01
6SGO_1	5VJJ_1	65	3.091E-01	9.509E+00
6SGO_1	7ZKD_1	93	1.642E-01	1.492E+01
6SGO_1	8ACX_1	94	1.628E-01	1.492E+01
6SGO_1	7A8X_2	79	2.281E-01	1.429E+01
6SGO_1	6FU9_2	80	2.265E-01	1.501E+01
6SGO_1	5Z1V_1	60	2.446E-01	1.289E+01
6SGO_1	6G10_2	80	2.263E-01	1.492E+01
6SGO_1	8OXI_1	50	1.813E-01	1.238E+01
6SGO_1	4BJN_1	31	5.333E-01	3.463E+00
6SGO_1	2MYW_1	92	1.577E-01	1.567E+01
6SGO_1	5A6W_2	89	1.607E-01	1.503E+01
6SGO_1	8EB9_1	82	1.205E-01	1.654E+01
6SGO_1	6FUD_2	49	1.918E-01	1.536E+01
6SGO_1	1ZLE_1	75	2.239E-01	1.268E+01
8ACX_1	8ACX_1	112	1.009E+00	0.000E+00
8ACX_1	1KPT_1	114	4.867E-01	6.420E+00
8ACX_1	5XMZ_1	85	2.183E-01	1.021E+01
8ACX_1	6FMB_1	119	1.751E-01	1.252E+01
8ACX_1	5Z1V_1	48	3.155E-01	7.271E+00
8ACX_1	6R5J_1	29	3.523E-01	5.049E+00
8ACX_1	6G11_1	29	4.021E-01	4.496E+00
8ACX_1	6G10_2	29	3.473E-01	5.347E+00
8ACX_1	8OXI_1	79	2.827E-01	9.930E+00
8ACX_1	8V1J_1	111	2.065E-01	1.608E+01
8ACX_1	5A6W_2	29	3.540E-01	5.389E+00
8ACX_1	6FU9_2	29	3.474E-01	5.470E+00
8ACX_1	6FUB_1	29	3.954E-01	4.550E+00
8ACX_1	6FUD_2	29	3.531E-01	5.440E+00
8ACX_1	7B1I_2	29	3.982E-01	4.561E+00
8ACX_1	9FYC_2	113	1.981E-01	1.416E+01
8ACX_1	5VJJ_1	21	2.520E-01	3.123E+00
8ACX_1	8DP9_1	35	2.187E-01	9.517E+00
8ACX_1	7T69_1	84	2.477E-01	1.102E+01
8ACX_1	5ZNG_2	79	2.308E-01	8.104E+00
8ACX_1	7A8X_2	29	3.399E-01	5.387E+00
8ACX_1	7NLJ_2	44	3.320E-01	5.704E+00
8ACX_1	8OXH_1	78	2.163E-01	9.717E+00
8ACX_1	7MQQ_1	106	2.306E-01	1.185E+01
8ACX_1	4FPQ_1	119	1.400E-01	1.365E+01
8ACX_1	4FPR_1	122	1.652E-01	1.267E+01
8ACX_1	6WES_1	99	1.763E-01	1.397E+01
8ACX_1	6BN0_1	60	1.922E-01	1.152E+01
8ACX_1	2QVT_1	13	3.523E-01	2.316E+00
8ACX_1	2OPC_1	37	2.885E-01	7.707E+00
8ACX_1	7T6A_1	92	1.804E-01	1.521E+01
8ACX_1	9FEI_1	103	1.285E-01	1.612E+01
8ACX_1	5FNO_1	19	2.026E-01	3.972E+00
8ACX_1	2MM0_1	19	3.297E-01	2.610E+00
8ACX_1	2N37_1	29	3.634E-01	7.635E+00
8ACX_1	5OD4_1	137	1.383E-01	1.547E+01
8ACX_1	4B9H_1	42	2.588E-01	9.332E+00
8ACX_1	1FN8_1	119	1.361E-01	1.560E+01
8ACX_1	2MM2_1	34	2.448E-01	7.640E+00
8ACX_1	4B8V_1	16	2.676E-01	3.627E+00
2N4O_1	2N4O_1	95	1.011E+00	5.888E-03
2N4O_1	8OXL_1	47	2.240E-01	1.160E+01
2N4O_1	6WES_1	20	2.449E-01	4.768E+00
2N4O_1	8OXK_1	44	1.878E-01	1.071E+01
2N4O_1	2OPC_1	9	4.723E-01	2.517E+00
2N4O_1	8OXJ_1	81	1.625E-01	1.050E+01
2N4O_1	5OD4_1	50	1.632E-01	1.197E+01
2N4O_1	7XC2_2	66	2.083E-01	1.595E+01
6Q76_2	6Q76_2	68	1.015E+00	0.000E+00
6Q76_2	2MYW_1	68	9.200E-01	2.116E+00
6Q76_2	5JHJ_1	68	8.868E-01	2.624E+00
6Q76_2	2N37_1	66	8.453E-01	1.914E+00
6Q76_2	7ZKD_1	64	5.858E-01	4.183E+00
6Q76_2	7NMM_2	70	5.822E-01	5.228E+00
6Q76_2	6R5J_1	70	5.564E-01	3.871E+00
6Q76_2	7A8X_2	72	5.365E-01	5.038E+00
6Q76_2	2MM0_1	62	5.535E-01	3.724E+00
6Q76_2	6FU9_2	72	5.337E-01	5.026E+00
6Q76_2	7B1I_2	72	5.438E-01	5.064E+00
6Q76_2	6G10_2	69	5.309E-01	5.416E+00
6Q76_2	8C8A_1	70	5.581E-01	4.180E+00
6Q76_2	6FUD_2	72	5.384E-01	5.000E+00
6Q76_2	5A6W_2	72	5.327E-01	5.091E+00
6Q76_2	7NLJ_2	72	5.367E-01	5.149E+00
6Q76_2	6G11_1	72	5.315E-01	5.105E+00
6Q76_2	7ZK0_1	66	5.989E-01	4.108E+00
6Q76_2	2MM2_1	65	5.374E-01	3.774E+00
6Q76_2	6FUB_1	72	5.364E-01	5.041E+00
6Q76_2	5Z1V_1	70	4.554E-01	6.453E+00
6Q76_2	7ZJY_1	70	3.827E-01	6.570E+00
6Q76_2	8R7A_2	73	5.121E-01	4.629E+00
6Q76_2	2MYV_1	67	4.455E-01	7.443E+00
6Q76_2	5ZNG_2	66	4.527E-01	6.525E+00
6Q76_2	2LW6_1	70	4.094E-01	5.176E+00
6Q76_2	1KG1_1	66	2.705E-01	1.188E+01
6Q76_2	2QVT_1	82	2.896E-01	1.269E+01
6Q76_2	4Z4A_1	62	3.349E-01	9.334E+00
6Q76_2	8OXL_1	83	2.466E-01	1.058E+01
6Q76_2	1ZLE_1	62	2.465E-01	9.428E+00
6Q76_2	8V1J_1	88	2.527E-01	9.077E+00
6Q76_2	8EBB_1	82	1.727E-01	1.084E+01
6Q76_2	7T69_1	27	2.559E-01	6.188E+00
6Q76_2	1ZLD_1	45	2.196E-01	9.405E+00
6Q76_2	5XMZ_1	79	2.371E-01	1.082E+01
6Q76_2	8EB9_1	66	4.090E-01	1.053E+01
6Q76_2	9FEI_1	78	1.813E-01	1.178E+01
6Q76_2	7EAU_1	39	2.156E-01	7.706E+00
6Q76_2	4GVB_1	18	2.122E-01	4.313E+00
6Q76_2	8OXH_1	102	1.998E-01	1.123E+01
6Q76_2	8OXI_1	106	2.379E-01	1.057E+01
6Q76_2	5FID_1	64	2.658E-01	9.418E+00
8OXI_1	8OXI_1	95	1.011E+00	3.089E-03
8OXI_1	6FMB_1	97	9.336E-01	1.823E+00
8OXI_1	9FYC_2	103	7.211E-01	6.086E+00
8OXI_1	8OXJ_1	92	7.303E-01	4.718E+00
8OXI_1	8OXK_1	90	7.259E-01	4.716E+00
8OXI_1	8OXL_1	104	4.648E-01	8.510E+00
8OXI_1	8OXH_1	100	5.388E-01	6.740E+00
8OXI_1	7NLJ_2	69	3.084E-01	1.261E+01
8OXI_1	1ZLE_1	85	3.210E-01	1.232E+01
8OXI_1	1ZLD_1	93	3.040E-01	1.222E+01
8OXI_1	8ACX_1	79	2.827E-01	9.930E+00
8OXI_1	5FNO_1	40	6.592E-01	3.330E+00
8OXI_1	5Z1V_1	27	3.659E-01	2.844E+00
8OXI_1	2MM2_1	31	4.295E-01	5.558E+00
8OXI_1	6WES_1	64	1.954E-01	1.271E+01
8OXI_1	7T69_1	36	4.193E-01	5.391E+00
8OXI_1	8EB9_1	58	2.773E-01	6.054E+00
8OXI_1	5XMZ_1	59	3.256E-01	8.498E+00
8OXI_1	7T6A_1	57	3.530E-01	9.764E+00
8OXI_1	9FEI_1	55	2.267E-01	1.387E+01
8OXI_1	2N37_1	48	2.696E-01	6.221E+00
8OXI_1	8R7A_2	42	2.933E-01	7.478E+00
8OXI_1	6SGO_1	48	1.949E-01	1.228E+01
8OXI_1	6FUB_1	60	2.146E-01	1.022E+01
8OXI_1	1KPT_1	60	1.973E-01	1.125E+01
8OXI_1	8EBB_1	59	2.303E-01	1.012E+01
8OXI_1	2MM0_1	44	3.716E-01	9.063E+00
8OXI_1	2MYV_1	15	2.725E-01	3.147E+00
8OXI_1	5A6W_2	37	2.754E-01	5.607E+00
8OXI_1	6FU9_2	37	2.500E-01	5.770E+00
8OXI_1	7ZKD_1	59	2.576E-01	9.091E+00
8OXI_1	2OPC_1	21	3.601E-01	2.288E+00
8EBB_1	8EBB_1	169	1.006E+00	0.000E+00
8EBB_1	7T6A_1	170	4.965E-01	7.039E+00
8EBB_1	7T69_1	172	4.289E-01	7.454E+00
8EBB_1	5OD4_1	119	4.198E-01	1.199E+01
8EBB_1	1ZLE_1	110	3.965E-01	8.500E+00
8EBB_1	4Z4A_1	57	4.874E-01	5.242E+00
8EBB_1	7MQQ_1	101	3.811E-01	1.313E+01
8EBB_1	1ZLD_1	124	2.606E-01	1.190E+01
8EBB_1	6BN0_1	44	4.995E-01	4.364E+00
8EBB_1	5A6W_2	65	4.235E-01	6.226E+00
8EBB_1	6FU9_2	65	4.258E-01	7.475E+00
8EBB_1	6FUB_1	65	4.266E-01	7.472E+00
8EBB_1	7NMM_2	65	3.449E-01	6.787E+00
8EBB_1	2MM0_1	77	2.346E-01	1.260E+01
8EBB_1	5FID_1	72	2.635E-01	1.390E+01
8EBB_1	6R5J_1	63	3.183E-01	1.292E+01
8EBB_1	6FMB_1	41	2.503E-01	8.473E+00
8EBB_1	7ZJY_1	66	2.849E-01	9.976E+00
8EBB_1	2MM2_1	68	2.973E-01	1.168E+01
8EBB_1	6Q76_2	47	2.359E-01	8.295E+00
8EBB_1	7A8X_2	61	4.157E-01	6.377E+00
8EBB_1	6FUD_2	65	4.299E-01	7.453E+00
8EBB_1	8OXH_1	46	2.317E-01	8.237E+00
8EBB_1	6SGO_1	74	2.573E-01	1.282E+01
8EBB_1	5Z1V_1	56	3.499E-01	9.326E+00
8EBB_1	2N37_1	30	2.522E-01	5.519E+00
8EBB_1	8R7A_2	64	2.518E-01	1.358E+01
8EBB_1	2QVT_1	170	1.725E-01	1.787E+01
8EBB_1	4FPQ_1	97	2.746E-01	1.698E+01
8EBB_1	4FPR_1	97	2.695E-01	1.656E+01
8EBB_1	5FNO_1	59	1.924E-01	1.410E+01
8EBB_1	5ZNG_2	57	2.280E-01	9.622E+00
8EBB_1	7B1I_2	61	2.468E-01	1.259E+01
8EBB_1	6G11_1	70	2.324E-01	1.222E+01
8EBB_1	8EB9_1	148	2.864E-01	1.454E+01
8EBB_1	7NLJ_2	70	2.083E-01	1.256E+01
8EBB_1	8V1J_1	166	1.250E-01	1.957E+01
8EBB_1	8DP8_1	60	2.244E-01	1.592E+01
8EBB_1	4B9H_1	35	2.190E-01	8.251E+00
8EBB_1	1KG1_1	65	3.037E-01	1.208E+01
8EBB_1	4GVB_1	15	5.752E-01	1.145E+00
8EBB_1	6QPK_1	15	3.413E-01	2.627E+00
8EBB_1	2MYV_1	23	3.109E-01	4.998E+00
8EBB_1	7ZKD_1	73	2.187E-01	1.248E+01
8EBB_1	8OXJ_1	81	1.579E-01	1.349E+01
8EBB_1	8OXI_1	57	2.326E-01	9.971E+00
8EBB_1	5XMZ_1	128	2.368E-01	1.347E+01
8EBB_1	7AD5_1	93	2.696E-01	1.529E+01
8EBB_1	9FEI_1	205	1.059E-01	1.993E+01
8EBB_1	4B8V_1	26	3.261E-01	5.237E+00
8EBB_1	1FN8_1	226	1.471E-01	1.686E+01
8EBB_1	2MYW_1	43	3.127E-01	1.172E+01
8EBB_1	5JHJ_1	51	2.675E-01	9.090E+00
8EBB_1	6G10_2	64	2.326E-01	1.279E+01
8EBB_1	8OXL_1	39	3.642E-01	8.522E+00
8EBB_1	2N4O_1	14	3.931E-01	2.440E+00
8EBB_1	9FYC_2	73	2.335E-01	1.034E+01
8EBB_1	4GVB_2	18	2.408E-01	2.473E+00
8EBB_1	8C8A_1	85	1.865E-01	1.465E+01
8EBB_1	8OXK_1	41	2.623E-01	7.692E+00
8EBB_1	2OPC_1	171	1.517E-01	1.801E+01
8EBB_1	6ZUS_1	109	1.046E-01	1.460E+01
8EBB_1	8DP9_1	124	1.285E-01	1.688E+01
5A6W_2	5A6W_2	83	1.012E+00	1.584E-02
5A6W_2	6FU9_2	83	1.002E+00	4.254E-01
5A6W_2	6G11_1	82	1.006E+00	3.253E-01
5A6W_2	6FUB_1	83	9.850E-01	8.847E-01
5A6W_2	7B1I_2	81	1.002E+00	4.029E-01
5A6W_2	6G10_2	83	9.848E-01	1.229E+00
5A6W_2	6FUD_2	81	9.959E-01	5.246E-01
5A6W_2	7A8X_2	80	9.998E-01	4.609E-01
5A6W_2	7NMM_2	81	9.915E-01	5.882E-01
5A6W_2	7NLJ_2	81	9.796E-01	7.559E-01
5A6W_2	5ZNG_2	63	7.730E-01	2.515E+00
5A6W_2	2MM0_1	63	7.277E-01	2.698E+00
5A6W_2	8C8A_1	77	6.269E-01	4.696E+00
5A6W_2	2MYV_1	73	6.930E-01	4.975E+00
5A6W_2	5Z1V_1	57	7.581E-01	2.484E+00
5A6W_2	6R5J_1	62	7.436E-01	2.282E+00
5A6W_2	8R7A_2	63	7.657E-01	2.149E+00
5A6W_2	7ZK0_1	64	7.331E-01	2.628E+00
5A6W_2	2MM2_1	65	7.026E-01	2.850E+00
5A6W_2	7ZKD_1	66	5.449E-01	4.674E+00
5A6W_2	2MYW_1	84	4.642E-01	1.195E+01
5A6W_2	2LW6_1	68	6.578E-01	4.131E+00
5A6W_2	6Q76_2	72	5.327E-01	5.091E+00
5A6W_2	5JHJ_1	79	4.920E-01	9.193E+00
5A6W_2	2N37_1	67	5.371E-01	4.261E+00
5A6W_2	7ZJY_1	66	4.682E-01	5.147E+00
5A6W_2	8EBB_1	61	4.184E-01	6.428E+00
5A6W_2	8OXL_1	93	3.260E-01	8.811E+00
5A6W_2	1ZLD_1	68	2.860E-01	1.201E+01
5A6W_2	8ACX_1	29	3.540E-01	5.389E+00
5A6W_2	1ZLE_1	59	2.440E-01	1.343E+01
5A6W_2	6FMB_1	40	2.483E-01	6.363E+00
5A6W_2	5XMZ_1	62	1.991E-01	1.345E+01
5A6W_2	5OD4_1	67	2.411E-01	7.122E+00
5A6W_2	5FNO_1	15	4.987E-01	1.866E+00
5A6W_2	9FYC_2	76	2.750E-01	1.015E+01
5A6W_2	6SGO_1	89	1.607E-01	1.503E+01
5A6W_2	7T6A_1	74	1.774E-01	1.555E+01
5A6W_2	8OXJ_1	75	2.081E-01	1.140E+01
5A6W_2	8OXI_1	37	2.754E-01	5.607E+00
5A6W_2	7MQQ_1	71	2.071E-01	1.366E+01
5A6W_2	6ZUS_1	66	2.043E-01	1.045E+01
5A6W_2	8EB9_1	69	1.693E-01	1.431E+01
5A6W_2	4FPQ_1	25	2.121E-01	1.467E+01
8C8A_1	8C8A_1	89	1.011E+00	1.686E-02
8C8A_1	6R5J_1	64	8.256E-01	1.816E+00
8C8A_1	2MM0_1	62	8.041E-01	2.087E+00
8C8A_1	7B1I_2	68	6.795E-01	3.737E+00
8C8A_1	5A6W_2	77	6.269E-01	4.696E+00
8C8A_1	2MM2_1	63	7.634E-01	2.128E+00
8C8A_1	6FU9_2	69	6.654E-01	3.793E+00
8C8A_1	6FUB_1	68	6.898E-01	3.665E+00
8C8A_1	7NMM_2	81	6.131E-01	7.935E+00
8C8A_1	6G11_1	77	6.395E-01	4.592E+00
8C8A_1	6G10_2	69	6.440E-01	4.093E+00
8C8A_1	7NLJ_2	81	6.115E-01	7.942E+00
8C8A_1	6FUD_2	68	6.838E-01	3.650E+00
8C8A_1	7A8X_2	77	6.461E-01	4.538E+00
8C8A_1	2LW6_1	78	5.992E-01	4.624E+00
8C8A_1	2MYV_1	68	7.020E-01	3.672E+00
8C8A_1	5Z1V_1	64	6.230E-01	3.349E+00
8C8A_1	7ZK0_1	64	5.874E-01	4.333E+00
8C8A_1	5ZNG_2	65	6.974E-01	3.287E+00
8C8A_1	5JHJ_1	73	5.387E-01	4.191E+00
8C8A_1	8R7A_2	66	5.397E-01	4.622E+00
8C8A_1	6Q76_2	70	5.602E-01	4.108E+00
8C8A_1	7ZKD_1	86	5.029E-01	1.320E+01
8C8A_1	2MYW_1	82	4.797E-01	8.766E+00
8C8A_1	2N37_1	69	4.900E-01	4.839E+00
8C8A_1	7ZJY_1	69	5.309E-01	4.824E+00
8C8A_1	5XMZ_1	101	2.757E-01	1.244E+01
8C8A_1	2OPC_1	79	2.868E-01	1.088E+01
8C8A_1	1KG1_1	64	2.679E-01	1.031E+01
8C8A_1	4GVB_1	17	4.555E-01	2.405E+00
8C8A_1	8OXI_1	45	4.130E-01	6.407E+00
8C8A_1	6BN0_1	64	2.846E-01	1.160E+01
8C8A_1	1ZLD_1	70	4.483E-01	1.186E+01
8C8A_1	5FID_1	25	5.598E-01	3.806E+00
8C8A_1	1FN8_1	109	1.915E-01	1.063E+01
8C8A_1	8OXL_1	50	2.516E-01	9.665E+00
8C8A_1	8EBB_1	68	2.304E-01	1.180E+01
8C8A_1	5VJJ_1	60	1.699E-01	1.140E+01
8C8A_1	1KPT_1	34	2.051E-01	9.129E+00
8C8A_1	4B8V_1	25	2.347E-01	9.808E+00
5XMZ_1	5XMZ_1	122	1.008E+00	0.000E+00
5XMZ_1	6WES_1	163	2.026E-01	1.707E+01
5XMZ_1	6R5J_1	97	3.716E-01	1.132E+01
5XMZ_1	8ACX_1	85	2.183E-01	1.021E+01
5XMZ_1	6G10_2	97	3.011E-01	1.394E+01
5XMZ_1	1FN8_1	119	1.837E-01	1.149E+01
5XMZ_1	6G11_1	99	2.996E-01	1.456E+01
5XMZ_1	6FUB_1	99	3.022E-01	1.436E+01
5XMZ_1	5OD4_1	102	3.303E-01	1.325E+01
5XMZ_1	9FEI_1	153	1.698E-01	1.821E+01
5XMZ_1	6FU9_2	99	3.627E-01	1.155E+01
5XMZ_1	8C8A_1	101	2.757E-01	1.244E+01
5XMZ_1	7ZKD_1	62	2.853E-01	6.886E+00
5XMZ_1	1ZLD_1	79	3.325E-01	9.853E+00
5XMZ_1	4Z4A_1	24	3.511E-01	4.230E+00
5XMZ_1	2MYW_1	60	2.619E-01	1.095E+01
5XMZ_1	5FID_1	149	2.553E-01	1.554E+01
5XMZ_1	6ZUS_1	125	2.469E-01	1.455E+01
5XMZ_1	2MM0_1	95	3.571E-01	1.222E+01
5XMZ_1	6FUD_2	62	2.772E-01	1.196E+01
5XMZ_1	8OXH_1	110	1.630E-01	1.150E+01
5XMZ_1	1ZLE_1	78	3.344E-01	9.722E+00
5XMZ_1	8V1J_1	115	2.494E-01	1.365E+01
5XMZ_1	5A6W_2	62	2.863E-01	1.208E+01
5XMZ_1	7NMM_2	70	1.780E-01	1.411E+01
5XMZ_1	6FMB_1	85	3.226E-01	1.343E+01
5XMZ_1	7A8X_2	69	1.816E-01	1.395E+01
5XMZ_1	7B1I_2	65	1.985E-01	1.378E+01
5XMZ_1	8OXI_1	57	3.282E-01	8.406E+00
5XMZ_1	8R7A_2	94	2.585E-01	1.256E+01
5XMZ_1	8DP9_1	29	3.583E-01	7.965E+00
5XMZ_1	7T6A_1	173	1.835E-01	1.643E+01
5XMZ_1	5ZNG_2	58	3.227E-01	1.252E+01
5XMZ_1	2N37_1	56	2.802E-01	1.227E+01
5XMZ_1	5VJJ_1	51	3.466E-01	1.081E+01
5XMZ_1	2MYV_1	58	3.213E-01	1.230E+01
5XMZ_1	6BN0_1	24	3.055E-01	4.417E+00
5XMZ_1	7NLJ_2	84	1.668E-01	1.348E+01
5XMZ_1	8OXL_1	114	2.861E-01	1.208E+01
5XMZ_1	7AD5_1	17	3.912E-01	3.985E+00
5XMZ_1	6Q76_2	70	2.632E-01	1.311E+01
5XMZ_1	7ZK0_1	58	2.868E-01	1.294E+01
5XMZ_1	1KPT_1	87	1.593E-01	1.458E+01
5XMZ_1	2OPC_1	117	1.842E-01	1.156E+01
5XMZ_1	7T69_1	129	1.986E-01	1.838E+01
5XMZ_1	5FNO_1	43	3.479E-01	7.532E+00
5XMZ_1	7ZJY_1	61	2.101E-01	1.297E+01
5XMZ_1	7MQQ_1	117	1.522E-01	1.567E+01
5XMZ_1	8DP8_1	18	3.408E-01	6.243E+00
5XMZ_1	8EBB_1	125	2.422E-01	1.282E+01
