1FN8_1	1FN8_1
1KG1_1_MODEL_11_A	1KG1_1_MODEL_11_A
1KG1_1_MODEL_11_A	1KG1_1_MODEL_5_A
1KG1_1_MODEL_11_A	1KG1_1_MODEL_1_A
1KG1_1_MODEL_11_A	1KG1_1_MODEL_3_A
1KG1_1_MODEL_11_A	1KG1_1_MODEL_6_A
1KG1_1_MODEL_11_A	1KG1_1_MODEL_7_A
1KG1_1_MODEL_11_A	1KG1_1_MODEL_8_A
1KG1_1_MODEL_11_A	1KG1_1_MODEL_9_A
1KG1_1_MODEL_11_A	1KG1_1_MODEL_12_A
1KG1_1_MODEL_11_A	1KG1_1_MODEL_13_A
1KG1_1_MODEL_11_A	1KG1_1_MODEL_15_A
1KG1_1_MODEL_11_A	1KG1_1_MODEL_16_A
1KG1_1_MODEL_11_A	1KG1_1_MODEL_17_A
1KG1_1_MODEL_11_A	1KG1_1_MODEL_18_A
1KG1_1_MODEL_11_A	1KG1_1_MODEL_19_A
1KG1_1_MODEL_11_A	1KG1_1_MODEL_20_A
1KG1_1_MODEL_11_A	1KG1_1_MODEL_21_A
1KG1_1_MODEL_11_A	1KG1_1_MODEL_22_A
1KG1_1_MODEL_11_A	1KG1_1_MODEL_23_A
1KG1_1_MODEL_11_A	1KG1_1_MODEL_24_A
1KG1_1_MODEL_11_A	1KG1_1_MODEL_25_A
1KG1_1_MODEL_11_A	1KG1_1_MODEL_2_A
1KG1_1_MODEL_11_A	1KG1_1_MODEL_4_A
1KG1_1_MODEL_11_A	1KG1_1_MODEL_10_A
1KG1_1_MODEL_11_A	1KG1_1_MODEL_14_A
1KPT_1	1KPT_1
1ZLE_1	1ZLE_1
1ZLE_1	1ZLD_1
1ZLE_1	5OD4_1
1ZLE_1	8EB9_1
2LW6_1_MODEL_2_A	2LW6_1_MODEL_2_A
2LW6_1_MODEL_2_A	2LW6_1_MODEL_1_A
2LW6_1_MODEL_2_A	2LW6_1_MODEL_3_A
2LW6_1_MODEL_2_A	2LW6_1_MODEL_4_A
2LW6_1_MODEL_2_A	2LW6_1_MODEL_5_A
2LW6_1_MODEL_2_A	2LW6_1_MODEL_6_A
2LW6_1_MODEL_2_A	2LW6_1_MODEL_7_A
2LW6_1_MODEL_2_A	2LW6_1_MODEL_8_A
2LW6_1_MODEL_2_A	2LW6_1_MODEL_9_A
2LW6_1_MODEL_2_A	2LW6_1_MODEL_10_A
2LW6_1_MODEL_2_A	2LW6_1_MODEL_11_A
2LW6_1_MODEL_2_A	2LW6_1_MODEL_12_A
2LW6_1_MODEL_2_A	2LW6_1_MODEL_13_A
2LW6_1_MODEL_2_A	2LW6_1_MODEL_14_A
2LW6_1_MODEL_2_A	2LW6_1_MODEL_15_A
2LW6_1_MODEL_2_A	2LW6_1_MODEL_16_A
2LW6_1_MODEL_2_A	2LW6_1_MODEL_17_A
2LW6_1_MODEL_2_A	2LW6_1_MODEL_18_A
2LW6_1_MODEL_2_A	2LW6_1_MODEL_19_A
2LW6_1_MODEL_2_A	2LW6_1_MODEL_20_A
2MYV_1_MODEL_1_A	2MYV_1_MODEL_1_A
2MYV_1_MODEL_1_A	2MYV_1_MODEL_2_A
2MYV_1_MODEL_1_A	2MYV_1_MODEL_3_A
2MYV_1_MODEL_1_A	2MYV_1_MODEL_4_A
2MYV_1_MODEL_1_A	2MYV_1_MODEL_5_A
2MYV_1_MODEL_1_A	2MYV_1_MODEL_6_A
2MYV_1_MODEL_1_A	2MYV_1_MODEL_7_A
2MYV_1_MODEL_1_A	2MYV_1_MODEL_8_A
2MYV_1_MODEL_1_A	2MYV_1_MODEL_9_A
2MYV_1_MODEL_1_A	2MYV_1_MODEL_10_A
2MYV_1_MODEL_1_A	2MYV_1_MODEL_11_A
2MYV_1_MODEL_1_A	2MYV_1_MODEL_12_A
2MYV_1_MODEL_1_A	2MYV_1_MODEL_13_A
2MYV_1_MODEL_1_A	2MYV_1_MODEL_14_A
2MYV_1_MODEL_1_A	2MYV_1_MODEL_15_A
2MYV_1_MODEL_1_A	2MYV_1_MODEL_16_A
2MYV_1_MODEL_1_A	2MYV_1_MODEL_17_A
2MYV_1_MODEL_1_A	2MYV_1_MODEL_18_A
2MYV_1_MODEL_1_A	2MYV_1_MODEL_19_A
2MYV_1_MODEL_1_A	2MYV_1_MODEL_20_A
2MYV_1_MODEL_1_A	6FU9_2
2MYV_1_MODEL_1_A	5A6W_2
2MYV_1_MODEL_1_A	6FUB_1
2MYV_1_MODEL_1_A	6FUD_2
2MYV_1_MODEL_1_A	6G10_2
2MYV_1_MODEL_1_A	6G11_1
2MYV_1_MODEL_1_A	7A8X_2
2MYV_1_MODEL_1_A	7B1I_2
2MYV_1_MODEL_1_A	7NLJ_2
2MYV_1_MODEL_1_A	7NMM_2
2MYV_1_MODEL_1_A	5JHJ_1_MODEL_18_A
2MYV_1_MODEL_1_A	5JHJ_1_MODEL_5_A
2MYV_1_MODEL_1_A	5JHJ_1_MODEL_7_A
2MYV_1_MODEL_1_A	2MYW_1_MODEL_2_A
2MYV_1_MODEL_1_A	2MYW_1_MODEL_1_A
2MYV_1_MODEL_1_A	2MYW_1_MODEL_4_A
2MYV_1_MODEL_1_A	2MYW_1_MODEL_5_A
2MYV_1_MODEL_1_A	2MYW_1_MODEL_6_A
2MYV_1_MODEL_1_A	2MYW_1_MODEL_7_A
2MYV_1_MODEL_1_A	2MYW_1_MODEL_8_A
2MYV_1_MODEL_1_A	2MYW_1_MODEL_9_A
2MYV_1_MODEL_1_A	2MYW_1_MODEL_10_A
2MYV_1_MODEL_1_A	2MYW_1_MODEL_11_A
2MYV_1_MODEL_1_A	2MYW_1_MODEL_12_A
2MYV_1_MODEL_1_A	2MYW_1_MODEL_13_A
2MYV_1_MODEL_1_A	2MYW_1_MODEL_14_A
2MYV_1_MODEL_1_A	2MYW_1_MODEL_15_A
2MYV_1_MODEL_1_A	2MYW_1_MODEL_18_A
2MYV_1_MODEL_1_A	2MYW_1_MODEL_19_A
2MYV_1_MODEL_1_A	2MYW_1_MODEL_20_A
2MYV_1_MODEL_1_A	2N37_1_MODEL_9_A
2MYV_1_MODEL_1_A	2N37_1_MODEL_14_A
2MYV_1_MODEL_1_A	5JHJ_1_MODEL_13_A
2MYV_1_MODEL_1_A	6Q76_2
2MYV_1_MODEL_1_A	2MYW_1_MODEL_3_A
2MYV_1_MODEL_1_A	2MYW_1_MODEL_16_A
2MYV_1_MODEL_1_A	2MYW_1_MODEL_17_A
2MYV_1_MODEL_1_A	5JHJ_1_MODEL_10_A
2MYV_1_MODEL_1_A	2N37_1_MODEL_1_A
2MYV_1_MODEL_1_A	2N37_1_MODEL_2_A
2MYV_1_MODEL_1_A	2N37_1_MODEL_3_A
2MYV_1_MODEL_1_A	2N37_1_MODEL_4_A
2MYV_1_MODEL_1_A	2N37_1_MODEL_5_A
2MYV_1_MODEL_1_A	2N37_1_MODEL_6_A
2MYV_1_MODEL_1_A	2N37_1_MODEL_7_A
2MYV_1_MODEL_1_A	2N37_1_MODEL_8_A
2MYV_1_MODEL_1_A	2N37_1_MODEL_10_A
2MYV_1_MODEL_1_A	2N37_1_MODEL_11_A
2MYV_1_MODEL_1_A	2N37_1_MODEL_12_A
2MYV_1_MODEL_1_A	2N37_1_MODEL_13_A
2MYV_1_MODEL_1_A	2N37_1_MODEL_15_A
2MYV_1_MODEL_1_A	2N37_1_MODEL_16_A
2MYV_1_MODEL_1_A	2N37_1_MODEL_17_A
2MYV_1_MODEL_1_A	2N37_1_MODEL_18_A
2MYV_1_MODEL_1_A	2N37_1_MODEL_19_A
2MYV_1_MODEL_1_A	2N37_1_MODEL_20_A
2MYV_1_MODEL_1_A	5JHJ_1_MODEL_20_A
2MYV_1_MODEL_1_A	5JHJ_1_MODEL_6_A
2MYV_1_MODEL_1_A	5JHJ_1_MODEL_1_A
2MYV_1_MODEL_1_A	5JHJ_1_MODEL_2_A
2MYV_1_MODEL_1_A	5JHJ_1_MODEL_3_A
2MYV_1_MODEL_1_A	5JHJ_1_MODEL_4_A
2MYV_1_MODEL_1_A	5JHJ_1_MODEL_8_A
2MYV_1_MODEL_1_A	5JHJ_1_MODEL_9_A
2MYV_1_MODEL_1_A	5JHJ_1_MODEL_11_A
2MYV_1_MODEL_1_A	5JHJ_1_MODEL_12_A
2MYV_1_MODEL_1_A	5JHJ_1_MODEL_14_A
2MYV_1_MODEL_1_A	5JHJ_1_MODEL_15_A
2MYV_1_MODEL_1_A	5JHJ_1_MODEL_16_A
2MYV_1_MODEL_1_A	5JHJ_1_MODEL_17_A
2MYV_1_MODEL_1_A	5JHJ_1_MODEL_19_A
2MYV_1_MODEL_1_A	8C8A_1_MODEL_1_A
2MYV_1_MODEL_1_A	8C8A_1_MODEL_2_A
2MYV_1_MODEL_1_A	8C8A_1_MODEL_3_A
2MYV_1_MODEL_1_A	8C8A_1_MODEL_4_A
2MYV_1_MODEL_1_A	8C8A_1_MODEL_5_A
2MYV_1_MODEL_1_A	8C8A_1_MODEL_6_A
2MYV_1_MODEL_1_A	8C8A_1_MODEL_7_A
2MYV_1_MODEL_1_A	8C8A_1_MODEL_8_A
2MYV_1_MODEL_1_A	8C8A_1_MODEL_9_A
2MYV_1_MODEL_1_A	8C8A_1_MODEL_10_A
2MYV_1_MODEL_1_A	8C8A_1_MODEL_11_A
2MYV_1_MODEL_1_A	8C8A_1_MODEL_12_A
2MYV_1_MODEL_1_A	8C8A_1_MODEL_13_A
2MYV_1_MODEL_1_A	8C8A_1_MODEL_14_A
2MYV_1_MODEL_1_A	8C8A_1_MODEL_15_A
2MYV_1_MODEL_1_A	8C8A_1_MODEL_16_A
2MYV_1_MODEL_1_A	8C8A_1_MODEL_17_A
2MYV_1_MODEL_1_A	8C8A_1_MODEL_18_A
2MYV_1_MODEL_1_A	8C8A_1_MODEL_19_A
2MYV_1_MODEL_1_A	8C8A_1_MODEL_20_A
2N4O_1_MODEL_1_A	2N4O_1_MODEL_1_A
2N4O_1_MODEL_1_A	2N4O_1_MODEL_20_A
2N4O_1_MODEL_1_A	2N4O_1_MODEL_2_A
2N4O_1_MODEL_1_A	2N4O_1_MODEL_3_A
2N4O_1_MODEL_1_A	2N4O_1_MODEL_4_A
2N4O_1_MODEL_1_A	2N4O_1_MODEL_5_A
2N4O_1_MODEL_1_A	2N4O_1_MODEL_6_A
2N4O_1_MODEL_1_A	2N4O_1_MODEL_7_A
2N4O_1_MODEL_1_A	2N4O_1_MODEL_8_A
2N4O_1_MODEL_1_A	2N4O_1_MODEL_9_A
2N4O_1_MODEL_1_A	2N4O_1_MODEL_10_A
2N4O_1_MODEL_1_A	2N4O_1_MODEL_11_A
2N4O_1_MODEL_1_A	2N4O_1_MODEL_12_A
2N4O_1_MODEL_1_A	2N4O_1_MODEL_13_A
2N4O_1_MODEL_1_A	2N4O_1_MODEL_14_A
2N4O_1_MODEL_1_A	2N4O_1_MODEL_15_A
2N4O_1_MODEL_1_A	2N4O_1_MODEL_16_A
2N4O_1_MODEL_1_A	2N4O_1_MODEL_17_A
2N4O_1_MODEL_1_A	2N4O_1_MODEL_18_A
2N4O_1_MODEL_1_A	2N4O_1_MODEL_19_A
2QVT_1	2QVT_1
2QVT_1	2OPC_1
31EE_1	31EE_1
4B9H_1	4B9H_1
4B9H_1	4B8V_1
4BJN_1	4BJN_1
4BJN_1	4BJM_1
4GVB_2	4GVB_2
4GVB_2	4GVB_1
4Z4A_1	4Z4A_1
4Z4A_1	6BN0_1
5FID_1	5FID_1
5FNO_1	5FNO_1
5LOS_1	5LOS_1
5VJJ_1	5VJJ_1
5XMZ_1	5XMZ_1
5Z1V_1	5Z1V_1
5Z1V_1	2MM2_1_MODEL_18_A
5Z1V_1	2MM0_1_MODEL_4_A
5Z1V_1	2MM0_1_MODEL_6_A
5Z1V_1	2MM0_1_MODEL_13_A
5Z1V_1	2MM0_1_MODEL_14_A
5Z1V_1	2MM0_1_MODEL_15_A
5Z1V_1	2MM0_1_MODEL_16_A
5Z1V_1	2MM0_1_MODEL_17_A
5Z1V_1	2MM0_1_MODEL_19_A
5Z1V_1	2MM2_1_MODEL_1_A
5Z1V_1	2MM2_1_MODEL_2_A
5Z1V_1	2MM2_1_MODEL_3_A
5Z1V_1	2MM2_1_MODEL_4_A
5Z1V_1	2MM2_1_MODEL_8_A
5Z1V_1	2MM2_1_MODEL_10_A
5Z1V_1	2MM2_1_MODEL_17_A
5Z1V_1	6R5J_1
5Z1V_1	2MM0_1_MODEL_11_A
5Z1V_1	2MM0_1_MODEL_1_A
5Z1V_1	2MM0_1_MODEL_2_A
5Z1V_1	2MM0_1_MODEL_3_A
5Z1V_1	2MM0_1_MODEL_5_A
5Z1V_1	2MM0_1_MODEL_7_A
5Z1V_1	2MM0_1_MODEL_8_A
5Z1V_1	2MM0_1_MODEL_9_A
5Z1V_1	2MM0_1_MODEL_10_A
5Z1V_1	2MM0_1_MODEL_12_A
5Z1V_1	2MM0_1_MODEL_18_A
5Z1V_1	2MM0_1_MODEL_20_A
5Z1V_1	2MM2_1_MODEL_6_A
5Z1V_1	2MM2_1_MODEL_5_A
5Z1V_1	2MM2_1_MODEL_11_A
5Z1V_1	2MM2_1_MODEL_12_A
5Z1V_1	2MM2_1_MODEL_13_A
5Z1V_1	2MM2_1_MODEL_14_A
5Z1V_1	2MM2_1_MODEL_9_A
5Z1V_1	2MM2_1_MODEL_15_A
5Z1V_1	2MM2_1_MODEL_19_A
5Z1V_1	2MM2_1_MODEL_7_A
5Z1V_1	2MM2_1_MODEL_16_A
5Z1V_1	2MM2_1_MODEL_20_A
6H0I_1_MODEL_14_A	6H0I_1_MODEL_14_A
6H0I_1_MODEL_14_A	6H0I_1_MODEL_2_A
6H0I_1_MODEL_14_A	6H0I_1_MODEL_5_A
6H0I_1_MODEL_14_A	6H0I_1_MODEL_7_A
6H0I_1_MODEL_14_A	6H0I_1_MODEL_3_A
6H0I_1_MODEL_14_A	6H0I_1_MODEL_1_A
6H0I_1_MODEL_14_A	6H0I_1_MODEL_9_A
6H0I_1_MODEL_14_A	6H0I_1_MODEL_11_A
6H0I_1_MODEL_14_A	6H0I_1_MODEL_12_A
6H0I_1_MODEL_14_A	6H0I_1_MODEL_16_A
6H0I_1_MODEL_14_A	6H0I_1_MODEL_20_A
6H0I_1_MODEL_14_A	6H0I_1_MODEL_4_A
6H0I_1_MODEL_14_A	6H0I_1_MODEL_8_A
6H0I_1_MODEL_14_A	6H0I_1_MODEL_15_A
6H0I_1_MODEL_14_A	6H0I_1_MODEL_17_A
6H0I_1_MODEL_14_A	6H0I_1_MODEL_10_A
6H0I_1_MODEL_14_A	6H0I_1_MODEL_18_A
6H0I_1_MODEL_14_A	6H0I_1_MODEL_6_A
6H0I_1_MODEL_14_A	6H0I_1_MODEL_13_A
6H0I_1_MODEL_14_A	6H0I_1_MODEL_19_A
6Q40_1	6Q40_1
6QPK_1	6QPK_1
6SGO_1_MODEL_2_A	6SGO_1_MODEL_2_A
6SGO_1_MODEL_2_A	6SGO_1_MODEL_1_A
6SGO_1_MODEL_2_A	6SGO_1_MODEL_3_A
6SGO_1_MODEL_2_A	6SGO_1_MODEL_4_A
6SGO_1_MODEL_2_A	6SGO_1_MODEL_5_A
6SGO_1_MODEL_2_A	6SGO_1_MODEL_6_A
6SGO_1_MODEL_2_A	6SGO_1_MODEL_7_A
6SGO_1_MODEL_2_A	6SGO_1_MODEL_8_A
6SGO_1_MODEL_2_A	6SGO_1_MODEL_9_A
6SGO_1_MODEL_2_A	6SGO_1_MODEL_10_A
6SGO_1_MODEL_2_A	6SGO_1_MODEL_11_A
6SGO_1_MODEL_2_A	6SGO_1_MODEL_12_A
6SGO_1_MODEL_2_A	6SGO_1_MODEL_13_A
6SGO_1_MODEL_2_A	6SGO_1_MODEL_14_A
6SGO_1_MODEL_2_A	6SGO_1_MODEL_15_A
6SGO_1_MODEL_2_A	6SGO_1_MODEL_16_A
6SGO_1_MODEL_2_A	6SGO_1_MODEL_17_A
6SGO_1_MODEL_2_A	6SGO_1_MODEL_18_A
6SGO_1_MODEL_2_A	6SGO_1_MODEL_19_A
6SGO_1_MODEL_2_A	6SGO_1_MODEL_20_A
6WES_1	6WES_1
7AD5_1	7AD5_1
7AD5_1	4FPR_1
7AD5_1	4FPQ_1
7AD5_1	6ZUS_1
7EAU_1_MODEL_8_A	7EAU_1_MODEL_8_A
7EAU_1_MODEL_8_A	7EAU_1_MODEL_1_A
7EAU_1_MODEL_8_A	7EAU_1_MODEL_2_A
7EAU_1_MODEL_8_A	7EAU_1_MODEL_3_A
7EAU_1_MODEL_8_A	7EAU_1_MODEL_4_A
7EAU_1_MODEL_8_A	7EAU_1_MODEL_5_A
7EAU_1_MODEL_8_A	7EAU_1_MODEL_7_A
7EAU_1_MODEL_8_A	7EAU_1_MODEL_9_A
7EAU_1_MODEL_8_A	7EAU_1_MODEL_10_A
7EAU_1_MODEL_8_A	7EAU_1_MODEL_6_A
7MQQ_1	7MQQ_1
7PP2_2	7PP2_2
7XDS_1	7XDS_1
7XDS_1	7XC2_2
7XDS_1	7XE0_2
7XDS_1	7XVG_2
7ZJY_1_MODEL_1_A	7ZJY_1_MODEL_1_A
7ZJY_1_MODEL_1_A	7ZJY_1_MODEL_2_A
7ZJY_1_MODEL_1_A	7ZJY_1_MODEL_3_A
7ZJY_1_MODEL_1_A	7ZJY_1_MODEL_4_A
7ZJY_1_MODEL_1_A	7ZJY_1_MODEL_5_A
7ZJY_1_MODEL_1_A	7ZJY_1_MODEL_6_A
7ZJY_1_MODEL_1_A	7ZJY_1_MODEL_7_A
7ZJY_1_MODEL_1_A	7ZJY_1_MODEL_8_A
7ZJY_1_MODEL_1_A	7ZJY_1_MODEL_9_A
7ZJY_1_MODEL_1_A	7ZJY_1_MODEL_10_A
7ZJY_1_MODEL_1_A	7ZJY_1_MODEL_11_A
7ZJY_1_MODEL_1_A	7ZJY_1_MODEL_12_A
7ZJY_1_MODEL_1_A	7ZJY_1_MODEL_13_A
7ZJY_1_MODEL_1_A	7ZJY_1_MODEL_14_A
7ZJY_1_MODEL_1_A	7ZJY_1_MODEL_15_A
7ZJY_1_MODEL_1_A	7ZJY_1_MODEL_16_A
7ZJY_1_MODEL_1_A	7ZJY_1_MODEL_17_A
7ZJY_1_MODEL_1_A	7ZJY_1_MODEL_18_A
7ZJY_1_MODEL_1_A	7ZJY_1_MODEL_19_A
7ZJY_1_MODEL_1_A	7ZJY_1_MODEL_20_A
7ZJY_1_MODEL_1_A	5ZNG_2
7ZK0_1_MODEL_1_A	7ZK0_1_MODEL_1_A
7ZK0_1_MODEL_1_A	7ZK0_1_MODEL_2_A
7ZK0_1_MODEL_1_A	7ZK0_1_MODEL_3_A
7ZK0_1_MODEL_1_A	7ZK0_1_MODEL_4_A
7ZK0_1_MODEL_1_A	7ZK0_1_MODEL_5_A
7ZK0_1_MODEL_1_A	7ZK0_1_MODEL_6_A
7ZK0_1_MODEL_1_A	7ZK0_1_MODEL_7_A
7ZK0_1_MODEL_1_A	7ZK0_1_MODEL_8_A
7ZK0_1_MODEL_1_A	7ZK0_1_MODEL_9_A
7ZK0_1_MODEL_1_A	7ZK0_1_MODEL_10_A
7ZK0_1_MODEL_1_A	7ZK0_1_MODEL_11_A
7ZK0_1_MODEL_1_A	7ZK0_1_MODEL_12_A
7ZK0_1_MODEL_1_A	7ZK0_1_MODEL_13_A
7ZK0_1_MODEL_1_A	7ZK0_1_MODEL_14_A
7ZK0_1_MODEL_1_A	7ZK0_1_MODEL_15_A
7ZK0_1_MODEL_1_A	7ZK0_1_MODEL_16_A
7ZK0_1_MODEL_1_A	7ZK0_1_MODEL_17_A
7ZK0_1_MODEL_1_A	7ZK0_1_MODEL_18_A
7ZK0_1_MODEL_1_A	7ZK0_1_MODEL_19_A
7ZK0_1_MODEL_1_A	7ZK0_1_MODEL_20_A
7ZKD_1_MODEL_1_A	7ZKD_1_MODEL_1_A
7ZKD_1_MODEL_1_A	7ZKD_1_MODEL_2_A
7ZKD_1_MODEL_1_A	7ZKD_1_MODEL_3_A
7ZKD_1_MODEL_1_A	7ZKD_1_MODEL_4_A
7ZKD_1_MODEL_1_A	7ZKD_1_MODEL_5_A
7ZKD_1_MODEL_1_A	7ZKD_1_MODEL_6_A
7ZKD_1_MODEL_1_A	7ZKD_1_MODEL_7_A
7ZKD_1_MODEL_1_A	7ZKD_1_MODEL_8_A
7ZKD_1_MODEL_1_A	7ZKD_1_MODEL_9_A
7ZKD_1_MODEL_1_A	7ZKD_1_MODEL_10_A
7ZKD_1_MODEL_1_A	7ZKD_1_MODEL_11_A
7ZKD_1_MODEL_1_A	7ZKD_1_MODEL_12_A
7ZKD_1_MODEL_1_A	7ZKD_1_MODEL_13_A
7ZKD_1_MODEL_1_A	7ZKD_1_MODEL_14_A
7ZKD_1_MODEL_1_A	7ZKD_1_MODEL_15_A
7ZKD_1_MODEL_1_A	7ZKD_1_MODEL_16_A
7ZKD_1_MODEL_1_A	7ZKD_1_MODEL_17_A
7ZKD_1_MODEL_1_A	7ZKD_1_MODEL_18_A
7ZKD_1_MODEL_1_A	7ZKD_1_MODEL_19_A
7ZKD_1_MODEL_1_A	7ZKD_1_MODEL_20_A
8ACX_1	8ACX_1
8DP9_1	8DP9_1
8DP9_1	8DP8_1
8EBB_1	8EBB_1
8EBB_1	7T6A_1
8EBB_1	7T69_1
8OXK_1	8OXK_1
8OXK_1	8OXJ_1
8OXL_1	8OXL_1
8OXL_1	8OXH_1
8R7A_2	8R7A_2
8V1J_1	8V1J_1
9FEI_1	9FEI_1
9FYC_2	9FYC_2
9FYC_2	6FMB_1
9FYC_2	8OXI_1
