PDB_ID	Chain	Annotation	Organism	Effector	Deposition_date	TM_score_crystal_x	TM_score_esm	RMSD_x	Aligned_length_x	Seq_ID_x	ESMFold_length_x	Experimental_length_x	TM_score_crystal_y	TM_score_AF2	RMSD_y	Aligned_length_y	Seq_ID_y	AF2_length	Experimental_length_y	TM_score_crystal	TM_score_AF3	RMSD	Aligned_length	Seq_ID	ESMFold_length_y	Experimental_length
1FN8_1	A	TRYPSIN	Fusarium oxysporum (5507)	1	2000-08-21T00:00:00.000+00:00	0.99131	0.99131	0.53	224	1	224	224	0.99351	0.99351	0.45	224	1	224	224	0.99418	0.99418	0.43	224	1	224	224
1FN8_2	B	GLY-ALA-ARG		0	2000-08-21T00:00:00.000+00:00																					
1KG1_1	A	Necrosis Inducing Protein 1	Rhynchosporium secalis (38038)	1	2001-11-26T00:00:00.000+00:00	0.30002	0.30002	3.72	36	0.139	60	60	0.36764	0.36764	3.51	41	0.244	60	60	0.39532	0.39532	2.45	35	0.457	60	60
1KPT_1	"A, B"	KP4 TOXIN	Ustilago maydis (5270)	1	1995-06-06T00:00:00.000+00:00	0.96012	0.96012	0.85	105	1	105	105	0.97702	0.97702	0.64	105	1	105	105	0.98373	0.98373	0.53	105	1	105	105
1ZLD_1	A	Ptr necrosis toxin	Pyrenophora tritici-repentis (45151)	1	2005-05-06T00:00:00.000+00:00	0.47665	0.53198	3.66	81	0.457	118	102	0.98619	0.85415	0.46	102	0.99	118	102	0.72131	0.8226	2.21	98	0.949	118	102
1ZLE_1	"A, B, C"	Ptr necrosis toxin	Pyrenophora tritici-repentis (45151)	1	2005-05-06T00:00:00.000+00:00	0.47805	0.534	3.65	81	0.457	118	102	0.97591	0.84505	0.53	101	1	118	102	0.67095	0.75919	2.74	99	0.818	118	102
2LW6_1	A	AvrPiz-t protein	Magnaporthe oryzae (318829)	1	2012-07-23T00:00:00.000+00:00	0.45683	0.45683	3.88	63	0.698	80	80	0.79279	0.79279	2.12	77	0.974	80	80	0.73282	0.73282	2.12	73	1	80	80
2MM0_1	A	Host-selective toxin protein	Pyrenophora tritici-repentis (45151)	1	2014-03-06T00:00:00.000+00:00	0.46667	0.46667	3.63	60	0.483	64	64	0.89906	0.89906	1.06	64	1	64	64	0.89835	0.89835	1.07	64	1	64	64
2MM2_1	A	Toxb	Pyrenophora tritici-repentis (45151)	1	2014-03-06T00:00:00.000+00:00	0.48946	0.48946	2.6	45	0.889	65	65	0.89208	0.89208	1.22	65	1	65	65	0.90706	0.90706	1.2	65	1	65	65
2MYV_1	A	Uncharacterized protein	Magnaporthe grisea (148305)	1	2015-01-30T00:00:00.000+00:00	0.24791	0.28295	4.07	43	0.302	98	79	0.72843	0.59771	1.99	66	0.924	98	79	0.58679	0.71862	2.26	64	0.938	98	79
2MYW_1	A	AVR-Pia protein	Magnaporthe oryzae (318829)	1	2015-01-30T00:00:00.000+00:00	0.47845	0.55855	2.74	62	0.71	97	79	0.7701	0.63634	1.23	66	1	97	79	0.63328	0.76549	1.28	66	1	97	79
2N37_1	A	AVR-Pia protein	Magnaporthe oryzae (318829)	1	2015-05-25T00:00:00.000+00:00	0.77306	0.77306	1.78	65	0.938	66	66	0.7828	0.7828	1.89	65	0.985	66	66	0.78052	0.78052	1.93	66	1	66	66
2N4O_1	A	Hydrophobin-like protein MPG1	Magnaporthe oryzae 70-15 (242507)	1	2015-06-25T00:00:00.000+00:00	0.57696	0.57696	3.07	81	0.679	95	95	0.62495	0.62495	2.86	85	0.8	95	95	0.55053	0.55053	3.13	78	0.718	95	95
2OPC_1	A	AvrL567-A	Melampsora lini (5261)	1	2007-01-29T00:00:00.000+00:00	0.28986	0.30972	4.4	62	0.306	127	115	0.97443	0.884	0.85	115	1	127	115	0.88449	0.97503	0.85	115	1	127	115
2QVT_1	A	AvrL567-D	Melampsora lini (5261)	1	2007-08-08T00:00:00.000+00:00	0.22026	0.26679	4.7	54	0.037	150	113	0.98836	0.74663	0.46	113	1	150	113	0.74585	0.98732	0.51	113	1	150	113
31EE_1	"A, B"	Cyclodipeptide synthase (FoCDPS)	Fusarium oxysporum (5507)	1	2026-05-28T00:00:00.000+00:00	0.83818	0.92225	1.89	244	0.926	271	245	0.96877	0.87783	1.18	245	1	271	245	0.87898	0.97011	1.16	245	1	271	245
31EE_2	C	ALA-ALA-LEU-ALA-PRO-LEU-GLY-SER-VAL-GLY-SER-VAL	Fusarium oxysporum (5507)	0	2026-05-28T00:00:00.000+00:00																					
4B8V_1	A	EXTRACELLULAR PROTEIN 6	PASSALORA FULVA (5499)	1	2012-08-30T00:00:00.000+00:00	0.66753	0.78974	3.29	183	0.858	228	189	0.98051	0.81535	0.73	189	1	228	189	0.66716	0.79151	3.5	183	0.842	228	189
4B9H_1	A	EXTRACELLULAR PROTEIN 6	PASSALORA FULVA (5499)	1	2012-09-04T00:00:00.000+00:00	0.66748	0.78885	3.31	184	0.837	228	189	0.98725	0.82007	0.59	189	1	228	189	0.66796	0.79216	3.49	183	0.852	228	189
4BJM_1	"A, B, C, D"	AVRM	MELAMPSORA LINI (5261)	1	2013-04-19T00:00:00.000+00:00	0.41221	0.43072	4.31	130	0.623	238	226								0.85585	0.89852	2.05	221	0.986	238	226
4BJN_1	"A, B, C, D, E, F, G, H"	AVRM-A	MELAMPSORA LINI (5261)	1	2013-04-19T00:00:00.000+00:00	0.42662	0.4616	4.62	141	0.511	244	222	0.92051	0.84252	1.83	222	0.995	244	222	0.81536	0.89056	1.83	216	0.903	244	222
4FPQ_1	"A, B, C, D"	Avirulence Effector AvrLm4-7	Leptosphaeria maculans (985895)	1	2012-06-22T00:00:00.000+00:00	0.67707	0.6815	3.2	113	0.77	131	130	0.95805	0.95079	0.69	126	1	131	130	0.72652	0.73147	2.57	113	0.735	131	130
4FPR_1	"A, B, C, D"	Avirulence Effector AvrLm4-7	Leptosphaeria maculans (985895)	1	2012-06-22T00:00:00.000+00:00	0.67791	0.68235	3.2	113	0.77	131	130	0.95867	0.9514	0.68	126	1	131	130	0.72034	0.72526	2.38	111	0.793	131	130
4GVB_1	A	KP6 killer toxin subunit alpha	Ustilago maydis virus P6 (11010)	1	2012-08-30T00:00:00.000+00:00	0.79468	0.82255	2.18	74	1	80	77	0.73054	0.70767	2.68	72	0.861	80	77	0.74135	0.76652	2.25	71	0.775	80	77
4GVB_2	B	KP6 killer toxin subunit beta	Ustilago maydis virus P6 (11010)	1	2012-08-30T00:00:00.000+00:00	0.86447	0.9409	0.83	74	1	81	74	0.5257	0.49752	3.37	67	0.373	81	74	0.28896	0.30278	4.23	46	0.13	81	74
4Z4A_1	"A, B"	Carbohydrate-binding module family 14 protein	Pseudocercospora fuligena (685502)	1	2015-04-01T00:00:00.000+00:00	0.59403	0.95198	0.73	74	0.973	121	74	0.97214	0.60172	0.53	74	1	121	74	0.59742	0.96005	0.64	74	1	121	74
5A6W_1	"A, B"	RESISTANCE PROTEIN PIKP-1	ORYZA SATIVA (4530)	0	2015-07-01T00:00:00.000+00:00																					
5A6W_2	C	AVR-PIK PROTEIN	MAGNAPORTHE ORYZAE (318829)	1	2015-07-01T00:00:00.000+00:00	0.73898	0.81918	1.89	78	0.846	93	83	0.96606	0.86482	0.86	83	1	93	83	0.86953	0.97223	0.89	83	1	93	83
5FID_1	"A, B"	Elicitor protein Hrip2	Magnaporthe oryzae (318829)	1	2015-12-23T00:00:00.000+00:00	0.43451	0.97866	0.39	60	1	137	60	0.99019	0.96157	0.43	133	1	137	133	0.433	0.97408	0.5	60	1	137	60
5FNO_1	"A, B"	MANGANESE LIPOXYGENASE	MAGNAPORTHE ORYZAE (318829)	1	2015-11-16T00:00:00.000+00:00	0.91459	0.97292	1.47	568	1	605	568	0.99667	0.93587	0.49	568	1	605	568	0.93643	0.99729	0.44	568	1	605	568
5JHJ_1	A	Antivirulence protein AVR-Pia	Magnaporthe oryzae (318829)	1	2016-04-21T00:00:00.000+00:00	0.5675	0.67897	1.82	64	1	97	79	0.75146	0.62231	1.5	66	1	97	79	0.6164	0.74335	1.58	66	1	97	79
5LOS_1	A	PIIN_05872	Piriformospora indica (1109443)	1	2016-08-09T00:00:00.000+00:00	0.74898	0.99044	0.34	89	0.989	118	89	0.97115	0.73811	0.61	89	0.989	118	89	0.74444	0.98237	0.47	89	0.989	118	89
5OD4_1	A	Secreted in xylem 3	Fusarium oxysporum (5507)	1	2017-07-04T00:00:00.000+00:00	0.84596	0.87119	2.02	121	1	128	124	0.87892	0.85361	1.89	122	0.967	128	124	0.892	0.91925	1.33	122	0.951	128	124
5VJJ_1	"A, B"	Avirulence protein AvrP123	Melampsora lini (5261)	1	2017-04-19T00:00:00.000+00:00	0.20608	0.22304	4.77	40	0.025	91	77	0.46226	0.40927	3.43	55	0.673	91	77	0.52373	0.60348	2.32	58	0.81	91	77
5XMZ_1	A	Effector protein PevD1	Verticillium dahliae (27337)	1	2017-05-17T00:00:00.000+00:00	0.73417	0.9257	1.42	119	1	155	122	0.96395	0.76275	0.79	121	0.992	155	122	0.75896	0.95793	0.85	121	0.992	155	122
5Z1V_1	"A, B, C, D"	AvrPib protein	Magnaporthe oryzae (318829)	1	2017-12-28T00:00:00.000+00:00	0.04687	0.99968	0.01	3	0.333	64	3	0.91684	0.80732	0.74	54	1	64	56	0.04687	0.99973	0.01	3	0	64	3
5ZNG_1	A	NBS-LRR type protein	Oryza sativa subsp. japonica (39947)	0	2018-04-09T00:00:00.000+00:00																					
5ZNG_2	B[auth C]	AVR1-CO39	Magnaporthe grisea (148305)	1	2018-04-09T00:00:00.000+00:00	0.23227	0.26288	3.95	32	0.031	77	62	0.92156	0.74864	1.39	61	0.967	77	62	0.72595	0.89015	1.42	60	1	77	62
6BN0_1	"A, B, C, D"	Race-specific elicitor A4	Passalora fulva (5499)	1	2017-11-15T00:00:00.000+00:00	0.96207	0.96207	0.91	79	1	79	79	0.937	0.937	1.48	79	1	79	79	0.96095	0.96095	0.81	79	1	79	79
6FMB_1	A	CSEP0064 putative effector protein	Blumeria graminis f. sp. hordei (2867405)	1	2018-01-30T00:00:00.000+00:00	0.88753	0.89616	1.63	95	0.947	98	97	0.89491	0.8863	1.65	95	0.947	98	97	0.88223	0.89075	1.42	94	0.957	98	97
6FU9_1	"A, C"	NBS-LRR class disease resistance protein	Oryza sativa subsp. japonica (39947)	0	2018-02-26T00:00:00.000+00:00																					
6FU9_2	"B, D"	AVR-Pik protein	Magnaporthe oryzae (318829)	1	2018-02-26T00:00:00.000+00:00	0.7476	0.82078	1.84	78	0.846	93	84	0.96276	0.87107	0.83	83	1	93	84	0.87213	0.96417	0.87	83	1	93	84
6FUB_1	A[auth B]	AVR-Pik protein	Magnaporthe oryzae (318829)	1	2018-02-26T00:00:00.000+00:00	0.74424	0.74424	1.83	78	0.846	93	93	0.87253	0.87253	1.15	84	1	93	93	0.89328	0.89328	1.29	88	1	93	93
6FUB_2	B[auth A]	NBS-LRR class disease resistance protein	Oryza sativa subsp. japonica (39947)	0	2018-02-26T00:00:00.000+00:00																					
6FUD_1	A	NBS-LRR class disease resistance protein	Oryza sativa subsp. japonica (39947)	0	2018-02-26T00:00:00.000+00:00																					
6FUD_2	B	AVR-Pik protein	Magnaporthe oryzae (318829)	1	2018-02-26T00:00:00.000+00:00	0.75183	0.85395	1.52	77	0.857	93	81	0.99169	0.86483	0.3	81	1	93	81	0.86092	0.9864	0.38	81	1	93	81
6G10_1	"A, B"	Resistance protein Pikp-1	Oryza sativa subsp. japonica (39947)	0	2018-03-20T00:00:00.000+00:00																					
6G10_2	C	AVR-Pik protein	Magnaporthe oryzae (318829)	1	2018-03-20T00:00:00.000+00:00	0.73706	0.81766	1.7	77	0.857	93	83	0.96592	0.86502	0.79	83	1	93	83	0.87017	0.97262	0.77	83	1	93	83
6G11_1	"A[auth C], D[auth F]"	AVR-Pik protein	Magnaporthe oryzae (318829)	1	2018-03-20T00:00:00.000+00:00	0.7317	0.81908	1.95	78	0.846	93	82	0.98528	0.87056	0.4	82	1	93	82	0.87407	0.99001	0.34	82	1	93	82
6G11_2	"B[auth A], C[auth B], E[auth D], F[auth E]"	Resistance protein Pikp-1	Oryza sativa subsp. japonica 	0	2018-03-20T00:00:00.000+00:00																					
6H0I_1	A	Secreted protein	Melampsora larici-populina 98AG31 (747676)	1	2018-07-09T00:00:00.000+00:00	0.3659	0.3659	2.58	34	0.912	75	75	0.42211	0.42211	2.56	41	0.902	75	75	0.39676	0.39676	2.42	38	0.842	75	75
6Q40_1	"A, B, C, D"	LysM domain-containing protein	Zymoseptoria tritici IPO323 (336722)	1	2018-12-05T00:00:00.000+00:00	0.73097	0.73097	2.07	67	0.91	79	79	0.88408	0.88408	1.81	76	0.947	79	79	0.91004	0.91004	1.32	76	1	79	79
6Q76_1	A	Resistance protein Pikp-1	Oryza sativa subsp. japonica (39947)	0	2018-12-12T00:00:00.000+00:00																					
6Q76_2	B	AVR-Pia protein	Magnaporthe oryzae (318829)	1	2018-12-12T00:00:00.000+00:00	0.8273	0.8273	2.11	66	1	68	68	0.95564	0.95564	0.66	68	1	68	68	0.97333	0.97333	0.51	68	1	68	68
6QPK_1	"A, B"	Uncharacterized protein	Zymoseptoria tritici ST99CH_1E4 (1276532)	1	2019-02-14T00:00:00.000+00:00	0.36696	0.37616	3.61	49	0.408	80	77	0.99121	0.95443	0.3	77	1	80	77	0.79677	0.82509	1.87	73	0.986	80	77
6R5J_1	"A, B[auth C]"	Uncharacterized protein	Magnaporthe oryzae (strain P131) (1143193)	1	2019-03-25T00:00:00.000+00:00	0.94376	0.94376	0.91	67	1	68	68	0.96958	0.95588	0.52	67	1	68	67	0.9714	0.9714	0.57	68	1	68	68
6SGO_1	A	Secreted protein	Melampsora larici-populina (203908)	1	2019-08-05T00:00:00.000+00:00	0.5043	0.56074	3.93	118	0.661	157	136	0.75978	0.67095	3.34	132	0.818	157	136	0.34658	0.38238	4.97	90	0.578	157	136
6WES_1	A	Tox3	Phaeosphaeria nodorum (strain SN15 / ATCC MYA-4574 / FGSC 10173) (321614)	1	2020-04-02T00:00:00.000+00:00	0.30736	0.30736	4.57	75	0.093	158	158	0.90546	0.90546	1.82	157	0.981	158	158	0.92611	0.92611	1.67	157	0.955	158	158
6ZUS_1	A	Extracellular protein 11-1	Passalora fulva (5499)	1	2020-07-23T00:00:00.000+00:00	0.30261	0.30261	4.87	75	0.04	143	143	0.86395	0.86395	2.1	142	1	143	143	0.92633	0.92633	1.76	143	1	143	143
7A8X_1	"A, B, D, E"	NBS-LRR class disease resistance protein	Oryza sativa subsp. japonica (39947)	0	2020-08-31T00:00:00.000+00:00																					
7A8X_2	"C, F"	AVR-Pik protein	Magnaporthe oryzae (strain 70-15 / ATCC MYA-4617 / FGSC 8958) (242507)	1	2020-08-31T00:00:00.000+00:00	0.38697	0.42946	3.7	57	0.702	93	80	0.98187	0.84718	0.44	80	1	93	80	0.85109	0.98733	0.37	80	1	93	80
7AD5_1	A	Avirulence protein LmJ1	Leptosphaeria maculans (5022)	1	2020-09-14T00:00:00.000+00:00	0.28098	0.2825	4.76	61	0.475	125	124	0.37217	0.37011	4.3	75	0.08	125	124	0.31353	0.31541	4.63	63	0	125	124
7B1I_1	A[auth B]	OSIGBa0128P10.9 protein	Oryza sativa (4530)	0	2020-11-24T00:00:00.000+00:00																					
7B1I_2	B[auth C]	AVR-Pik protein	Magnaporthe oryzae (318829)	1	2020-11-24T00:00:00.000+00:00	0.69666	0.78997	1.78	77	0.87	94	81	0.98821	0.85321	0.35	81	1	94	81	0.85315	0.98814	0.36	81	1	94	81
7EAU_1	A	SIN1	Colletotrichum orbiculare (strain 104-T / ATCC 96160 / CBS 514.97 / LARS 414 / MAFF 240422) (1213857)	1	2021-03-08T00:00:00.000+00:00	0.48496	0.48888	2.78	45	0.644	50	49	0.6948	0.68618	1.72	48	0.958	50	49	0.72383	0.73401	1.97	49	1	50	49
7MQQ_1	A	Stem rust effector protein AvrSr50	Puccinia graminis f. sp. tritici (56615)	1	2021-05-06T00:00:00.000+00:00	0.28623	0.28789	4.73	58	0.052	114	113	0.31834	0.31646	4.79	64	0.422	114	113	0.29839	0.29999	4.9	66	0.606	114	113
7NLJ_1	A	sHMA25	Setaria italica (4555)	0	2021-02-22T00:00:00.000+00:00																					
7NLJ_2	B	APikL2A	Pyricularia oryzae Y34 (1143189)	1	2021-02-22T00:00:00.000+00:00	0.35894	0.36326	4.16	62	0.065	93	91	0.90852	0.89009	1.08	88	0.92	93	91	0.95067	0.97087	0.62	91	0.989	93	91
7NMM_1	"A, B, C, D, E, F, G, H"	sHMAx	Setaria italica (4555)	0	2021-02-23T00:00:00.000+00:00																					
7NMM_2	"I, J, K, L, M, N, O, P"	APikL2F	Pyricularia oryzae B157 (1348879)	1	2021-02-23T00:00:00.000+00:00	0.30623	0.31321	4.6	58	0.052	95	91	0.97764	0.93752	0.53	91	1	95	91	0.93726	0.97744	0.55	91	1	95	91
7PP2_1	A	Exocyst subunit Exo70 family protein	Oryza sativa (4530)	0	2021-09-13T00:00:00.000+00:00																					
7PP2_2	B	AVR-Pii protein	Pyricularia oryzae (318829)	1	2021-09-13T00:00:00.000+00:00	0.42559	0.69559	1.76	25	1	51	27	0.60835	0.37863	1.54	22	0.955	51	27	0.43175	0.73996	1.48	24	1	51	27
7T69_1	A	"Avr3 (SIX1), Secreted in xylem 1"	Fusarium oxysporum f. sp. lycopersici (59765)	1	2021-12-13T00:00:00.000+00:00	0.27176	0.32181	6.07	122	0.074	267	209	0.95802	0.75583	1.21	209	0.99	267	209	0.74895	0.94704	1.34	209	0.976	267	209
7T6A_1	"A, B"	"Avr1 (SIX4), Avirulence protein 1"	Fusarium oxysporum f. sp. lycopersici (59765)	1	2021-12-13T00:00:00.000+00:00	0.35814	0.35814	4.88	104	0.452	185	185	0.36558	0.36558	5.28	107	0.533	185	185	0.4462	0.4462	3.1	105	0.771	185	185
7T6A_2	"C, D"	"Avr1 (FolSIX4), Avirulence protein 1"	Fusarium oxysporum f. sp. lycopersici (59765)	0	2021-12-13T00:00:00.000+00:00																					
7XC2_1	"A, C, E, G, I"	CNL9	Triticum monococcum (4568)	0	2022-03-22T00:00:00.000+00:00																					
7XC2_2	"B, D, F, H, J"	Avirulence factor	Puccinia graminis f. sp. tritici (56615)	1	2022-03-22T00:00:00.000+00:00	0.48585	0.48844	6.13	315	0.41	434	431	0.88719	0.88154	2.88	428	0.96	434	431	0.43326	0.43578	5.99	262	0.466	434	431
7XDS_1	"A, B"	AvrSr35	Puccinia graminis f. sp. tritici (56615)	1	2022-03-28T00:00:00.000+00:00	0.18727	0.85223	1.83	111	0.883	575	121	0.93171	0.59677	2.11	360	0.939	575	362	0.16833	0.74398	2.02	101	0.96	575	121
7XE0_1	"A, C, D[auth E], E[auth G], F[auth I]"	Sr35	Triticum monococcum (4568)	0	2022-03-29T00:00:00.000+00:00																					
7XE0_2	"B, G[auth D], H[auth F], I[auth H], J"	AvrSr35	Puccinia graminis f. sp. tritici (56615)	1	2022-03-29T00:00:00.000+00:00	0.54565	0.75643	4.29	378	0.765	575	394	0.90281	0.63166	2.45	389	0.959	575	394	0.27605	0.36619	6.82	239	0.109	575	394
7XVG_1	A	Sr35	Triticum monococcum (4568)	0	2022-05-23T00:00:00.000+00:00																					
7XVG_2	B	AvrSr35	Puccinia graminis f. sp. tritici (56615)	1	2022-05-23T00:00:00.000+00:00	0.38115	0.42749	6.1	250	0.46	441	379	0.91452	0.79276	2.48	379	0.979	441	379	0.38766	0.44	5.39	228	0.487	441	379
7ZJY_1	A	MAX effector protein	Pyricularia oryzae (318829)	1	2022-04-12T00:00:00.000+00:00	0.75201	0.75201	1.76	56	1	60	60	0.83353	0.83353	1.73	59	1	60	60	0.91169	0.91169	1.27	60	1	60	60
7ZK0_1	A	MAX effector protein	Pyricularia oryzae (318829)	1	2022-04-12T00:00:00.000+00:00	0.615	0.615	2.22	67	0.97	89	89	0.78784	0.78784	1.59	79	1	89	89	0.8073	0.8073	1.21	77	1	89	89
7ZKD_1	A	MAX effector protein	Pyricularia oryzae (318829)	1	2022-04-12T00:00:00.000+00:00	0.31376	0.32385	3.43	44	0.614	95	91	0.68037	0.65579	2.07	74	0.946	95	91	0.6621	0.68726	2.06	74	0.946	95	91
8ACX_1	"A, B, C, D, E, F, G, H"	Hce2 domain-containing protein	Zymoseptoria tritici (1047171)	1	2022-07-07T00:00:00.000+00:00	0.74279	0.94623	1.39	112	0.857	144	112	0.94513	0.74214	1.36	112	0.92	144	112	0.7303	0.92734	1.53	112	0.866	144	112
8C8A_1	A	But2 domain-containing protein	Pyricularia oryzae 70-15 (242507)	1	2023-01-19T00:00:00.000+00:00	0.42717	0.66643	2.83	83	0.819	155	89	0.58237	0.37637	2.87	74	0.851	155	89	0.42734	0.70189	2.02	74	1	155	89
8DP8_1	"A, B, C"	AvrM14-A	Melampsora lini (5261)	1	2022-07-15T00:00:00.000+00:00	0.85695	0.90388	1.6	135	0.926	148	140								0.88479	0.93327	1.32	138	0.942	148	140
8DP9_1	"A, B"	AvrM14-B	Melampsora lini (5261)	1	2022-07-15T00:00:00.000+00:00	0.83274	0.92284	1.34	130	0.915	148	133								0.84793	0.94022	1.16	131	0.954	148	133
8EB9_1	A	Secreted in xylem Six8	Fusarium oxysporum f. sp. lycopersici (59765)	1	2022-08-30T00:00:00.000+00:00	0.26844	0.27837	4.39	48	0.104	95	89	0.79248	0.74892	1.99	84	0.833	95	89	0.3563	0.37176	3.94	58	0.138	95	89
8EBB_1	"A, B"	Secreted in xylem Six6	Fusarium oxysporum f. sp. lycopersici (59765)	1	2022-08-30T00:00:00.000+00:00	0.37218	0.37369	5.3	109	0.679	170	169	0.9834	0.9777	0.65	169	1	170	169	0.98359	0.98935	0.51	169	1	170	169
8EBB_2	C	Secreted in xylem Six6	Fusarium oxysporum f. sp. lycopersici (59765)	0	2022-08-30T00:00:00.000+00:00																					
8OXH_1	"A, B"	AVRA6	Blumeria hordei (2867405)	1	2023-05-02T00:00:00.000+00:00	0.34482	0.34482	4.15	56	0.036	93	93	0.89118	0.89118	1.44	93	1	93	93	0.90855	0.90855	1.67	93	1	93	93
8OXI_1	A	BgtE-5845_p	Blumeria graminis f. sp. tritici (62690)	1	2023-05-02T00:00:00.000+00:00	0.82735	0.90222	1.4	91	1	104	95	0.94277	0.86389	1.15	94	0.989	104	95	0.84353	0.92079	0.95	91	0.989	104	95
8OXJ_1	"A, B"	AVRA22	Blumeria hordei (2867405)	1	2023-05-02T00:00:00.000+00:00	0.66251	0.69735	2.87	85	0.729	98	92	0.58387	0.5549	2.77	71	0.676	98	92	0.39112	0.41083	3.39	54	0.722	98	92
8OXK_1	A	CSEP0141 putative effector protein	Blumeria hordei (2867405)	1	2023-05-02T00:00:00.000+00:00	0.71561	0.74747	2.33	87	0.908	99	94	0.62869	0.60185	2.14	72	0.75	99	94	0.31276	0.32583	3.27	43	0.581	99	94
8OXL_1	"A, B"	AVRA7	Blumeria hordei DH14 (546991)	1	2023-05-02T00:00:00.000+00:00	0.36122	0.36122	4.47	61	0.23	92	92	0.93395	0.93395	1.03	92	1	92	92	0.9168	0.9168	1.86	92	1	92	92
8R7A_1	A	Os01g0507700 protein	Oryza sativa (4530)	0	2023-11-24T00:00:00.000+00:00																					
8R7A_2	B	Pwl2 protein	Pyricularia oryzae (318829)	1	2023-11-24T00:00:00.000+00:00	0.42889	0.52706	3.54	84	0.69	145	112	0.66342	0.52982	2.96	93	0.849	145	112	0.59229	0.75525	2.16	94	0.936	145	112
8V1J_1	"A, B"	AvrSr27	Puccinia graminis f. sp. tritici (56615)	1	2023-11-20T00:00:00.000+00:00	0.34651	0.35709	4.53	68	0.441	120	115	0.65811	0.63702	3.2	108	0.898	120	115	0.65235	0.67356	2.97	108	0.787	120	115
9FEI_1	A	Defoliating protein: protein D	Fusarium oxysporum (5507)	1	2024-05-20T00:00:00.000+00:00	0.23483	0.28069	5.43	91	0.055	239	185	0.53358	0.42878	3.82	130	0.538	239	185	0.4325	0.53555	4.34	137	0.73	239	185
9FYC_1	A	CC-NBS-LRR resistance protein MLA13	Hordeum vulgare (4513)	0	2024-07-03T00:00:00.000+00:00																					
9FYC_2	B	CSEP0372 putative effector protein	Blumeria graminis (34373)	1	2024-07-03T00:00:00.000+00:00	0.50147	0.58874	3.27	86	0.547	122	98	0.91274	0.74292	1.15	96	1	122	98	0.74682	0.91865	1.11	96	1	122	98