PDB_ID	Chain	Annotation	Organism	Deposition_date	Structural family (inferred from La Naour Vernet et al. (2025))	How many protein identities in crystal structure	Method	Resolution	TM_score_crystal_esm	TM_score_pred_esm	RMSD_esm	Aligned_length_esm	Seq_ID_esm	Pred_length_esm	Experimental_length_esm	Coverage_esm	runtime_seconds_esm	TM_score_crystal_af2	TM_score_pred_af2	RMSD_af2	Aligned_length_af2	Seq_ID_af2	Pred_length_af2	Experimental_length_af2	Coverage_af2	runtime_seconds_af2	TM_score_crystal_af3	TM_score_pred_af3	RMSD_af3	Aligned_length_af3	Seq_ID_af3	Pred_length_af3	Experimental_length_af3	Coverage_af3	runtime_seconds_af3
1FN8_1	A	TRYPSIN	Fusarium oxysporum (5507)	2000-08-21T00:00:00.000+00:00	HYDROLASE/HYDROLASE SUBSTRATE (non secreted)	2.0	0	0.81	0.99131	0.99131	0.53	224	1.0	224	224	1.0	84	0.99358	0.99358	0.45	224.0	1.0	224.0	224.0	1.0	3023	0.99417	0.99417	0.43	224	1.0	224	224	1.0	751
1KG1_1	A	Necrosis Inducing Protein 1	Rhynchosporium secalis (38038)	2001-11-26T00:00:00.000+00:00	/	1.0	Solution NMR 	0	0.30002	0.30002	3.72	36	0.139	60	60	1.0	75	0.36914	0.36914	3.36	41.0	0.244	60.0	60.0	1.0	2010	0.39728	0.39728	2.38	35	0.457	60	60	1.0	737
1KPT_1	A, B	KP4 TOXIN	Ustilago maydis (5270)	1995-06-06T00:00:00.000+00:00	KP4-like	1.0	X-ray	1.75	0.96012	0.96012	0.85	105	1.0	105	105	1.0	72	0.97811	0.97811	0.62	105.0	1.0	105.0	105.0	1.0	2541	0.98362	0.98362	0.53	105	1.0	105	105	1.0	719
1ZLD_1	A	Ptr necrosis toxin	Pyrenophora tritici-repentis (45151)	2005-05-06T00:00:00.000+00:00	ToxA-like	1.0	X-ray	1.65	0.53198	0.47665	3.66	81	0.457	118	102	0.864406779661017	74	0.98797	0.85553	0.41	102.0	0.99	118.0	102.0	0.864406779661017	2446	0.82431	0.7261	2.07	101	0.95	118	102	0.864406779661017	733
1ZLE_1	A, B, C	Ptr necrosis toxin	Pyrenophora tritici-repentis (45151)	2005-05-06T00:00:00.000+00:00	ToxA-like	1.0	X-ray	1.9	0.534	0.47805	3.65	81	0.457	118	102	0.864406779661017	72	0.9771	0.84623	0.98	102.0	0.971	118.0	102.0	0.864406779661017	2445	0.81374	0.71616	2.19	100	0.9	118	102	0.864406779661017	774
2LW6_1	A	AvrPiz-t protein	Magnaporthe oryzae (318829)	2012-07-23T00:00:00.000+00:00	MAX	1.0	Solution NMR 	0	0.45683	0.45683	3.88	63	0.698	80	80	1.0	74	0.7943	0.7943	2.08	77.0	0.974	80.0	80.0	1.0	2050	0.73302	0.73302	2.11	73	1.0	80	80	1.0	765
2MM0_1	A	Host-selective toxin protein	Pyrenophora tritici-repentis (45151)	2014-03-06T00:00:00.000+00:00	MAX	1.0	Solution NMR 	0	0.46667	0.46667	3.63	60	0.483	64	64	1.0	74	0.8989	0.8989	1.05	64.0	1.0	64.0	64.0	1.0	2029	0.89818	0.89818	1.07	64	1.0	64	64	1.0	728
2MM2_1	A	Toxb	Pyrenophora tritici-repentis (45151)	2014-03-06T00:00:00.000+00:00	MAX 	1.0	Solution NMR 	0	0.48946	0.48946	2.6	45	0.889	65	65	1.0	75	0.89505	0.89505	1.23	65.0	1.0	65.0	65.0	1.0	2302	0.90677	0.90677	1.2	65	1.0	65	65	1.0	646
2MYV_1	A	Uncharacterized protein	Magnaporthe grisea (148305)	2015-01-30T00:00:00.000+00:00	MAX 	1.0	Solution NMR 	0	0.28295	0.24791	4.07	43	0.302	98	79	0.8061224489795918	77	0.7282	0.59749	2.0	66.0	0.924	98.0	79.0	0.8061224489795918	2173	0.71861	0.58677	2.26	64	0.938	98	79	0.8061224489795918	659
2MYW_1	A	AVR-Pia protein	Magnaporthe oryzae (318829)	2015-01-30T00:00:00.000+00:00	MAX 	1.0	Solution NMR 	0	0.55855	0.47845	2.74	62	0.71	97	79	0.8144329896907216	72	0.77007	0.63631	1.24	66.0	1.0	97.0	79.0	0.8144329896907216	2245	0.7655	0.63329	1.28	66	1.0	97	79	0.8144329896907216	689
2N37_1	A	AVR-Pia protein	Magnaporthe oryzae (318829)	2015-05-25T00:00:00.000+00:00	MAX	1.0	Solution NMR 	0	0.77306	0.77306	1.78	65	0.938	66	66	1.0	78	0.77698	0.77698	1.92	65.0	0.985	66.0	66.0	1.0	2174	0.78047	0.78047	1.93	66	1.0	66	66	1.0	719
2N4O_1	A	Hydrophobin-like protein MPG1	Magnaporthe oryzae 70-15 (242507)	2015-06-25T00:00:00.000+00:00	/	1.0	Solution NMR 	0	0.57696	0.57696	3.07	81	0.679	95	95	1.0	78	0.59091	0.59091	3.0	82.0	0.805	95.0	95.0	1.0	2138	0.55117	0.55117	3.12	78	0.718	95	95	1.0	722
2OPC_1	A	AvrL567-A	Melampsora lini (5261)	2007-01-29T00:00:00.000+00:00	ToxA-like	1.0	X-ray	1.43	0.30972	0.28986	4.4	62	0.306	127	115	0.905511811023622	76	0.97476	0.88428	0.85	115.0	1.0	127.0	115.0	0.905511811023622	2148	0.97506	0.88452	0.85	115	1.0	127	115	0.905511811023622	720
2QVT_1	A	AvrL567-D	Melampsora lini (5261)	2007-08-08T00:00:00.000+00:00	ToxA-like	1.0	X-ray	2.26	0.26679	0.22026	4.7	54	0.037	150	113	0.7533333333333333	75	0.98804	0.74643	0.47	113.0	1.0	150.0	113.0	0.7533333333333333	2238	0.98729	0.74583	0.51	113	1.0	150	113	0.7533333333333333	659
31EE_1	A, B	Cyclodipeptide synthase (FoCDPS)	Fusarium oxysporum (5507)	2026-05-28T00:00:00.000+00:00	RNA BINDING PROTEIN (non secreted)	2.0	0	1.81	0.92225	0.83818	1.89	244	0.926	271	245	0.904059040590406	74	0.96973	0.87865	1.16	245.0	1.0	271.0	245.0	0.904059040590406	2506	0.97011	0.87898	1.16	245	1.0	271	245	0.9040590405904059	724
4B8V_1	A	EXTRACELLULAR PROTEIN 6	PASSALORA FULVA (5499)	2012-08-30T00:00:00.000+00:00	LysM	1.0	X-ray	1.59	0.78974	0.66753	3.29	183	0.858	228	189	0.8289473684210527	77	0.98449	0.81814	0.65	189.0	1.0	228.0	189.0	0.8289473684210527	2904	0.7903	0.6663	3.54	183	0.852	228	189	0.8289473684210527	683
4B9H_1	A	EXTRACELLULAR PROTEIN 6	PASSALORA FULVA (5499)	2012-09-04T00:00:00.000+00:00	LysM	1.0	X-ray	2.1	0.78885	0.66748	3.31	184	0.837	228	189	0.8289473684210527	74	0.98195	0.81629	0.72	189.0	0.984	228.0	189.0	0.8289473684210527	2921	0.79174	0.6676	3.5	183	0.852	228	189	0.8289473684210527	631
4BJM_1	A, B, C, D	AVRM	MELAMPSORA LINI (5261)	2013-04-19T00:00:00.000+00:00	SIB1-like	1.0	X-ray	2.6	0.43072	0.41221	4.31	130	0.623	238	226	0.9495798319327732	78									1718	0.89415	0.85195	2.0	221	0.973	238	226	0.9495798319327731	731
4BJN_1	A, B, C, D, E, F, G, H	AVRM-A	MELAMPSORA LINI (5261)	2013-04-19T00:00:00.000+00:00	SIB1-like	1.0	X-ray	2.9	0.4616	0.42662	4.62	141	0.511	244	222	0.9098360655737704	78	0.91781	0.84025	1.84	222.0	1.0	244.0	222.0	0.9098360655737704	1969	0.89014	0.81499	1.84	216	0.903	244	222	0.9098360655737705	704
4FPQ_1	A, B, C, D	Avirulence Effector AvrLm4-7	Leptosphaeria maculans (985895)	2012-06-22T00:00:00.000+00:00	LARS	1.0	X-ray	2.3	0.6815	0.67707	3.2	113	0.77	131	130	0.9923664122137404	75	0.95807	0.95081	0.69	126.0	1.0	131.0	130.0	0.9923664122137404	2262	0.73193	0.72695	2.81	114	0.728	131	130	0.9923664122137404	737
4FPR_1	A, B, C, D	Avirulence Effector AvrLm4-7	Leptosphaeria maculans (985895)	2012-06-22T00:00:00.000+00:00	LARS	1.0	X-ray	2.4	0.68235	0.67791	3.2	113	0.77	131	130	0.9923664122137404	76	0.9587	0.95143	0.68	126.0	1.0	131.0	130.0	0.9923664122137404	2476	0.69523	0.69061	2.65	110	0.755	131	130	0.9923664122137404	728
4GVB_1	A	KP6 killer toxin subunit alpha	Ustilago maydis virus P6 (11010)	2012-08-30T00:00:00.000+00:00	KP6-like	2.0	X-ray	1.8	0.82255	0.79468	2.18	74	1.0	80	77	0.9625	76	0.611	0.59301	2.63	65.0	0.969	80.0	77.0	0.9625	2060	0.76652	0.74135	2.25	71	0.775	80	77	0.9625	807
4GVB_2	B	KP6 killer toxin subunit beta	Ustilago maydis virus P6 (11010)	2012-08-30T00:00:00.000+00:00	KP6-like	2.0	X-ray	1.8	0.9409	0.86447	0.83	74	1.0	81	74	0.9135802469135802	73	0.52524	0.49677	2.95	63.0	0.714	81.0	74.0	0.9135802469135802	2121	0.38122	0.3593	3.75	49	0.327	81	74	0.9135802469135802	809
4Z4A_1	A, B	Carbohydrate-binding module family 14 protein	Pseudocercospora fuligena (685502)	2015-04-01T00:00:00.000+00:00	Avr4	1.0	X-ray	1.7	0.95198	0.59403	0.73	74	0.973	121	74	0.6115702479338843	76	0.9715	0.60146	0.54	74.0	1.0	121.0	74.0	0.6115702479338843	2341	0.97781	0.6039	0.46	74	1.0	121	74	0.6115702479338843	741
5A6W_2	C	AVR-PIK PROTEIN	MAGNAPORTHE ORYZAE (318829)	2015-07-01T00:00:00.000+00:00	MAX 	2.0	X-ray	1.6	0.81918	0.73898	1.89	78	0.846	93	83	0.8924731182795699	72	0.96618	0.86491	0.85	83.0	1.0	93.0	83.0	0.8924731182795699	2080	0.97219	0.8695	0.89	83	1.0	93	83	0.8924731182795699	698
5FID_1	A, B	Elicitor protein Hrip2	Magnaporthe oryzae (318829)	2015-12-23T00:00:00.000+00:00	MoHrip2	1.0	X-ray	1.809	0.97866	0.43451	0.39	60	1.0	137	60	0.437956204379562	76	0.9875	0.43594	0.3	60.0	1.0	137.0	60.0	0.437956204379562	2391	0.97402	0.43299	0.5	60	1.0	137	60	0.43795620437956206	733
5FNO_1	A, B	MANGANESE LIPOXYGENASE	MAGNAPORTHE ORYZAE (318829)	2015-11-16T00:00:00.000+00:00	/	1.0	X-ray	2.038	0.97292	0.91459	1.47	568	1.0	605	568	0.9388429752066116	105	0.99685	0.93603	0.47	568.0	1.0	605.0	568.0	0.9388429752066116	3299	0.99729	0.93643	0.44	568	1.0	605	568	0.9388429752066115	829
5JHJ_1	A	Antivirulence protein AVR-Pia	Magnaporthe oryzae (318829)	2016-04-21T00:00:00.000+00:00	MAX 	1.0	Solution NMR 	0	0.67897	0.5675	1.82	64	1.0	97	79	0.8144329896907216	78	0.75078	0.62183	1.51	66.0	1.0	97.0	79.0	0.8144329896907216	2189	0.74439	0.61709	1.58	66	1.0	97	79	0.8144329896907216	677
5LOS_1	A	PIIN_05872	Piriformospora indica (1109443)	2016-08-09T00:00:00.000+00:00	/	1.0	X-ray	2	0.99044	0.74898	0.34	89	0.989	118	89	0.7542372881355932	75	0.969	0.73689	0.63	89.0	0.989	118.0	89.0	0.7542372881355932	2555	0.98249	0.7445	0.47	89	0.989	118	89	0.7542372881355932	649
5OD4_1	A	Secreted in xylem 3	Fusarium oxysporum (5507)	2017-07-04T00:00:00.000+00:00	ToxA-like	1.0	X-ray	1.1	0.87119	0.84596	2.02	121	1.0	128	124	0.96875	72	0.85816	0.83326	1.83	118.0	0.958	128.0	124.0	0.96875	2212	0.91812	0.89092	1.35	122	0.951	128	124	0.96875	675
5VJJ_1	A, B	Avirulence protein AvrP123	Melampsora lini (5261)	2017-04-19T00:00:00.000+00:00	/	1.0	X-ray	2.52	0.22304	0.20608	4.77	40	0.025	91	77	0.8461538461538461	73	0.34289	0.30975	4.0	50.0	0.54	91.0	77.0	0.8461538461538461	2101	0.64924	0.56552	2.8	68	0.794	91	77	0.8461538461538461	879
5XMZ_1	A	Effector protein PevD1	Verticillium dahliae (27337)	2017-05-17T00:00:00.000+00:00	PevD1-like	1.0	X-ray	1.85	0.9257	0.73417	1.42	119	1.0	155	122	0.7870967741935484	78	0.96354	0.76247	0.8	121.0	0.992	155.0	122.0	0.7870967741935484	2590	0.95789	0.75894	0.85	121	0.992	155	122	0.7870967741935484	629
5Z1V_1	A, B, C, D	AvrPib protein	Magnaporthe oryzae (318829)	2017-12-28T00:00:00.000+00:00	MAX	1.0	X-ray	1.66	0.99968	0.04687	0.01	3	0.333	64	3	0.046875	73	0.99744	0.04687	0.03	3.0	0.0	64.0	3.0	0.046875	2089	0.99975	0.04687	0.01	3	0.0	64	3	0.046875	644
5ZNG_2	B[auth C]	AVR1-CO39	Magnaporthe grisea (148305)	2018-04-09T00:00:00.000+00:00	MAX	2.0	X-ray	2.19	0.26288	0.23227	3.95	32	0.031	77	62	0.8051948051948052	77	0.91997	0.74698	0.88	60.0	0.983	77.0	62.0	0.8051948051948052	2075	0.90412	0.73534	1.25	60	1.0	77	62	0.8051948051948052	648
6BN0_1	A, B, C, D	Race-specific elicitor A4	Passalora fulva (5499)	2017-11-15T00:00:00.000+00:00	Avr4	1.0	X-ray	1.95	0.96207	0.96207	0.91	79	1.0	79	79	1.0	77	0.93818	0.93818	1.49	79.0	1.0	79.0	79.0	1.0	2171	0.94818	0.94818	1.16	79	1.0	79	79	1.0	829
6FMB_1	A	CSEP0064 putative effector protein	Blumeria graminis f. sp. hordei (2867405)	2018-01-30T00:00:00.000+00:00	RALPH	1.0	X-ray	1.3	0.89616	0.88753	1.63	95	0.947	98	97	0.9897959183673468	76	0.89892	0.89019	1.53	94.0	0.915	98.0	97.0	0.9897959183673468	2499	0.89102	0.8825	1.42	94	0.957	98	97	0.9897959183673469	689
6FU9_2	B, D	AVR-Pik protein	Magnaporthe oryzae (318829)	2018-02-26T00:00:00.000+00:00	MAX 	2.0	X-ray	1.2	0.82078	0.7476	1.84	78	0.846	93	84	0.9032258064516128	72	0.96269	0.87102	0.82	83.0	1.0	93.0	84.0	0.9032258064516128	2341	0.96417	0.87213	0.87	83	1.0	93	84	0.9032258064516129	676
6FUB_1	A[auth B]	AVR-Pik protein	Magnaporthe oryzae (318829)	2018-02-26T00:00:00.000+00:00	MAX 	2.0	X-ray	1.3	0.74424	0.74424	1.83	78	0.846	93	93	1.0	73	0.87255	0.87255	1.16	84.0	1.0	93.0	93.0	1.0	2167	0.89328	0.89328	1.3	88	1.0	93	93	1.0	655
6FUD_2	B	AVR-Pik protein	Magnaporthe oryzae (318829)	2018-02-26T00:00:00.000+00:00	MAX 	2.0	X-ray	1.3	0.85395	0.75183	1.52	77	0.857	93	81	0.8709677419354839	73	0.99145	0.86465	0.3	81.0	1.0	93.0	81.0	0.8709677419354839	2050	0.9864	0.86092	0.38	81	1.0	93	81	0.8709677419354839	749
6G10_2	C	AVR-Pik protein	Magnaporthe oryzae (318829)	2018-03-20T00:00:00.000+00:00	MAX	2.0	X-ray	1.35	0.81766	0.73706	1.7	77	0.857	93	83	0.8924731182795699	73	0.96596	0.86507	0.79	83.0	1.0	93.0	83.0	0.8924731182795699	2003	0.97264	0.87019	0.77	83	1.0	93	83	0.8924731182795699	797
6G11_1	A[auth C], D[auth F]	AVR-Pik protein	Magnaporthe oryzae (318829)	2018-03-20T00:00:00.000+00:00	MAX 	2.0	X-ray	1.9	0.81908	0.7317	1.95	78	0.846	93	82	0.8817204301075269	76	0.9854	0.87065	0.4	82.0	1.0	93.0	82.0	0.8817204301075269	2272	0.98988	0.87397	0.35	82	1.0	93	82	0.8817204301075269	763
6H0I_1	A	Secreted protein	Melampsora larici-populina 98AG31 (747676)	2018-07-09T00:00:00.000+00:00	/	1.0	Solution NMR 	0	0.3659	0.3659	2.58	34	0.912	75	75	1.0	77	0.41675	0.41675	2.86	42.0	0.81	75.0	75.0	1.0	2023	0.38228	0.38228	2.16	35	0.857	75	75	1.0	777
6Q40_1	A, B, C, D	LysM domain-containing protein	Zymoseptoria tritici IPO323 (336722)	2018-12-05T00:00:00.000+00:00	LysM	1.0	X-ray	2.412	0.73097	0.73097	2.07	67	0.91	79	79	1.0	72	0.87646	0.87646	1.82	75.0	0.973	79.0	79.0	1.0	2699	0.90714	0.90714	1.12	75	1.0	79	79	1.0	613
6Q76_2	B	AVR-Pia protein	Magnaporthe oryzae (318829)	2018-12-12T00:00:00.000+00:00	MAX 	2.0	X-ray	1.9	0.8273	0.8273	2.11	66	1.0	68	68	1.0	72	0.95467	0.95467	0.67	68.0	1.0	68.0	68.0	1.0	2250	0.97338	0.97338	0.51	68	1.0	68	68	1.0	713
6QPK_1	A, B	Uncharacterized protein	Zymoseptoria tritici ST99CH_1E4 (1276532)	2019-02-14T00:00:00.000+00:00	KP6-like	1.0	X-ray	1.36	0.37616	0.36696	3.61	49	0.408	80	77	0.9625	75	0.99074	0.954	0.31	77.0	1.0	80.0	77.0	0.9625	1963	0.82496	0.79665	1.87	73	0.986	80	77	0.9625	857
6R5J_1	A, B[auth C]	Uncharacterized protein	Magnaporthe oryzae (strain P131) (1143193)	2019-03-25T00:00:00.000+00:00	MAX	1.0	X-ray	1.38	0.94376	0.94376	0.91	67	1.0	68	68	1.0	77	0.95854	0.95854	0.61	68.0	1.0	68.0	68.0	1.0	2044	0.97133	0.97133	0.57	68	1.0	68	68	1.0	649
6SGO_1	A	Secreted protein	Melampsora larici-populina (203908)	2019-08-05T00:00:00.000+00:00	MLP124017-like	1.0	Solution NMR 	0	0.56074	0.5043	3.93	118	0.661	157	136	0.8662420382165605	75	0.76051	0.67156	3.33	132.0	0.818	157.0	136.0	0.8662420382165605	2394	0.37923	0.34241	4.74	86	0.512	157	136	0.8662420382165605	856
6WES_1	A	Tox3	Phaeosphaeria nodorum (strain SN15 / ATCC MYA-4574 / FGSC 10173) (321614)	2020-04-02T00:00:00.000+00:00	SnTox3-like	1.0	X-ray	1.36	0.30736	0.30736	4.57	75	0.093	158	158	1.0	76	0.90796	0.90796	1.92	158.0	1.0	158.0	158.0	1.0	2400	0.90497	0.90497	2.13	158	1.0	158	158	1.0	738
6ZUS_1	A	Extracellular protein 11-1	Passalora fulva (5499)	2020-07-23T00:00:00.000+00:00	LARS	1.0	X-ray	1.62	0.30261	0.30261	4.87	75	0.04	143	143	1.0	70	0.8882	0.8882	2.02	143.0	1.0	143.0	143.0	1.0	2399	0.92585	0.92585	1.79	143	1.0	143	143	1.0	650
7A8X_2	C, F	AVR-Pik protein	Magnaporthe oryzae (strain 70-15 / ATCC MYA-4617 / FGSC 8958) (242507)	2020-08-31T00:00:00.000+00:00	MAX 	2.0	X-ray	 2.30	0.42946	0.38697	3.7	57	0.702	93	80	0.8602150537634409	74	0.98183	0.84715	0.44	80.0	1.0	93.0	80.0	0.8602150537634409	2158	0.98718	0.85099	0.37	80	1.0	93	80	0.8602150537634409	658
7AD5_1	A	Avirulence protein LmJ1	Leptosphaeria maculans (5022)	2020-09-14T00:00:00.000+00:00	LARS	1.0	X-ray	2.14	0.2825	0.28098	4.76	61	0.475	125	124	0.992	76	0.38969	0.38735	3.96	72.0	0.097	125.0	124.0	0.992	2220	0.33117	0.3293	4.72	69	0.029	125	124	0.992	707
7B1I_2	B[auth C]	AVR-Pik protein	Magnaporthe oryzae (318829)	2020-11-24T00:00:00.000+00:00	MAX 	2.0	X-ray	1.9	0.78997	0.69666	1.78	77	0.87	94	81	0.8617021276595744	73	0.98806	0.85311	0.36	81.0	1.0	94.0	81.0	0.8617021276595744	2273	0.98806	0.85309	0.36	81	1.0	94	81	0.8617021276595744	723
7EAU_1	A	SIN1	Colletotrichum orbiculare (strain 104-T / ATCC 96160 / CBS 514.97 / LARS 414 / MAFF 240422) (1213857)	2021-03-08T00:00:00.000+00:00	SIB1-like	1.0	Solution NMR 	0	0.48888	0.48496	2.78	45	0.644	50	49	0.98	72	0.69168	0.68313	1.71	48.0	0.938	50.0	49.0	0.98	2031	0.73546	0.7252	1.98	49	1.0	50	49	0.98	732
7MQQ_1	A	Stem rust effector protein AvrSr50	Puccinia graminis f. sp. tritici (56615)	2021-05-06T00:00:00.000+00:00	AvrSr50-like	1.0	X-ray	1.15	0.28789	0.28623	4.73	58	0.052	114	113	0.9912280701754386	75	0.2858	0.28401	4.64	53.0	0.321	114.0	113.0	0.9912280701754386	2210	0.32902	0.32712	4.48	65	0.462	114	113	0.9912280701754386	705
7NLJ_2	B	APikL2A	Pyricularia oryzae Y34 (1143189)	2021-02-22T00:00:00.000+00:00	MAX	2.0	X-ray	1.8	0.36326	0.35894	4.16	62	0.065	93	91	0.978494623655914	71	0.9068	0.88843	1.11	88.0	0.92	93.0	91.0	0.978494623655914	2240	0.97106	0.95085	0.62	91	0.989	93	91	0.978494623655914	739
7NMM_2	I, J, K, L, M, N, O, P	APikL2F	Pyricularia oryzae B157 (1348879)	2021-02-23T00:00:00.000+00:00	MAX 	2.0	X-ray	2.3	0.31321	0.30623	4.6	58	0.052	95	91	0.9578947368421052	71	0.97686	0.93681	0.54	91.0	1.0	95.0	91.0	0.9578947368421052	2322	0.97301	0.93319	0.61	91	1.0	95	91	0.9578947368421052	687
7PP2_2	B	AVR-Pii protein	Pyricularia oryzae (318829)	2021-09-13T00:00:00.000+00:00	ZiF	2.0	X-ray	2.69	0.69559	0.42559	1.76	25	1.0	51	27	0.5294117647058824	74	0.60108	0.37735	1.53	22.0	0.955	51.0	27.0	0.5294117647058824	2302	0.7403	0.43181	1.48	24	1.0	51	27	0.5294117647058824	645
7T69_1	A	Avr3 (SIX1), Secreted in xylem 1	Fusarium oxysporum f. sp. lycopersici (59765)	2021-12-13T00:00:00.000+00:00	FOLD	1.0	X-ray	1.68	0.32181	0.27176	6.07	122	0.074	267	209	0.7827715355805244	76	0.96109	0.75778	1.16	209.0	0.99	267.0	209.0	0.7827715355805244	2526	0.94261	0.74608	1.39	209	0.99	267	209	0.7827715355805244	718
7T6A_1	A, B	Avr1 (SIX4), Avirulence protein 1	Fusarium oxysporum f. sp. lycopersici (59765)	2021-12-13T00:00:00.000+00:00	FOLD	2.0	X-ray	1.65	0.35814	0.35814	4.88	104	0.452	185	185	1.0	72	0.48853	0.48853	4.42	121.0	0.736	185.0	185.0	1.0	2286	0.43062	0.43062	4.16	108	0.852	185	185	1.0	700
7XC2_2	B, D, F, H, J	Avirulence factor	Puccinia graminis f. sp. tritici (56615)	2022-03-22T00:00:00.000+00:00	AvrSr35-like	2.0	Electron microscopy	3	0.48844	0.48585	6.13	315	0.41	434	431	0.9930875576036866	86	0.89888	0.89306	2.73	426.0	0.958	434.0	431.0	0.9930875576036866	2853	0.40293	0.40085	6.78	275	0.415	434	431	0.9930875576036866	715
7XDS_1	A, B	AvrSr35	Puccinia graminis f. sp. tritici (56615)	2022-03-28T00:00:00.000+00:00	AvrSr35-like	1.0	X-ray	2.06	0.85223	0.18727	1.83	111	0.883	575	121	0.2104347826086956	98	0.90726	0.20306	1.47	120.0	0.942	575.0	121.0	0.2104347826086956	3070	0.74398	0.16833	2.02	101	0.96	575	121	0.21043478260869566	810
7XE0_2	B, G[auth D], H[auth F], I[auth H], J	AvrSr35	Puccinia graminis f. sp. tritici (56615)	2022-03-29T00:00:00.000+00:00	AvrSr35-like	2.0	Electron microscopy	3.33	0.75643	0.54565	4.29	378	0.765	575	394	0.6852173913043478	96	0.88496	0.62206	2.72	389.0	0.936	575.0	394.0	0.6852173913043478	3239	0.36619	0.27605	6.82	239	0.109	575	394	0.6852173913043478	729
7XVG_2	B	AvrSr35	Puccinia graminis f. sp. tritici (56615)	2022-05-23T00:00:00.000+00:00	AvrSr35-like	2.0	Electron microscopy	3.6	0.42749	0.38115	6.1	250	0.46	441	379	0.8594104308390023	85	0.8989	0.77895	2.43	371.0	0.951	441.0	379.0	0.8594104308390023	2927	0.44	0.38766	5.39	228	0.487	441	379	0.8594104308390023	736
7ZJY_1	A	MAX effector protein	Pyricularia oryzae (318829)	2022-04-12T00:00:00.000+00:00	MAX 	1.0	Solution NMR 	0	0.75201	0.75201	1.76	56	1.0	60	60	1.0	71	0.83203	0.83203	1.76	59.0	1.0	60.0	60.0	1.0	1939	0.91205	0.91205	1.25	60	1.0	60	60	1.0	692
7ZK0_1	A	MAX effector protein	Pyricularia oryzae (318829)	2022-04-12T00:00:00.000+00:00	MAX 	1.0	Solution NMR 	0	0.615	0.615	2.22	67	0.97	89	89	1.0	70	0.80961	0.80961	1.77	80.0	1.0	89.0	89.0	1.0	2235	0.80718	0.80718	1.21	77	1.0	89	89	1.0	727
7ZKD_1	A	MAX effector protein	Pyricularia oryzae (318829)	2022-04-12T00:00:00.000+00:00	MAX 	1.0	Solution NMR 	0	0.32385	0.31376	3.43	44	0.614	95	91	0.9578947368421052	70	0.69823	0.67249	2.14	75.0	0.933	95.0	91.0	0.9578947368421052	2085	0.68702	0.66188	2.06	74	0.946	95	91	0.9578947368421052	811
8ACX_1	A, B, C, D, E, F, G, H	Hce2 domain-containing protein	Zymoseptoria tritici (1047171)	2022-07-07T00:00:00.000+00:00	KP4-like	1.0	X-ray	1.9	0.94623	0.74279	1.39	112	0.857	144	112	0.7777777777777778	74	0.94164	0.74017	1.37	112.0	0.875	144.0	112.0	0.7777777777777778	2456	0.92858	0.7309	1.54	112	0.866	144	112	0.7777777777777778	809
8C8A_1	A	But2 domain-containing protein	Pyricularia oryzae 70-15 (242507)	2023-01-19T00:00:00.000+00:00	MAX 	1.0	Solution NMR 	0	0.66643	0.42717	2.83	83	0.819	155	89	0.5741935483870968	74	0.56347	0.35837	2.77	68.0	0.809	155.0	89.0	0.5741935483870968	2418	0.66988	0.4099	1.94	71	0.972	155	89	0.5741935483870968	708
8DP8_1	A, B, C	AvrM14-A	Melampsora lini (5261)	2022-07-15T00:00:00.000+00:00	AvrM14-like	1.0	X-ray	2.3	0.90388	0.85695	1.6	135	0.926	148	140	0.945945945945946	70	0.89576	0.8492	2.02	135.0	0.926	148.0	140.0	0.945945945945946	3456	0.933	0.88455	1.32	138	0.942	148	140	0.9459459459459459	637
8DP9_1	A, B	AvrM14-B	Melampsora lini (5261)	2022-07-15T00:00:00.000+00:00	AvrM14-like	1.0	X-ray	1.76	0.92284	0.83274	1.34	130	0.915	148	133	0.8986486486486487	70	0.91436	0.82526	1.67	130.0	0.915	148.0	133.0	0.8986486486486487	3481	0.93857	0.84647	1.25	131	0.947	148	133	0.8986486486486487	803
8EB9_1	A	Secreted in xylem Six8	Fusarium oxysporum f. sp. lycopersici (59765)	2022-08-30T00:00:00.000+00:00	ToxA-like	1.0	X-ray	1.28	0.27837	0.26844	4.39	48	0.104	95	89	0.936842105263158	70	0.63659	0.60427	2.44	74.0	0.838	95.0	89.0	0.936842105263158	2047	0.40798	0.38851	3.54	55	0.127	95	89	0.9368421052631579	704
8EBB_1	A, B	Secreted in xylem Six6	Fusarium oxysporum f. sp. lycopersici (59765)	2022-08-30T00:00:00.000+00:00	FOLD	2.0	X-ray	1.88	0.37369	0.37218	5.3	109	0.679	170	169	0.9941176470588236	71	0.98379	0.9781	0.64	169.0	1.0	170.0	169.0	0.9941176470588236	2597	0.9927	0.98691	0.42	169	1.0	170	169	0.9941176470588236	760
8OXH_1	A, B	AVRA6	Blumeria hordei (2867405)	2023-05-02T00:00:00.000+00:00	RALPH	1.0	X-ray	2.5	0.34482	0.34482	4.15	56	0.036	93	93	1.0	69	0.88809	0.88809	1.47	93.0	1.0	93.0	93.0	1.0	2450	0.90847	0.90847	1.67	93	1.0	93	93	1.0	721
8OXI_1	A	BgtE-5845_p	Blumeria graminis f. sp. tritici (62690)	2023-05-02T00:00:00.000+00:00	RALPH	1.0	X-ray	1.51	0.90222	0.82735	1.4	91	1.0	104	95	0.9134615384615384	73	0.92723	0.84993	1.32	93.0	0.989	104.0	95.0	0.9134615384615384	2367	0.92089	0.84362	0.94	91	0.989	104	95	0.9134615384615384	699
8OXJ_1	A, B	AVRA22	Blumeria hordei (2867405)	2023-05-02T00:00:00.000+00:00	RALPH	1.0	X-ray	1.64	0.69735	0.66251	2.87	85	0.729	98	92	0.9387755102040816	74	0.60197	0.57146	2.55	71.0	0.718	98.0	92.0	0.9387755102040816	2151	0.34279	0.32848	4.65	58	0.569	98	92	0.9387755102040817	756
8OXK_1	A	CSEP0141 putative effector protein	Blumeria hordei (2867405)	2023-05-02T00:00:00.000+00:00	RALPH	1.0	X-ray	1.37	0.74747	0.71561	2.33	87	0.908	99	94	0.9494949494949496	73	0.40943	0.39504	4.0	64.0	0.656	99.0	94.0	0.9494949494949496	2115	0.32729	0.31442	3.49	45	0.511	99	94	0.9494949494949495	822
8OXL_1	A, B	AVRA7	Blumeria hordei DH14 (546991)	2023-05-02T00:00:00.000+00:00	RALPH	1.0	X-ray	1.56	0.36122	0.36122	4.47	61	0.23	92	92	1.0	77	0.94108	0.94108	1.03	92.0	1.0	92.0	92.0	1.0	2279	0.9167	0.9167	1.86	92	1.0	92	92	1.0	643
8R7A_2	B	Pwl2 protein	Pyricularia oryzae (318829)	2023-11-24T00:00:00.000+00:00	MAX 	2.0	X-ray	1.8	0.52706	0.42889	3.54	84	0.69	145	112	0.7724137931034483	74	0.70944	0.56091	2.11	92.0	0.848	145.0	112.0	0.7724137931034483	2362	0.75491	0.59205	2.18	94	0.936	145	112	0.7724137931034483	673
8V1J_1	A, B	AvrSr27	Puccinia graminis f. sp. tritici (56615)	2023-11-20T00:00:00.000+00:00	/	1.0	X-ray	2.42	0.35709	0.34651	4.53	68	0.441	120	115	0.9583333333333334	71	0.65955	0.63842	3.02	106.0	0.575	120.0	115.0	0.9583333333333334	2449	0.49525	0.47911	3.23	79	0.785	120	115	0.9583333333333334	778
9FEI_1	A	Defoliating protein: protein D	Fusarium oxysporum (5507)	2024-05-20T00:00:00.000+00:00	D Effector 	1.0	X-ray	1.47	0.28069	0.23483	5.43	91	0.055	239	185	0.7740585774058577	72	0.47062	0.37978	4.18	119.0	0.622	239.0	185.0	0.7740585774058577	2427	0.51092	0.41501	4.27	133	0.639	239	185	0.7740585774058577	668
9FYC_2	B	CSEP0372 putative effector protein	Blumeria graminis (34373)	2024-07-03T00:00:00.000+00:00	RALPH	2.0	Electron microscopy	3.8	0.58874	0.50147	3.27	86	0.547	122	98	0.8032786885245902	71	0.94576	0.76856	0.89	98.0	1.0	122.0	98.0	0.8032786885245902	2407	0.91883	0.74694	1.11	96	1.0	122	98	0.8032786885245902	712
