foec_2_cluster_269_JAIUCW010000012.1-rna:151	foec_2_cluster_269_JAIUCW010000012.1-rna:151
foec_2_cluster_269_JAIUCW010000012.1-rna:151	foec_2_cluster_269_CM010341.1-rna:67
foec_2_cluster_26_Fola3_chr5-gene:1988.t1	foec_2_cluster_26_Fola3_chr5-gene:1988.t1
foec_2_cluster_26_JBCFYK010000009.1-rna:1045	foec_2_cluster_26_JBCFYK010000009.1-rna:1045
foec_2_cluster_270_QESU01000164.1-rna:382	foec_2_cluster_270_QESU01000164.1-rna:382
foec_2_cluster_270_QESU01000164.1-rna:382	foec_2_cluster_270_JAIUCW010000048.1-rna:1249
foec_2_cluster_271_WJXY01000229.1-rna:667	foec_2_cluster_271_WJXY01000229.1-rna:667
foec_2_cluster_271_WJXY01000229.1-rna:667	foec_2_cluster_271_JAJGYP010000019.1-rna:1527
foec_2_cluster_272_WJXY01000229.1-rna:680	foec_2_cluster_272_WJXY01000229.1-rna:680
foec_2_cluster_272_WJXY01000229.1-rna:680	foec_2_cluster_272_JAJGYP010000019.1-rna:1540
foec_2_cluster_273_WJXY01000229.1-rna:673	foec_2_cluster_273_WJXY01000229.1-rna:673
foec_2_cluster_273_WJXY01000229.1-rna:673	foec_2_cluster_273_JAJGYP010000019.1-rna:1533
foec_2_cluster_274_WJXY01000287.1-rna:1086	foec_2_cluster_274_WJXY01000287.1-rna:1086
foec_2_cluster_274_WJXY01000287.1-rna:1086	foec_2_cluster_274_JAJGYP010000018.1-rna:1358
foec_2_cluster_275_JAKELM010000006.1-rna:525	foec_2_cluster_275_JAKELM010000006.1-rna:525
foec_2_cluster_275_JAKELM010000006.1-rna:525	foec_2_cluster_275_CM083095.1-rna:939
foec_2_cluster_276_JAKELM010000006.1-rna:577	foec_2_cluster_276_JAKELM010000006.1-rna:577
foec_2_cluster_276_JAKELM010000006.1-rna:577	foec_2_cluster_276_CM083095.1-rna:991
foec_2_cluster_277_JAKELM010000006.1-rna:568	foec_2_cluster_277_JAKELM010000006.1-rna:568
foec_2_cluster_277_JAKELM010000006.1-rna:568	foec_2_cluster_277_CM083095.1-rna:982
foec_2_cluster_278_JAKELM010000006.1-rna:580	foec_2_cluster_278_JAKELM010000006.1-rna:580
foec_2_cluster_278_JAKELM010000006.1-rna:580	foec_2_cluster_278_CM083095.1-rna:994
foec_2_cluster_279_JAKELM010000048.1-rna:3972	foec_2_cluster_279_JAKELM010000048.1-rna:3972
foec_2_cluster_279_JAKELM010000048.1-rna:3972	foec_2_cluster_279_JACSDM010000048.1-rna:3651
foec_2_cluster_27_JBCFYL010000013.1-rna:1860	foec_2_cluster_27_JBCFYL010000013.1-rna:1860
foec_2_cluster_27_JBCFYL010000013.1-rna:1860	foec_2_cluster_27_JAMSDW010000212.1-rna:942
foec_2_cluster_280_JAKELM010000017.1-rna:1849	foec_2_cluster_280_JAKELM010000017.1-rna:1849
foec_2_cluster_280_JAKELM010000017.1-rna:1849	foec_2_cluster_280_JACSDM010000047.1-rna:3551
foec_2_cluster_281_JAKELM010000017.1-rna:1875	foec_2_cluster_281_JAKELM010000017.1-rna:1875
foec_2_cluster_281_JAKELM010000017.1-rna:1875	foec_2_cluster_281_JACSDM010000030.1-rna:3249
foec_2_cluster_282_JAKELM010000003.1-rna:329	foec_2_cluster_282_JAKELM010000003.1-rna:329
foec_2_cluster_282_JAKELM010000003.1-rna:329	foec_2_cluster_282_CM083093.1-rna:750
foec_2_cluster_283_JAKELM010000036.1-rna:3321	foec_2_cluster_283_JAKELM010000036.1-rna:3321
foec_2_cluster_283_JAKELM010000036.1-rna:3321	foec_2_cluster_283_JACSDM010000017.1-rna:1434
foec_2_cluster_284_JAKELM010000036.1-rna:3319	foec_2_cluster_284_JAKELM010000036.1-rna:3319
foec_2_cluster_284_JAKELM010000036.1-rna:3319	foec_2_cluster_284_JACSDM010000017.1-rna:1432
foec_2_cluster_287_JAKELM010000053.1-rna:4231	foec_2_cluster_287_JAKELM010000053.1-rna:4231
foec_2_cluster_287_JAKELM010000053.1-rna:4231	foec_2_cluster_287_JACSDM010000029.1-rna:3035
foec_2_cluster_288_JAKELM010000023.1-rna:2260	foec_2_cluster_288_JAKELM010000023.1-rna:2260
foec_2_cluster_288_JAKELM010000023.1-rna:2260	foec_2_cluster_288_JACSDM010000017.1-rna:2205
foec_2_cluster_289_JAKELM010000023.1-rna:2275	foec_2_cluster_289_JAKELM010000023.1-rna:2275
foec_2_cluster_289_JAKELM010000023.1-rna:2275	foec_2_cluster_289_JACSDM010000017.1-rna:2220
foec_2_cluster_290_JAKELM010000023.1-rna:2308	foec_2_cluster_290_JAKELM010000023.1-rna:2308
foec_2_cluster_290_JAKELM010000023.1-rna:2308	foec_2_cluster_290_JACSDM010000017.1-rna:2176
foec_2_cluster_291_JAKELM010000023.1-rna:2328	foec_2_cluster_291_JAKELM010000023.1-rna:2328
foec_2_cluster_291_JAKELM010000023.1-rna:2328	foec_2_cluster_291_JACSDM010000017.1-rna:2151
foec_2_cluster_292_JAKELM010000023.1-rna:2321	foec_2_cluster_292_JAKELM010000023.1-rna:2321
foec_2_cluster_292_JAKELM010000023.1-rna:2321	foec_2_cluster_292_JACSDM010000017.1-rna:2144
foec_2_cluster_293_JAKELM010000016.1-rna:1611	foec_2_cluster_293_JAKELM010000016.1-rna:1611
foec_2_cluster_293_JAKELM010000016.1-rna:1611	foec_2_cluster_293_JACSDM010000017.1-rna:2245
foec_2_cluster_294_JAKELM010000016.1-rna:1643	foec_2_cluster_294_JAKELM010000016.1-rna:1643
foec_2_cluster_294_JAKELM010000016.1-rna:1643	foec_2_cluster_294_JACSDM010000017.1-rna:2277
foec_2_cluster_295_JAKELM010000016.1-rna:1682	foec_2_cluster_295_JAKELM010000016.1-rna:1682
foec_2_cluster_295_JAKELM010000016.1-rna:1682	foec_2_cluster_295_JACSDM010000017.1-rna:2422
foec_2_cluster_296_JAKELM010000016.1-rna:1730	foec_2_cluster_296_JAKELM010000016.1-rna:1730
foec_2_cluster_296_JAKELM010000016.1-rna:1730	foec_2_cluster_296_JACSDM010000017.1-rna:2372
foec_2_cluster_297_JAKELM010000037.1-rna:3616	foec_2_cluster_297_JAKELM010000037.1-rna:3616
foec_2_cluster_297_JAKELM010000037.1-rna:3616	foec_2_cluster_297_JACSDM010000017.1-rna:1654
foec_2_cluster_298_JAKELM010000013.1-rna:1208	foec_2_cluster_298_JAKELM010000013.1-rna:1208
foec_2_cluster_298_JAKELM010000013.1-rna:1208	foec_2_cluster_298_CM083090.1-rna:246
foec_2_cluster_299_JAKELM010000043.1-rna:3865	foec_2_cluster_299_JAKELM010000043.1-rna:3865
foec_2_cluster_299_JAKELM010000043.1-rna:3865	foec_2_cluster_299_JACSDM010000035.1-rna:3362
foec_2_cluster_29_MABT01000604.1-rna:758	foec_2_cluster_29_MABT01000604.1-rna:758
foec_2_cluster_29_MABT01000604.1-rna:758	foec_2_cluster_29_JAMSDW010000186.1-rna:735
foec_2_cluster_2_Fola4_chr7-gene:2958.t1	foec_2_cluster_2_Fola4_chr7-gene:2958.t1
foec_2_cluster_2_Fola4_chr7-gene:2958.t1	foec_2_cluster_15_Fola1_chr8-gene:2498.t1
foec_2_cluster_2_Fola4_chr7-gene:2958.t1	foec_2_cluster_324_RSAI01000003.1-rna:1393
foec_2_cluster_2_Fola4_chr7-gene:2958.t1	foec_2_cluster_324_JABTBS010000012.1-rna:1131
foec_2_cluster_2_JBCFYI010000019.1-rna:2467	foec_2_cluster_2_JBCFYI010000019.1-rna:2467
foec_2_cluster_300_JAKELM010000015.1-rna:1263	foec_2_cluster_300_JAKELM010000015.1-rna:1263
foec_2_cluster_300_JAKELM010000015.1-rna:1263	foec_2_cluster_300_JACSDM010000050.1-rna:3756
foec_2_cluster_301_JAKELM010000015.1-rna:1303	foec_2_cluster_301_JAKELM010000015.1-rna:1303
foec_2_cluster_301_JAKELM010000015.1-rna:1303	foec_2_cluster_301_JACSDM010000050.1-rna:3796
foec_2_cluster_303_JAKELM010000015.1-rna:1461	foec_2_cluster_303_JAKELM010000015.1-rna:1461
foec_2_cluster_303_JAKELM010000015.1-rna:1461	foec_2_cluster_303_JACSDM010000017.1-rna:1906
foec_2_cluster_304_JACSDM010000017.1-rna:1908	foec_2_cluster_304_JACSDM010000017.1-rna:1908
foec_2_cluster_304_JAKELM010000015.1-rna:1463	foec_2_cluster_304_JAKELM010000015.1-rna:1463
foec_2_cluster_305_JAKELM010000015.1-rna:1481	foec_2_cluster_305_JAKELM010000015.1-rna:1481
foec_2_cluster_305_JAKELM010000015.1-rna:1481	foec_2_cluster_305_JACSDM010000017.1-rna:1926
foec_2_cluster_306_JAKELM010000015.1-rna:1515	foec_2_cluster_306_JAKELM010000015.1-rna:1515
foec_2_cluster_306_JAKELM010000015.1-rna:1515	foec_2_cluster_306_JACSDM010000017.1-rna:1960
foec_2_cluster_307_JAKELM010000015.1-rna:1522	foec_2_cluster_307_JAKELM010000015.1-rna:1522
foec_2_cluster_307_JAKELM010000015.1-rna:1522	foec_2_cluster_307_JACSDM010000017.1-rna:1967
foec_2_cluster_308_JACSDM010000017.1-rna:2041	foec_2_cluster_308_JACSDM010000017.1-rna:2041
foec_2_cluster_308_JAKELM010000015.1-rna:1596	foec_2_cluster_308_JAKELM010000015.1-rna:1596
foec_2_cluster_309_JAKELM010000015.1-rna:1598	foec_2_cluster_309_JAKELM010000015.1-rna:1598
foec_2_cluster_309_JAKELM010000015.1-rna:1598	foec_2_cluster_309_JACSDM010000017.1-rna:2043
foec_2_cluster_30_JADWMX010000012.1-rna:1402	foec_2_cluster_30_JADWMX010000012.1-rna:1402
foec_2_cluster_30_JADWMX010000012.1-rna:1402	foec_2_cluster_30_CM106969.1-rna:224
foec_2_cluster_311_JAKELM010000012.1-rna:976	foec_2_cluster_311_JAKELM010000012.1-rna:976
foec_2_cluster_311_JAKELM010000012.1-rna:976	foec_2_cluster_311_CM083092.1-rna:613
foec_2_cluster_312_JAKELM010000012.1-rna:1047	foec_2_cluster_312_JAKELM010000012.1-rna:1047
foec_2_cluster_312_JAKELM010000012.1-rna:1047	foec_2_cluster_312_CM083092.1-rna:573
foec_2_cluster_315_JAKELM010000019.1-rna:1947	foec_2_cluster_315_JAKELM010000019.1-rna:1947
foec_2_cluster_315_JAKELM010000019.1-rna:1947	foec_2_cluster_315_JACSDM010000035.1-rna:3382
foec_2_cluster_316_JAKELM010000004.1-rna:414	foec_2_cluster_316_JAKELM010000004.1-rna:414
foec_2_cluster_316_JAKELM010000004.1-rna:414	foec_2_cluster_316_CM083094.1-rna:846
foec_2_cluster_317_JAKELM010000011.1-rna:889	foec_2_cluster_317_JAKELM010000011.1-rna:889
foec_2_cluster_317_JAKELM010000011.1-rna:889	foec_2_cluster_317_CM083095.1-rna:1036
foec_2_cluster_318_JAKELM010000011.1-rna:918	foec_2_cluster_318_JAKELM010000011.1-rna:918
foec_2_cluster_318_JAKELM010000011.1-rna:918	foec_2_cluster_318_CM083095.1-rna:1028
foec_2_cluster_319_RSAI01000020.1-rna:2870	foec_2_cluster_319_RSAI01000020.1-rna:2870
foec_2_cluster_319_RSAI01000020.1-rna:2870	foec_2_cluster_319_MU089290.1-rna:3141
foec_2_cluster_31_JABTBS010000015.1-rna:1692	foec_2_cluster_31_JABTBS010000015.1-rna:1692
foec_2_cluster_31_JBCFYM010000028.1-rna:3045	foec_2_cluster_31_JBCFYM010000028.1-rna:3045
foec_2_cluster_320_RSAI01000001.1-rna:181	foec_2_cluster_320_RSAI01000001.1-rna:181
foec_2_cluster_320_RSAI01000001.1-rna:181	foec_2_cluster_320_JABTBS010000014.1-rna:1446
foec_2_cluster_321_RSAI01000009.1-rna:2469	foec_2_cluster_321_RSAI01000009.1-rna:2469
foec_2_cluster_321_RSAI01000009.1-rna:2469	foec_2_cluster_321_MU089288.1-rna:2693
foec_2_cluster_322_RSAI01000009.1-rna:2485	foec_2_cluster_322_RSAI01000009.1-rna:2485
foec_2_cluster_322_RSAI01000009.1-rna:2485	foec_2_cluster_322_MU089288.1-rna:2709
foec_2_cluster_323_RSAI01000003.1-rna:1321	foec_2_cluster_323_RSAI01000003.1-rna:1321
foec_2_cluster_323_RSAI01000003.1-rna:1321	foec_2_cluster_323_JABTBS010000012.1-rna:994
foec_2_cluster_326_NJCE01000384.1-rna:693	foec_2_cluster_326_NJCE01000384.1-rna:693
foec_2_cluster_326_NJCE01000384.1-rna:693	foec_2_cluster_326_NJCD01000296.1-rna:483
foec_2_cluster_327_NJCE01000489.1-rna:978	foec_2_cluster_327_NJCE01000489.1-rna:978
foec_2_cluster_327_NJCE01000489.1-rna:978	foec_2_cluster_327_NJCD01000455.1-rna:964
foec_2_cluster_328_MALY02000016.1-rna:1483	foec_2_cluster_328_MALY02000016.1-rna:1483
foec_2_cluster_328_MALY02000016.1-rna:1483	foec_2_cluster_328_JH659537.1-rna:1111
foec_2_cluster_32_JAKELM010000033.1-rna:3012	foec_2_cluster_32_JAKELM010000033.1-rna:3012
foec_2_cluster_32_JBBJCF010000004.1-rna:574	foec_2_cluster_32_JBBJCF010000004.1-rna:574
foec_2_cluster_331_JAAOOO010000019.1-rna:1727	foec_2_cluster_331_JAAOOO010000019.1-rna:1727
foec_2_cluster_331_JAAOOO010000019.1-rna:1727	foec_2_cluster_331_JAAOOO010000009.1-rna:643
foec_2_cluster_332_JAAOOO010000025.1-rna:2643	foec_2_cluster_332_JAAOOO010000025.1-rna:2643
foec_2_cluster_332_JAAOOO010000025.1-rna:2643	foec_2_cluster_332_JAAOOO010000009.1-rna:855
foec_2_cluster_334_JAAOOO010000025.1-rna:2875	foec_2_cluster_334_JAAOOO010000025.1-rna:2875
foec_2_cluster_334_JAIUCW010000027.1-rna:461	foec_2_cluster_334_JAIUCW010000027.1-rna:461
foec_2_cluster_335_NODE_589_length_46644_cov_48.290264-rna:543	foec_2_cluster_335_NODE_589_length_46644_cov_48.290264-rna:543
foec_2_cluster_335_NODE_589_length_46644_cov_48.290264-rna:543	foec_2_cluster_335_JBBJCF010000008.1-rna:1138
foec_2_cluster_336_NODE_89_length_38270_cov_57.868984-rna:641	foec_2_cluster_336_NODE_89_length_38270_cov_57.868984-rna:641
foec_2_cluster_336_contig_32-rna:223	foec_2_cluster_336_contig_32-rna:223
foec_2_cluster_337_NODE_6_length_647054_cov_60.417152-gene:338.t1	foec_2_cluster_337_NODE_6_length_647054_cov_60.417152-gene:338.t1
foec_2_cluster_337_NODE_6_length_647054_cov_60.417152-gene:338.t1	foec_2_cluster_337_NODE_17_length_763132_cov_63.011925-gene:43.t1
foec_2_cluster_338_NODE_6_length_647054_cov_60.417152-rna:359	foec_2_cluster_338_NODE_6_length_647054_cov_60.417152-rna:359
foec_2_cluster_338_NODE_6_length_647054_cov_60.417152-rna:359	foec_2_cluster_338_NODE_17_length_763132_cov_63.011925-rna:64
foec_2_cluster_33_JBCFYN010000013.1-rna:1114	foec_2_cluster_33_JBCFYN010000013.1-rna:1114
foec_2_cluster_33_JBCFYN010000013.1-rna:1114	foec_2_cluster_33_Fola4_chr15-rna:1123
foec_2_cluster_340_JABCQX010000033.1-rna:11	foec_2_cluster_340_JABCQX010000033.1-rna:11
foec_2_cluster_340_JABCQX010000033.1-rna:11	foec_2_cluster_340_JAALGP020000018.1-rna:2514
foec_2_cluster_341_JAALGP020000018.1-rna:2536	foec_2_cluster_341_JAALGP020000018.1-rna:2536
foec_2_cluster_341_JABCQX010000033.1-rna:33	foec_2_cluster_341_JABCQX010000033.1-rna:33
foec_2_cluster_342_JABCQX010001113.1-rna:1027	foec_2_cluster_342_JABCQX010001113.1-rna:1027
foec_2_cluster_342_JABCQX010001113.1-rna:1027	foec_2_cluster_342_JAALGP020000018.1-rna:2546
foec_2_cluster_343_JABCQX010000204.1-rna:218	foec_2_cluster_343_JABCQX010000204.1-rna:218
foec_2_cluster_343_JABCQX010000204.1-rna:218	foec_2_cluster_343_JAALGP020000011.1-rna:601
foec_2_cluster_345_JABCQX010000760.1-rna:686	foec_2_cluster_345_JABCQX010000760.1-rna:686
foec_2_cluster_345_JABCQX010000760.1-rna:686	foec_2_cluster_345_JAALGP020000011.1-rna:696
foec_2_cluster_346_JAALGP020000015.1-rna:2291	foec_2_cluster_346_JAALGP020000015.1-rna:2291
foec_2_cluster_346_JAALGP020000015.1-rna:2291	foec_2_cluster_346_JAALGP020000011.1-rna:862
foec_2_cluster_347_JAALGP020000011.1-rna:1094	foec_2_cluster_347_JAALGP020000011.1-rna:1094
foec_2_cluster_347_JAALGP020000015.1-rna:2023	foec_2_cluster_347_JAALGP020000015.1-rna:2023
foec_2_cluster_348_JABCQX010000886.1-rna:844	foec_2_cluster_348_JABCQX010000886.1-rna:844
foec_2_cluster_348_JABCQX010000886.1-rna:844	foec_2_cluster_348_JAALGP020000011.1-rna:1189
foec_2_cluster_34_JABCQX010001214.1-rna:1209	foec_2_cluster_34_JABCQX010001214.1-rna:1209
foec_2_cluster_34_JAMSDW010000260.1-rna:1257	foec_2_cluster_34_JAMSDW010000260.1-rna:1257
foec_2_cluster_350_JABCQX010000827.1-rna:833	foec_2_cluster_350_JABCQX010000827.1-rna:833
foec_2_cluster_350_JABCQX010000827.1-rna:833	foec_2_cluster_350_CM056004.1-rna:106
foec_2_cluster_351_JABCQX010001174.1-rna:1184	foec_2_cluster_351_JABCQX010001174.1-rna:1184
foec_2_cluster_351_JABCQX010001174.1-rna:1184	foec_2_cluster_351_JAALGP020000015.1-rna:2276
foec_2_cluster_352_JBMERW010000055.1-rna:592	foec_2_cluster_352_JBMERW010000055.1-rna:592
foec_2_cluster_352_JBMERW010000055.1-rna:592	foec_2_cluster_352_JBMERV010000046.1-rna:527
foec_2_cluster_353_JBMERW010000007.1-rna:83	foec_2_cluster_353_JBMERW010000007.1-rna:83
foec_2_cluster_353_JBMERW010000007.1-rna:83	foec_2_cluster_353_JBMERV010000007.1-rna:83
foec_2_cluster_354_JBMERW010000011.1-rna:531	foec_2_cluster_354_JBMERW010000011.1-rna:531
foec_2_cluster_354_JBMERW010000011.1-rna:531	foec_2_cluster_354_JBMERV010000355.1-rna:735
foec_2_cluster_355_JBMERW010000014.1-rna:543	foec_2_cluster_355_JBMERW010000014.1-rna:543
foec_2_cluster_355_JBMERW010000014.1-rna:543	foec_2_cluster_355_JBMERV010000027.1-rna:495
foec_2_cluster_356_JBMERW010000011.1-rna:499	foec_2_cluster_356_JBMERW010000011.1-rna:499
foec_2_cluster_356_JBMERW010000011.1-rna:499	foec_2_cluster_356_JBMERV010000010.1-rna:349
foec_2_cluster_357_JBMERW010000011.1-rna:325	foec_2_cluster_357_JBMERW010000011.1-rna:325
foec_2_cluster_357_JBMERW010000011.1-rna:325	foec_2_cluster_357_JBMERV010000010.1-rna:356
foec_2_cluster_358_MALF01000160.1-rna:248	foec_2_cluster_358_MALF01000160.1-rna:248
foec_2_cluster_358_MALF01000160.1-rna:248	foec_2_cluster_358_JADWMX010000027.1-rna:3452
foec_2_cluster_359_MALF01000568.1-rna:683	foec_2_cluster_359_MALF01000568.1-rna:683
foec_2_cluster_359_MALF01000568.1-rna:683	foec_2_cluster_359_JAMSFT010000001.1-rna:27
foec_2_cluster_35_JBBJCF010000004.1-rna:623	foec_2_cluster_35_JBBJCF010000004.1-rna:623
foec_2_cluster_35_JBCFYK010000024.1-rna:2627	foec_2_cluster_35_JBCFYK010000024.1-rna:2627
foec_2_cluster_360_MALF01000808.1-rna:931	foec_2_cluster_360_MALF01000808.1-rna:931
foec_2_cluster_360_MALF01000808.1-rna:931	foec_2_cluster_360_JADWMX010000007.1-rna:614
foec_2_cluster_361_MALF01000742.1-rna:852	foec_2_cluster_361_MALF01000742.1-rna:852
foec_2_cluster_361_MALF01000742.1-rna:852	foec_2_cluster_361_JADWMX010000002.1-rna:264
foec_2_cluster_362_CM111217.1-rna:905	foec_2_cluster_362_CM111217.1-rna:905
foec_2_cluster_362_CM111217.1-rna:905	foec_2_cluster_362_CM111177.1-rna:1175
foec_2_cluster_363_CM111217.1-rna:957	foec_2_cluster_363_CM111217.1-rna:957
foec_2_cluster_363_CM111217.1-rna:957	foec_2_cluster_363_CM111177.1-rna:1227
foec_2_cluster_364_CM111217.1-rna:949	foec_2_cluster_364_CM111217.1-rna:949
foec_2_cluster_364_CM111217.1-rna:949	foec_2_cluster_364_CM111177.1-rna:1219
foec_2_cluster_366_CM111217.1-rna:1178	foec_2_cluster_366_CM111217.1-rna:1178
foec_2_cluster_366_CM111217.1-rna:1178	foec_2_cluster_366_CM111177.1-rna:1389
foec_2_cluster_367_CM111217.1-rna:1379	foec_2_cluster_367_CM111217.1-rna:1379
foec_2_cluster_367_CM111217.1-rna:1379	foec_2_cluster_367_CM111177.1-rna:1649
foec_2_cluster_369_CM111217.1-rna:1458	foec_2_cluster_369_CM111217.1-rna:1458
foec_2_cluster_369_CM111217.1-rna:1458	foec_2_cluster_369_CM111177.1-rna:1728
foec_2_cluster_36_Fola3_chr3-rna:1593	foec_2_cluster_36_Fola3_chr3-rna:1593
foec_2_cluster_36_Fola3_chr3-rna:1593	foec_2_cluster_36_CM040486.1-rna:17
foec_2_cluster_371_CM111177.1-rna:1966	foec_2_cluster_371_CM111177.1-rna:1966
foec_2_cluster_371_CM111217.1-rna:1686	foec_2_cluster_371_CM111217.1-rna:1686
foec_2_cluster_372_CM111217.1-rna:1734	foec_2_cluster_372_CM111217.1-rna:1734
foec_2_cluster_372_CM111217.1-rna:1734	foec_2_cluster_372_CM111177.1-rna:2014
foec_2_cluster_216_JAKELM010000017.1-rna:1850	foec_2_cluster_216_JAKELM010000017.1-rna:1850
foec_2_cluster_216_JAKELM010000017.1-rna:1850	foec_2_cluster_216_JACSDM010000047.1-rna:3552
foec_2_cluster_217_JAKELM010000015.1-rna:1545	foec_2_cluster_217_JAKELM010000015.1-rna:1545
foec_2_cluster_217_JAKELM010000015.1-rna:1545	foec_2_cluster_217_JACSDM010000017.1-rna:1990
foec_2_cluster_219_JH659467.1-rna:518	foec_2_cluster_219_JH659467.1-rna:518
foec_2_cluster_219_RSAI01000010.1-rna:2600	foec_2_cluster_219_RSAI01000010.1-rna:2600
foec_2_cluster_21_JBCFYJ010000005.1-rna:1996	foec_2_cluster_21_JBCFYJ010000005.1-rna:1996
foec_2_cluster_21_JBCFYJ010000005.1-rna:1996	foec_2_cluster_21_JAAOON010000007.1-rna:650
foec_2_cluster_220_CM111215.1-rna:546	foec_2_cluster_220_CM111215.1-rna:546
foec_2_cluster_220_MU089288.1-rna:2711	foec_2_cluster_220_MU089288.1-rna:2711
foec_2_cluster_221_JABTBS010000012.1-rna:272	foec_2_cluster_221_JABTBS010000012.1-rna:272
foec_2_cluster_221_JAHHCX010000047.1-rna:1455	foec_2_cluster_221_JAHHCX010000047.1-rna:1455
foec_2_cluster_222_RSAI01000015.1-rna:2693	foec_2_cluster_222_RSAI01000015.1-rna:2693
foec_2_cluster_222_RSAI01000015.1-rna:2693	foec_2_cluster_222_NODE_11_length_1359241_cov_48.790333-rna:57
foec_2_cluster_223_JAHHCX010000062.1-rna:3030	foec_2_cluster_223_JAHHCX010000062.1-rna:3030
foec_2_cluster_223_JAHHCX010000062.1-rna:3030	foec_2_cluster_223_JABTBS010000022.1-rna:2309
foec_2_cluster_224_NJCE01000542.1-rna:1014	foec_2_cluster_224_NJCE01000542.1-rna:1014
foec_2_cluster_224_NJCE01000542.1-rna:1014	foec_2_cluster_224_NJCD01000370.1-rna:836
foec_2_cluster_225_NJCE01000463.1-rna:854	foec_2_cluster_225_NJCE01000463.1-rna:854
foec_2_cluster_225_NJCE01000463.1-rna:854	foec_2_cluster_225_NJCD01000299.1-rna:556
foec_2_cluster_226_NJCE01000085.1-rna:150	foec_2_cluster_226_NJCE01000085.1-rna:150
foec_2_cluster_226_NJCE01000085.1-rna:150	foec_2_cluster_226_NJCD01000043.1-rna:18
foec_2_cluster_227_JADWMX010000007.1-rna:793	foec_2_cluster_227_JADWMX010000007.1-rna:793
foec_2_cluster_227_NJCD01000080.1-rna:56	foec_2_cluster_227_NJCD01000080.1-rna:56
foec_2_cluster_22_JAAOON010000014.1-rna:1764	foec_2_cluster_22_JAAOON010000014.1-rna:1764
foec_2_cluster_22_JAAOOO010000009.1-rna:596	foec_2_cluster_22_JAAOOO010000009.1-rna:596
foec_2_cluster_230_JAHHCX010000046.1-rna:1134	foec_2_cluster_230_JAHHCX010000046.1-rna:1134
foec_2_cluster_230_JAHHCX010000046.1-rna:1134	foec_2_cluster_230_JAAOOO010000019.1-rna:2247
foec_2_cluster_231_JAHHCX010000061.1-rna:2250	foec_2_cluster_231_JAHHCX010000061.1-rna:2250
foec_2_cluster_231_JAHHCX010000061.1-rna:2250	foec_2_cluster_231_CM024001.1-rna:316
foec_2_cluster_232_JABCQX010002176.1-rna:1481	foec_2_cluster_232_JABCQX010002176.1-rna:1481
foec_2_cluster_232_JABCQX010002176.1-rna:1481	foec_2_cluster_232_JAALGP020000018.1-rna:2873
foec_2_cluster_233_JAALGP020000019.1-rna:2982	foec_2_cluster_233_JAALGP020000019.1-rna:2982
foec_2_cluster_233_JAALGP020000019.1-rna:2982	foec_2_cluster_233_CM056004.1-rna:139
foec_2_cluster_234_JAAOOQ010000005.1-rna:347	foec_2_cluster_234_JAAOOQ010000005.1-rna:347
foec_2_cluster_234_JAAOOQ010000005.1-rna:347	foec_2_cluster_234_JAALGP020000015.1-rna:2146
foec_2_cluster_235_JBMERW010000084.1-rna:685	foec_2_cluster_235_JBMERW010000084.1-rna:685
foec_2_cluster_235_JBMERW010000084.1-rna:685	foec_2_cluster_235_CM111169.1-rna:368
foec_2_cluster_236_MALY02000009.1-rna:546	foec_2_cluster_236_MALY02000009.1-rna:546
foec_2_cluster_236_MALY02000009.1-rna:546	foec_2_cluster_236_JADWMX010000001.1-rna:154
foec_2_cluster_237_MALF01000677.1-rna:812	foec_2_cluster_237_MALF01000677.1-rna:812
foec_2_cluster_237_MALF01000677.1-rna:812	foec_2_cluster_237_JADWMX010000001.1-rna:129
foec_2_cluster_238_MALF01000352.1-rna:481	foec_2_cluster_238_MALF01000352.1-rna:481
foec_2_cluster_238_MALF01000352.1-rna:481	foec_2_cluster_238_MABJ01000297.1-rna:343
foec_2_cluster_239_CM083097.1-rna:1161	foec_2_cluster_239_CM083097.1-rna:1161
foec_2_cluster_239_CM111169.1-rna:339	foec_2_cluster_239_CM111169.1-rna:339
foec_2_cluster_240_JAMSFW010000425.1-rna:711	foec_2_cluster_240_JAMSFW010000425.1-rna:711
foec_2_cluster_240_JAMSFW010000425.1-rna:711	foec_2_cluster_240_JAMSEZ010000424.1-rna:675
foec_2_cluster_241_NJBY01000047.1-rna:162	foec_2_cluster_241_NJBY01000047.1-rna:162
foec_2_cluster_241_NJBY01000047.1-rna:162	foec_2_cluster_241_NODE_10_length_655675_cov_61.440609-gene:91.t1
foec_2_cluster_242_JAMSFW010000300.1-rna:469	foec_2_cluster_242_JAMSFW010000300.1-rna:469
foec_2_cluster_242_contig_2-rna:348	foec_2_cluster_242_contig_2-rna:348
foec_2_cluster_243_JAMSFW010000608.1-rna:901	foec_2_cluster_243_JAMSFW010000608.1-rna:901
foec_2_cluster_243_JAMSFW010000608.1-rna:901	foec_2_cluster_243_JAMSEZ010000615.1-rna:868
foec_2_cluster_244_MABT01000031.1-rna:42	foec_2_cluster_244_MABT01000031.1-rna:42
foec_2_cluster_244_MABT01000031.1-rna:42	foec_2_cluster_244_MABJ01000028.1-rna:21
foec_2_cluster_245_JAHHCX010000061.1-rna:2594	foec_2_cluster_245_JAHHCX010000061.1-rna:2594
foec_2_cluster_245_JBBJCF010000017.1-rna:2398	foec_2_cluster_245_JBBJCF010000017.1-rna:2398
foec_2_cluster_247_CM008298.1-rna:1423	foec_2_cluster_247_CM008298.1-rna:1423
foec_2_cluster_247_NODE_784_length_28958_cov_58.509392-gene:734.t1	foec_2_cluster_247_NODE_784_length_28958_cov_58.509392-gene:734.t1
foec_2_cluster_249_JAAOOQ010000011.1-rna:1945	foec_2_cluster_249_JAAOOQ010000011.1-rna:1945
foec_2_cluster_249_JAAOOQ010000011.1-rna:1945	foec_2_cluster_249_JAAOON010000011.1-rna:885
foec_2_cluster_251_JAAOOQ010000015.1-rna:2657	foec_2_cluster_251_JAAOOQ010000015.1-rna:2657
foec_2_cluster_251_JAAOOQ010000015.1-rna:2657	foec_2_cluster_251_JAAOOM010000013.1-rna:1467
foec_2_cluster_252_JAAOON010000026.1-rna:2591	foec_2_cluster_252_JAAOON010000026.1-rna:2591
foec_2_cluster_252_JAAOON010000026.1-rna:2591	foec_2_cluster_252_JAAOOM010000013.1-rna:1452
foec_2_cluster_253_JAAOON010000026.1-rna:2619	foec_2_cluster_253_JAAOON010000026.1-rna:2619
foec_2_cluster_253_JAAOON010000026.1-rna:2619	foec_2_cluster_253_JAAOOM010000013.1-rna:1480
foec_2_cluster_254_JAAOON010000014.1-rna:1746	foec_2_cluster_254_JAAOON010000014.1-rna:1746
foec_2_cluster_254_JAAOON010000014.1-rna:1746	foec_2_cluster_254_JAAOOM010000028.1-rna:2666
foec_2_cluster_255_MABT01000542.1-rna:679	foec_2_cluster_255_MABT01000542.1-rna:679
foec_2_cluster_255_NODE_65_length_48163_cov_53.902435-rna:400	foec_2_cluster_255_NODE_65_length_48163_cov_53.902435-rna:400
foec_2_cluster_256_JADWMX010000015.1-rna:1911	foec_2_cluster_256_JADWMX010000015.1-rna:1911
foec_2_cluster_256_JAHHCX010000031.1-rna:718	foec_2_cluster_256_JAHHCX010000031.1-rna:718
foec_2_cluster_257_MALY02000023.1-rna:2779	foec_2_cluster_257_MALY02000023.1-rna:2779
foec_2_cluster_257_MALY02000023.1-rna:2779	foec_2_cluster_257_MALY02000016.1-rna:1318
foec_2_cluster_258_JAMSGA010000215.1-rna:1036	foec_2_cluster_258_JAMSGA010000215.1-rna:1036
foec_2_cluster_258_JAMSGA010000215.1-rna:1036	foec_2_cluster_258_JAMSDW010000213.1-rna:989
foec_2_cluster_259_JAMSGA010000041.1-rna:71	foec_2_cluster_259_JAMSGA010000041.1-rna:71
foec_2_cluster_259_JAMSGA010000041.1-rna:71	foec_2_cluster_259_JAMSDW010000042.1-rna:71
foec_2_cluster_25_QESU01000253.1-rna:820	foec_2_cluster_25_QESU01000253.1-rna:820
foec_2_cluster_25_QESU01000253.1-rna:820	foec_2_cluster_25_JAAOOO010000025.1-rna:2860
foec_2_cluster_260_JAMSGA010000041.1-rna:110	foec_2_cluster_260_JAMSGA010000041.1-rna:110
foec_2_cluster_260_JAMSGA010000041.1-rna:110	foec_2_cluster_260_JAMSDW010000042.1-rna:110
foec_2_cluster_261_JAMSGA010000041.1-rna:156	foec_2_cluster_261_JAMSGA010000041.1-rna:156
foec_2_cluster_261_JAMSGA010000041.1-rna:156	foec_2_cluster_261_JAMSDW010000042.1-rna:156
foec_2_cluster_262_JAMSGA010000041.1-rna:180	foec_2_cluster_262_JAMSGA010000041.1-rna:180
foec_2_cluster_262_JAMSGA010000041.1-rna:180	foec_2_cluster_262_JAMSDW010000042.1-rna:180
foec_2_cluster_263_JAMSGA010000184.1-rna:685	foec_2_cluster_263_JAMSGA010000184.1-rna:685
foec_2_cluster_263_JAMSGA010000184.1-rna:685	foec_2_cluster_263_JAMSDW010000185.1-rna:617
foec_2_cluster_264_JAMSGA010000205.1-rna:954	foec_2_cluster_264_JAMSGA010000205.1-rna:954
foec_2_cluster_264_JAMSGA010000205.1-rna:954	foec_2_cluster_264_JAMSDW010000206.1-rna:915
foec_2_cluster_265_JAMSGA010000200.1-rna:892	foec_2_cluster_265_JAMSGA010000200.1-rna:892
foec_2_cluster_265_JAMSGA010000200.1-rna:892	foec_2_cluster_265_JAMSDW010000201.1-rna:881
foec_2_cluster_266_JAMSDW010000304.1-rna:1365	foec_2_cluster_266_JAMSDW010000304.1-rna:1365
foec_2_cluster_266_JAMSGA010000314.1-rna:1397	foec_2_cluster_266_JAMSGA010000314.1-rna:1397
foec_2_cluster_267_JAMSGA010000057.1-rna:191	foec_2_cluster_267_JAMSGA010000057.1-rna:191
foec_2_cluster_267_JAMSGA010000057.1-rna:191	foec_2_cluster_267_JAMSDW010000078.1-rna:228
foec_2_cluster_268_JAMSGA010000354.1-rna:1496	foec_2_cluster_268_JAMSGA010000354.1-rna:1496
foec_2_cluster_268_JAMSGA010000354.1-rna:1496	foec_2_cluster_268_JAMSDW010000387.1-rna:1503
foec_2_cluster_100_JADWMX010000012.1-rna:1588	foec_2_cluster_100_JADWMX010000012.1-rna:1588
foec_2_cluster_100_JADWMX010000012.1-rna:1588	foec_2_cluster_100_CM008298.1-rna:801
foec_2_cluster_101_JAAOON010000023.1-rna:2374	foec_2_cluster_101_JAAOON010000023.1-rna:2374
foec_2_cluster_101_NODE_144_length_50669_cov_65.560143-rna:234	foec_2_cluster_101_NODE_144_length_50669_cov_65.560143-rna:234
foec_2_cluster_102_JAAOOQ010000007.1-rna:885	foec_2_cluster_102_JAAOOQ010000007.1-rna:885
foec_2_cluster_102_JAMSGA010000264.1-rna:1304	foec_2_cluster_102_JAMSGA010000264.1-rna:1304
foec_2_cluster_103_JAMSDW010000061.1-rna:207	foec_2_cluster_103_JAMSDW010000061.1-rna:207
foec_2_cluster_103_JAMSDW010000061.1-rna:207	foec_2_cluster_103_CM111174.1-rna:710
foec_2_cluster_106_WJXY01000298.1-rna:1169	foec_2_cluster_106_WJXY01000298.1-rna:1169
foec_2_cluster_106_WJXY01000298.1-rna:1169	foec_2_cluster_106_CM111177.1-rna:2153
foec_2_cluster_107_NJCU01000122.1-rna:259	foec_2_cluster_107_NJCU01000122.1-rna:259
foec_2_cluster_107_NJCU01000122.1-rna:259	foec_2_cluster_107_JAAOOM010000005.1-rna:245
foec_2_cluster_108_JBCFYI010000015.1-rna:2115	foec_2_cluster_108_JBCFYI010000015.1-rna:2115
foec_2_cluster_108_JBCFYI010000015.1-rna:2115	foec_2_cluster_108_Fola2_chr9-rna:2148
foec_2_cluster_109_Fola4_chr12-gene:99.t1	foec_2_cluster_109_Fola4_chr12-gene:99.t1
foec_2_cluster_109_JBCFYK010000024.1-rna:2564	foec_2_cluster_109_JBCFYK010000024.1-rna:2564
foec_2_cluster_110_JAKELM010000042.1-rna:3771	foec_2_cluster_110_JAKELM010000042.1-rna:3771
foec_2_cluster_110_JAKELM010000042.1-rna:3771	foec_2_cluster_110_JH659520.1-rna:1042
foec_2_cluster_111_JBCFYJ010000019.1-rna:2788	foec_2_cluster_111_JBCFYJ010000019.1-rna:2788
foec_2_cluster_111_JBCFYJ010000019.1-rna:2788	foec_2_cluster_111_JAKELM010000029.1-rna:2697
foec_2_cluster_113_JADWMX010000015.1-rna:2734	foec_2_cluster_113_JADWMX010000015.1-rna:2734
foec_2_cluster_113_JADWMX010000015.1-rna:2734	foec_2_cluster_113_JAAOOQ010000007.1-rna:624
foec_2_cluster_114_NJCE01000380.1-rna:625	foec_2_cluster_114_NJCE01000380.1-rna:625
foec_2_cluster_114_NJCE01000380.1-rna:625	foec_2_cluster_114_JADWMX010000007.1-rna:1016
foec_2_cluster_116_JBMERV010000002.1-rna:6	foec_2_cluster_116_JBMERV010000002.1-rna:6
foec_2_cluster_116_JBMERV010000002.1-rna:6	foec_2_cluster_116_Fola2_chr2-rna:526
foec_2_cluster_117_CM111177.1-rna:965	foec_2_cluster_117_CM111177.1-rna:965
foec_2_cluster_117_CM111177.1-rna:965	foec_2_cluster_117_CM024001.1-rna:279
foec_2_cluster_118_JAAOON010000011.1-rna:1383	foec_2_cluster_118_JAAOON010000011.1-rna:1383
foec_2_cluster_118_JH650936.1-rna:802	foec_2_cluster_118_JH650936.1-rna:802
foec_2_cluster_119_JH650906.1-rna:259	foec_2_cluster_119_JH650906.1-rna:259
foec_2_cluster_119_QESU01000255.1-rna:968	foec_2_cluster_119_QESU01000255.1-rna:968
foec_2_cluster_120_WJXY01000377.1-rna:1450	foec_2_cluster_120_WJXY01000377.1-rna:1450
foec_2_cluster_120_WJXY01000377.1-rna:1450	foec_2_cluster_120_JAJGYP010000013.1-rna:831
foec_2_cluster_122_JAJGYP010000018.1-rna:1211	foec_2_cluster_122_JAJGYP010000018.1-rna:1211
foec_2_cluster_122_JAJGYP010000018.1-rna:1211	foec_2_cluster_122_JABTBS010000014.1-rna:1217
foec_2_cluster_123_JABCQX010002088.1-rna:1441	foec_2_cluster_123_JABCQX010002088.1-rna:1441
foec_2_cluster_124_NJCU01000744.1-rna:848	foec_2_cluster_124_NJCU01000744.1-rna:848
foec_2_cluster_124_NJCU01000744.1-rna:848	foec_2_cluster_124_JBBJCF010000010.1-rna:1360
foec_2_cluster_125_JBCFYK010000024.1-rna:2947	foec_2_cluster_125_JBCFYK010000024.1-rna:2947
foec_2_cluster_125_JBCFYK010000024.1-rna:2947	foec_2_cluster_125_Fola4_chr15-rna:1204
foec_2_cluster_127_JBCFYK010000024.1-rna:2592	foec_2_cluster_127_JBCFYK010000024.1-rna:2592
foec_2_cluster_127_JBCFYK010000024.1-rna:2592	foec_2_cluster_127_Fola2_chr7-rna:1843
foec_2_cluster_128_JBCFYK010000024.1-rna:2574	foec_2_cluster_128_JBCFYK010000024.1-rna:2574
foec_2_cluster_128_JBCFYK010000024.1-rna:2574	foec_2_cluster_128_Fola2_chr7-rna:1865
foec_2_cluster_129_JAHHCX010000007.1-rna:155	foec_2_cluster_129_JAHHCX010000007.1-rna:155
foec_2_cluster_129_JAKELM010000037.1-rna:3577	foec_2_cluster_129_JAKELM010000037.1-rna:3577
foec_2_cluster_12_CM111217.1-rna:1028	foec_2_cluster_12_CM111217.1-rna:1028
foec_2_cluster_12_Fola2_chr16-rna:280	foec_2_cluster_12_Fola2_chr16-rna:280
foec_2_cluster_130_contig_2-rna:401	foec_2_cluster_130_contig_2-rna:401
foec_2_cluster_130_contig_2-rna:401	foec_2_cluster_130_JAMSFW010000300.1-rna:471
foec_2_cluster_130_contig_2-rna:401	foec_2_cluster_141_JAAOOQ010000005.1-rna:296
foec_2_cluster_130_contig_2-rna:401	foec_2_cluster_141_JAAOOM010000028.1-rna:2605
foec_2_cluster_130_contig_2-rna:401	foec_2_cluster_28_RSAI01000003.1-rna:1089
foec_2_cluster_130_contig_2-rna:401	foec_2_cluster_28_JAALGP020000018.1-rna:2729
foec_2_cluster_131_JAHHCX010000061.1-rna:2438	foec_2_cluster_131_JAHHCX010000061.1-rna:2438
foec_2_cluster_131_JAKELM010000023.1-rna:2251	foec_2_cluster_131_JAKELM010000023.1-rna:2251
foec_2_cluster_134_NJCD01000437.1-rna:923	foec_2_cluster_134_NJCD01000437.1-rna:923
foec_2_cluster_134_NJCD01000437.1-rna:923	foec_2_cluster_134_MABJ01000733.1-rna:989
foec_2_cluster_135_JBCFYL010000002.1-rna:319	foec_2_cluster_135_JBCFYL010000002.1-rna:319
foec_2_cluster_135_JBCFYL010000002.1-rna:319	foec_2_cluster_135_Fola4_chr12-rna:695
foec_2_cluster_137_JBCFYL010000002.1-rna:376	foec_2_cluster_137_JBCFYL010000002.1-rna:376
foec_2_cluster_137_JBCFYL010000002.1-rna:376	foec_2_cluster_137_Fola4_chr12-rna:657
foec_2_cluster_138_JBCFYL010000002.1-rna:367	foec_2_cluster_138_JBCFYL010000002.1-rna:367
foec_2_cluster_138_JBCFYL010000002.1-rna:367	foec_2_cluster_138_JBCFYI010000006.1-rna:700
foec_2_cluster_139_CM111217.1-rna:713	foec_2_cluster_139_CM111217.1-rna:713
foec_2_cluster_139_JAAOOQ010000007.1-rna:506	foec_2_cluster_139_JAAOOQ010000007.1-rna:506
foec_2_cluster_13_MALY02000031.1-rna:2868	foec_2_cluster_13_MALY02000031.1-rna:2868
foec_2_cluster_13_MALY02000031.1-rna:2868	foec_2_cluster_13_KI980826.1-rna:1802
foec_2_cluster_140_CM024001.1-rna:254	foec_2_cluster_140_CM024001.1-rna:254
foec_2_cluster_140_CM106969.1-rna:499	foec_2_cluster_140_CM106969.1-rna:499
foec_2_cluster_142_JAAOOQ010000015.1-rna:2737	foec_2_cluster_142_JAAOOQ010000015.1-rna:2737
foec_2_cluster_142_JAAOOQ010000015.1-rna:2737	foec_2_cluster_142_JAAOOQ010000009.1-rna:1479
foec_2_cluster_143_JAMSFT010000291.1-rna:536	foec_2_cluster_143_JAMSFT010000291.1-rna:536
foec_2_cluster_143_JAMSGA010000399.1-rna:1549	foec_2_cluster_143_JAMSGA010000399.1-rna:1549
foec_2_cluster_145_CM008298.1-rna:1564	foec_2_cluster_145_CM008298.1-rna:1564
foec_2_cluster_145_QESU01000191.1-rna:436	foec_2_cluster_145_QESU01000191.1-rna:436
foec_2_cluster_146_QESU01000058.1-rna:147	foec_2_cluster_146_QESU01000058.1-rna:147
foec_2_cluster_146_QESU01000058.1-rna:147	foec_2_cluster_146_JAIUCW010000046.1-rna:1196
foec_2_cluster_147_QESU01000245.1-rna:715	foec_2_cluster_147_QESU01000245.1-rna:715
foec_2_cluster_147_QESU01000245.1-rna:715	foec_2_cluster_147_JH650887.1-rna:164
foec_2_cluster_148_RSAI01000003.1-rna:1124	foec_2_cluster_148_RSAI01000003.1-rna:1124
foec_2_cluster_148_RSAI01000003.1-rna:1124	foec_2_cluster_148_JABTBS010000012.1-rna:687
foec_2_cluster_149_WJXY01000379.1-rna:1470	foec_2_cluster_149_WJXY01000379.1-rna:1470
foec_2_cluster_149_WJXY01000379.1-rna:1470	foec_2_cluster_149_JACSDM010000050.1-rna:4119
foec_2_cluster_14_JBCFYK010000023.1-rna:2160	foec_2_cluster_14_JBCFYK010000023.1-rna:2160
foec_2_cluster_14_JBCFYK010000023.1-rna:2160	foec_2_cluster_14_Fola1_chr8-rna:1721
foec_2_cluster_150_WJXY01000379.1-rna:1500	foec_2_cluster_150_WJXY01000379.1-rna:1500
foec_2_cluster_150_WJXY01000379.1-rna:1500	foec_2_cluster_150_JAJGYP010000021.1-rna:1623
foec_2_cluster_151_JBCFYI010000006.1-rna:875	foec_2_cluster_151_JBCFYI010000006.1-rna:875
foec_2_cluster_151_JBCFYI010000006.1-rna:875	foec_2_cluster_151_Fola2_chr7-rna:1269
foec_2_cluster_152_JAAOOQ010000013.1-rna:2557	foec_2_cluster_152_JAAOOQ010000013.1-rna:2557
foec_2_cluster_152_JAAOOQ010000013.1-rna:2557	foec_2_cluster_152_JAAOON010000025.1-rna:2435
foec_2_cluster_153_JAAOOQ010000013.1-rna:2559	foec_2_cluster_153_JAAOOQ010000013.1-rna:2559
foec_2_cluster_153_JAAOOQ010000013.1-rna:2559	foec_2_cluster_153_JAAOOM010000021.1-rna:2362
foec_2_cluster_154_Fola4_chr16-rna:2148	foec_2_cluster_154_Fola4_chr16-rna:2148
foec_2_cluster_154_Fola4_chr16-rna:2148	foec_2_cluster_154_Fola3_chr14-rna:690
foec_2_cluster_155_JAKELM010000033.1-rna:3021	foec_2_cluster_155_JAKELM010000033.1-rna:3021
foec_2_cluster_155_contig_32-rna:230	foec_2_cluster_155_contig_32-rna:230
foec_2_cluster_157_JBMERV010000010.1-rna:258	foec_2_cluster_157_JBMERV010000010.1-rna:258
foec_2_cluster_157_JBMERV010000010.1-rna:258	foec_2_cluster_157_JAKELM010000016.1-rna:1714
foec_2_cluster_158_JBMERV010000010.1-rna:260	foec_2_cluster_158_JBMERV010000010.1-rna:260
foec_2_cluster_158_JBMERV010000010.1-rna:260	foec_2_cluster_158_JACSDM010000017.1-rna:2388
foec_2_cluster_15_JBCFYM010000015.1-rna:2061	foec_2_cluster_15_JBCFYM010000015.1-rna:2061
foec_2_cluster_160_contig_2-rna:380	foec_2_cluster_160_contig_2-rna:380
foec_2_cluster_160_contig_2-rna:380	foec_2_cluster_160_contig_2-rna:251
foec_2_cluster_161_JBMERW010000011.1-rna:418	foec_2_cluster_161_JBMERW010000011.1-rna:418
foec_2_cluster_161_JBMERW010000011.1-rna:418	foec_2_cluster_161_JBMERV010000010.1-rna:290
foec_2_cluster_162_JABCQX010000204.1-rna:256	foec_2_cluster_162_JABCQX010000204.1-rna:256
foec_2_cluster_162_NJCE01000384.1-rna:675	foec_2_cluster_162_NJCE01000384.1-rna:675
foec_2_cluster_163_NJCD01000321.1-rna:623	foec_2_cluster_163_NJCD01000321.1-rna:623
foec_2_cluster_163_NJCD01000321.1-rna:623	foec_2_cluster_163_MABJ01000403.1-rna:502
foec_2_cluster_164_JAAOOO010000019.1-rna:2159	foec_2_cluster_164_JAAOOO010000019.1-rna:2159
foec_2_cluster_164_JAAOOQ010000015.1-rna:2621	foec_2_cluster_164_JAAOOQ010000015.1-rna:2621
foec_2_cluster_165_JAHHCX010000062.1-rna:3006	foec_2_cluster_165_JAHHCX010000062.1-rna:3006
foec_2_cluster_165_JAHHCX010000062.1-rna:3006	foec_2_cluster_165_JAAOOO010000015.1-rna:1499
foec_2_cluster_167_JBCFYM010000022.1-rna:2693	foec_2_cluster_167_JBCFYM010000022.1-rna:2693
foec_2_cluster_167_JBCFYN010000013.1-rna:1428	foec_2_cluster_167_JBCFYN010000013.1-rna:1428
foec_2_cluster_169_JBCFYN010000015.1-rna:2453	foec_2_cluster_169_JBCFYN010000015.1-rna:2453
foec_2_cluster_169_JBCFYN010000015.1-rna:2453	foec_2_cluster_169_JBCFYM010000011.1-rna:1323
foec_2_cluster_170_JBCFYN010000015.1-rna:2360	foec_2_cluster_170_JBCFYN010000015.1-rna:2360
foec_2_cluster_170_JBCFYN010000015.1-rna:2360	foec_2_cluster_170_JBCFYM010000011.1-rna:1397
foec_2_cluster_173_CM023995.1-rna:138	foec_2_cluster_173_CM023995.1-rna:138
foec_2_cluster_173_NODE_64_length_56990_cov_67.978645-rna:388	foec_2_cluster_173_NODE_64_length_56990_cov_67.978645-rna:388
foec_2_cluster_174_JAALGP020000018.1-rna:2462	foec_2_cluster_174_JAALGP020000018.1-rna:2462
foec_2_cluster_174_MABT01000754.1-rna:1114	foec_2_cluster_174_MABT01000754.1-rna:1114
foec_2_cluster_175_JAALGP020000011.1-rna:956	foec_2_cluster_175_JAALGP020000011.1-rna:956
foec_2_cluster_175_JABCQX010001117.1-rna:1063	foec_2_cluster_175_JABCQX010001117.1-rna:1063
foec_2_cluster_176_JABCQX010000943.1-rna:887	foec_2_cluster_176_JABCQX010000943.1-rna:887
foec_2_cluster_176_JABCQX010000943.1-rna:887	foec_2_cluster_176_JAALGP020000011.1-rna:1891
foec_2_cluster_177_JBCFYL010000016.1-rna:2499	foec_2_cluster_177_JBCFYL010000016.1-rna:2499
foec_2_cluster_177_JBCFYL010000016.1-rna:2499	foec_2_cluster_177_JBCFYK010000014.1-rna:1776
foec_2_cluster_178_JBCFYI010000020.1-rna:2818	foec_2_cluster_178_JBCFYI010000020.1-rna:2818
foec_2_cluster_178_JBCFYI010000020.1-rna:2818	foec_2_cluster_178_Fola4_chr18-rna:2691
foec_2_cluster_179_JBCFYL010000015.1-rna:2231	foec_2_cluster_179_JBCFYL010000015.1-rna:2231
foec_2_cluster_179_JBCFYL010000015.1-rna:2231	foec_2_cluster_179_JBCFYK010000031.1-rna:3210
foec_2_cluster_180_JBCFYL010000015.1-rna:2253	foec_2_cluster_180_JBCFYL010000015.1-rna:2253
foec_2_cluster_180_JBCFYL010000015.1-rna:2253	foec_2_cluster_180_JBCFYI010000015.1-rna:2026
foec_2_cluster_182_JBMERV010000310.1-rna:711	foec_2_cluster_182_JBMERV010000310.1-rna:711
foec_2_cluster_182_JBMERW010000008.1-rna:138	foec_2_cluster_182_JBMERW010000008.1-rna:138
foec_2_cluster_184_NJBY01000323.1-rna:434	foec_2_cluster_184_NJBY01000323.1-rna:434
foec_2_cluster_184_scaffold_2-rna:392	foec_2_cluster_184_scaffold_2-rna:392
foec_2_cluster_185_NJCU01000219.1-rna:483	foec_2_cluster_185_NJCU01000219.1-rna:483
foec_2_cluster_185_NJCU01000219.1-rna:483	foec_2_cluster_185_JBBJCF010000009.1-rna:1263
foec_2_cluster_187_JAAOOQ010000012.1-rna:2422	foec_2_cluster_187_JAAOOQ010000012.1-rna:2422
foec_2_cluster_187_JAAOOQ010000012.1-rna:2422	foec_2_cluster_187_JAAOON010000017.1-rna:1962
foec_2_cluster_189_JAAOOQ010000012.1-rna:2467	foec_2_cluster_189_JAAOOQ010000012.1-rna:2467
foec_2_cluster_189_JAAOOQ010000012.1-rna:2467	foec_2_cluster_189_JAAOON010000017.1-rna:2007
foec_2_cluster_190_JAAOOQ010000009.1-rna:1216	foec_2_cluster_190_JAAOOQ010000009.1-rna:1216
foec_2_cluster_190_JAAOOQ010000009.1-rna:1216	foec_2_cluster_190_JAAOON010000024.1-rna:2407
foec_2_cluster_191_JAAOON010000026.1-rna:2467	foec_2_cluster_191_JAAOON010000026.1-rna:2467
foec_2_cluster_191_JAAOON010000026.1-rna:2467	foec_2_cluster_191_JAAOOM010000036.1-rna:2880
foec_2_cluster_192_JAAOON010000011.1-rna:1119	foec_2_cluster_192_JAAOON010000011.1-rna:1119
foec_2_cluster_192_JAAOON010000011.1-rna:1119	foec_2_cluster_192_JAAOOM010000010.1-rna:926
foec_2_cluster_193_JAAOON010000026.1-rna:2478	foec_2_cluster_193_JAAOON010000026.1-rna:2478
foec_2_cluster_193_JAAOON010000026.1-rna:2478	foec_2_cluster_193_JAAOOM010000013.1-rna:1339
foec_2_cluster_194_JAAOOQ010000015.1-rna:2730	foec_2_cluster_194_JAAOOQ010000015.1-rna:2730
foec_2_cluster_194_JAAOOQ010000015.1-rna:2730	foec_2_cluster_194_JAAOOQ010000009.1-rna:1527
foec_2_cluster_195_JAAOON010000011.1-rna:1296	foec_2_cluster_195_JAAOON010000011.1-rna:1296
foec_2_cluster_195_JAAOON010000011.1-rna:1296	foec_2_cluster_195_JAAOOM010000013.1-rna:1518
foec_2_cluster_196_QESU01000282.1-rna:1392	foec_2_cluster_196_QESU01000282.1-rna:1392
foec_2_cluster_196_QESU01000282.1-rna:1392	foec_2_cluster_196_JAIUCW010000077.1-rna:1669
foec_2_cluster_197_KI980269.1-rna:1194	foec_2_cluster_197_KI980269.1-rna:1194
foec_2_cluster_197_KI980269.1-rna:1194	foec_2_cluster_197_JAIUCW010000077.1-rna:1642
foec_2_cluster_198_JH650909.1-rna:329	foec_2_cluster_198_JH650909.1-rna:329
foec_2_cluster_198_JH650909.1-rna:329	foec_2_cluster_198_JAIUCW010000027.1-rna:723
foec_2_cluster_199_JH650926.1-rna:716	foec_2_cluster_199_JH650926.1-rna:716
foec_2_cluster_199_JH650926.1-rna:716	foec_2_cluster_199_JAIUCW010000027.1-rna:920
foec_2_cluster_19_RSAI01000003.1-rna:1373	foec_2_cluster_19_RSAI01000003.1-rna:1373
foec_2_cluster_19_RSAI01000003.1-rna:1373	foec_2_cluster_19_JABTBS010000022.1-rna:2285
foec_2_cluster_200_QESU01000252.1-rna:765	foec_2_cluster_200_QESU01000252.1-rna:765
foec_2_cluster_200_QESU01000252.1-rna:765	foec_2_cluster_200_JH650917.1-rna:541
foec_2_cluster_202_QESU01000084.1-rna:252	foec_2_cluster_202_QESU01000084.1-rna:252
foec_2_cluster_202_QESU01000084.1-rna:252	foec_2_cluster_202_JH659354.1-rna:212
foec_2_cluster_203_QESU01000255.1-rna:971	foec_2_cluster_203_QESU01000255.1-rna:971
foec_2_cluster_203_QESU01000255.1-rna:971	foec_2_cluster_203_JH650906.1-rna:278
foec_2_cluster_204_JH650906.1-rna:277	foec_2_cluster_204_JH650906.1-rna:277
foec_2_cluster_204_JH650906.1-rna:277	foec_2_cluster_204_JAIUCW010000027.1-rna:567
foec_2_cluster_205_JH650906.1-rna:284	foec_2_cluster_205_JH650906.1-rna:284
foec_2_cluster_205_JH650906.1-rna:284	foec_2_cluster_205_JAIUCW010000027.1-rna:572
foec_2_cluster_206_QESU01000254.1-rna:902	foec_2_cluster_206_QESU01000254.1-rna:902
foec_2_cluster_206_QESU01000254.1-rna:902	foec_2_cluster_206_JAIUCW010000016.1-rna:313
foec_2_cluster_207_QESU01000253.1-rna:840	foec_2_cluster_207_QESU01000253.1-rna:840
foec_2_cluster_207_QESU01000253.1-rna:840	foec_2_cluster_207_JAIUCW010000027.1-rna:474
foec_2_cluster_209_QESU01000256.1-rna:1037	foec_2_cluster_209_QESU01000256.1-rna:1037
foec_2_cluster_209_QESU01000256.1-rna:1037	foec_2_cluster_209_JH650916.1-rna:417
foec_2_cluster_20_CM106969.1-rna:728	foec_2_cluster_20_CM106969.1-rna:728
foec_2_cluster_20_NJCE01000463.1-rna:870	foec_2_cluster_20_NJCE01000463.1-rna:870
foec_2_cluster_210_JAIUCW010000064.1-rna:1350	foec_2_cluster_210_JAIUCW010000064.1-rna:1350
foec_2_cluster_210_QESU01000256.1-rna:1034	foec_2_cluster_210_QESU01000256.1-rna:1034
foec_2_cluster_211_QESU01000256.1-rna:1082	foec_2_cluster_211_QESU01000256.1-rna:1082
foec_2_cluster_211_QESU01000256.1-rna:1082	foec_2_cluster_211_JAIUCW010000064.1-rna:1400
foec_2_cluster_214_JBBJCF010000004.1-rna:810	foec_2_cluster_214_JBBJCF010000004.1-rna:810
foec_2_cluster_214_JBBJCF010000004.1-rna:810	foec_2_cluster_214_JAJGYP010000021.1-rna:1731
foec_2_cluster_215_JBBJCF010000004.1-rna:537	foec_2_cluster_215_JBBJCF010000004.1-rna:537
foec_2_cluster_215_JBBJCF010000004.1-rna:537	foec_2_cluster_215_JADWMX010000015.1-rna:2698
foec_2_cluster_523_JBBJCF010000016.1-rna:2207	foec_2_cluster_523_JBBJCF010000016.1-rna:2207
foec_2_cluster_524_JBBJCF010000016.1-rna:2338	foec_2_cluster_524_JBBJCF010000016.1-rna:2338
foec_2_cluster_525_JBBJCF010000016.1-rna:2385	foec_2_cluster_525_JBBJCF010000016.1-rna:2385
foec_2_cluster_527_CM111205.1-rna:63	foec_2_cluster_527_CM111205.1-rna:63
foec_2_cluster_528_CM111206.1-rna:77	foec_2_cluster_528_CM111206.1-rna:77
foec_2_cluster_529_CM111210.1-rna:409	foec_2_cluster_529_CM111210.1-rna:409
foec_2_cluster_52_JBBJCF010000016.1-rna:2010	foec_2_cluster_52_JBBJCF010000016.1-rna:2010
foec_2_cluster_52_JBBJCF010000016.1-rna:2010	foec_2_cluster_52_JAAOON010000007.1-rna:416
foec_2_cluster_530_contig_2-rna:266	foec_2_cluster_530_contig_2-rna:266
foec_2_cluster_532_contig_2-rna:515	foec_2_cluster_532_contig_2-rna:515
foec_2_cluster_533_contig_7-rna:669	foec_2_cluster_533_contig_7-rna:669
foec_2_cluster_534_contig_7-rna:683	foec_2_cluster_534_contig_7-rna:683
foec_2_cluster_535_contig_7-rna:734	foec_2_cluster_535_contig_7-rna:734
foec_2_cluster_537_contig_13-gene:111.t1	foec_2_cluster_537_contig_13-gene:111.t1
foec_2_cluster_538_contig_45-rna:655	foec_2_cluster_538_contig_45-rna:655
foec_2_cluster_539_contig_45-rna:661	foec_2_cluster_539_contig_45-rna:661
foec_2_cluster_53_NJCD01000152.1-rna:199	foec_2_cluster_53_NJCD01000152.1-rna:199
foec_2_cluster_540_JH650830.1-rna:73	foec_2_cluster_540_JH650830.1-rna:73
foec_2_cluster_542_NJCU01000184.1-rna:313	foec_2_cluster_542_NJCU01000184.1-rna:313
foec_2_cluster_543_NJCU01000064.1-rna:109	foec_2_cluster_543_NJCU01000064.1-rna:109
foec_2_cluster_544_NJCU01000064.1-rna:119	foec_2_cluster_544_NJCU01000064.1-rna:119
foec_2_cluster_545_NJCU01000332.1-rna:620	foec_2_cluster_545_NJCU01000332.1-rna:620
foec_2_cluster_547_contig_32-rna:245	foec_2_cluster_547_contig_32-rna:245
foec_2_cluster_548_contig_32-rna:333	foec_2_cluster_548_contig_32-rna:333
foec_2_cluster_549_contig_32-rna:320	foec_2_cluster_549_contig_32-rna:320
foec_2_cluster_551_NJCD01000234.1-rna:325	foec_2_cluster_551_NJCD01000234.1-rna:325
foec_2_cluster_552_JABCQX010001997.1-rna:1382	foec_2_cluster_552_JABCQX010001997.1-rna:1382
foec_2_cluster_554_JAIUCW010000096.1-rna:1695	foec_2_cluster_554_JAIUCW010000096.1-rna:1695
foec_2_cluster_555_JAIUCW010000096.1-rna:1711	foec_2_cluster_555_JAIUCW010000096.1-rna:1711
foec_2_cluster_556_contig_10-gene:41.t1	foec_2_cluster_556_contig_10-gene:41.t1
foec_2_cluster_557_contig_16-rna:172	foec_2_cluster_557_contig_16-rna:172
foec_2_cluster_558_contig_16-rna:170	foec_2_cluster_558_contig_16-rna:170
foec_2_cluster_559_contig_17-rna:188	foec_2_cluster_559_contig_17-rna:188
foec_2_cluster_55_CM106969.1-rna:919	foec_2_cluster_55_CM106969.1-rna:919
foec_2_cluster_55_CM106969.1-rna:919	foec_2_cluster_55_KI980217.1-rna:1137
foec_2_cluster_560_contig_17-rna:271	foec_2_cluster_560_contig_17-rna:271
foec_2_cluster_562_JADWMX010000002.1-rna:181	foec_2_cluster_562_JADWMX010000002.1-rna:181
foec_2_cluster_563_JADWMX010000002.1-rna:341	foec_2_cluster_563_JADWMX010000002.1-rna:341
foec_2_cluster_564_JADWMX010000002.1-rna:375	foec_2_cluster_564_JADWMX010000002.1-rna:375
foec_2_cluster_565_JADWMX010000033.1-rna:3650	foec_2_cluster_565_JADWMX010000033.1-rna:3650
foec_2_cluster_567_JADWMX010000015.1-rna:2317	foec_2_cluster_567_JADWMX010000015.1-rna:2317
foec_2_cluster_569_MALY02000015.1-rna:889	foec_2_cluster_569_MALY02000015.1-rna:889
foec_2_cluster_570_MALY02000009.1-rna:203	foec_2_cluster_570_MALY02000009.1-rna:203
foec_2_cluster_572_MALY02000009.1-rna:269	foec_2_cluster_572_MALY02000009.1-rna:269
foec_2_cluster_573_MALY02000009.1-rna:322	foec_2_cluster_573_MALY02000009.1-rna:322
foec_2_cluster_574_MALY02000021.1-rna:2412	foec_2_cluster_574_MALY02000021.1-rna:2412
foec_2_cluster_575_MALY02000023.1-rna:2742	foec_2_cluster_575_MALY02000023.1-rna:2742
foec_2_cluster_577_MALY02000031.1-rna:2927	foec_2_cluster_577_MALY02000031.1-rna:2927
foec_2_cluster_578_MALY02000031.1-rna:2972	foec_2_cluster_578_MALY02000031.1-rna:2972
foec_2_cluster_579_MALY02000016.1-rna:1421	foec_2_cluster_579_MALY02000016.1-rna:1421
foec_2_cluster_57_WJXY01000241.1-rna:809	foec_2_cluster_57_WJXY01000241.1-rna:809
foec_2_cluster_57_WJXY01000241.1-rna:809	foec_2_cluster_57_Fola2_chr7-rna:1176
foec_2_cluster_580_MALY02000016.1-rna:1432	foec_2_cluster_580_MALY02000016.1-rna:1432
foec_2_cluster_581_MALY02000016.1-rna:1445	foec_2_cluster_581_MALY02000016.1-rna:1445
foec_2_cluster_583_CM040491.1-rna:217	foec_2_cluster_583_CM040491.1-rna:217
foec_2_cluster_584_JAMSFT010000226.1-rna:405	foec_2_cluster_584_JAMSFT010000226.1-rna:405
foec_2_cluster_585_JAMSFT010000260.1-rna:446	foec_2_cluster_585_JAMSFT010000260.1-rna:446
foec_2_cluster_586_JAMSFT010000018.1-rna:152	foec_2_cluster_586_JAMSFT010000018.1-rna:152
foec_2_cluster_587_JAMSFT010000001.1-rna:44	foec_2_cluster_587_JAMSFT010000001.1-rna:44
foec_2_cluster_588_JAMSFT010000432.1-rna:757	foec_2_cluster_588_JAMSFT010000432.1-rna:757
foec_2_cluster_589_JAMSFT010000052.1-rna:191	foec_2_cluster_589_JAMSFT010000052.1-rna:191
foec_2_cluster_591_CM029235.1-rna:1074	foec_2_cluster_591_CM029235.1-rna:1074
foec_2_cluster_592_CM029233.1-rna:492	foec_2_cluster_592_CM029233.1-rna:492
foec_2_cluster_593_CM029233.1-rna:515	foec_2_cluster_593_CM029233.1-rna:515
foec_2_cluster_594_JAHHDA010000018.1-rna:294	foec_2_cluster_594_JAHHDA010000018.1-rna:294
foec_2_cluster_595_JAHHDA010000017.1-rna:270	foec_2_cluster_595_JAHHDA010000017.1-rna:270
foec_2_cluster_596_JAHHDA010000015.1-rna:25	foec_2_cluster_596_JAHHDA010000015.1-rna:25
foec_2_cluster_597_JAHHDA010000015.1-rna:31	foec_2_cluster_597_JAHHDA010000015.1-rna:31
foec_2_cluster_598_JAHHDA010000015.1-rna:110	foec_2_cluster_598_JAHHDA010000015.1-rna:110
foec_2_cluster_599_JAHHDA010000015.1-rna:173	foec_2_cluster_599_JAHHDA010000015.1-rna:173
foec_2_cluster_59_MALY02000039.1-rna:3141	foec_2_cluster_59_MALY02000039.1-rna:3141
foec_2_cluster_59_MALY02000039.1-rna:3141	foec_2_cluster_59_JAALGP020000019.1-rna:2993
foec_2_cluster_5_JBCFYJ010000005.1-rna:898	foec_2_cluster_5_JBCFYJ010000005.1-rna:898
foec_2_cluster_5_JBCFYJ010000005.1-rna:898	foec_2_cluster_5_JBBJCF010000016.1-rna:2367
foec_2_cluster_600_JAHHDA010000016.1-rna:214	foec_2_cluster_600_JAHHDA010000016.1-rna:214
foec_2_cluster_601_JAHHDA010000016.1-rna:201	foec_2_cluster_601_JAHHDA010000016.1-rna:201
foec_2_cluster_602_NODE_369_length_44502_cov_52.214867-rna:277	foec_2_cluster_602_NODE_369_length_44502_cov_52.214867-rna:277
foec_2_cluster_604_NODE_67_length_1083383_cov_51.383366-rna:477	foec_2_cluster_604_NODE_67_length_1083383_cov_51.383366-rna:477
foec_2_cluster_605_CM083089.1-rna:44	foec_2_cluster_605_CM083089.1-rna:44
foec_2_cluster_606_JACSDM010000029.1-rna:3187	foec_2_cluster_606_JACSDM010000029.1-rna:3187
foec_2_cluster_607_CM083097.1-rna:1134	foec_2_cluster_607_CM083097.1-rna:1134
foec_2_cluster_608_JACSDM010000048.1-rna:3604	foec_2_cluster_608_JACSDM010000048.1-rna:3604
foec_2_cluster_609_JACSDM010000017.1-rna:2313	foec_2_cluster_609_JACSDM010000017.1-rna:2313
foec_2_cluster_60_JBCFYJ010000005.1-rna:2119	foec_2_cluster_60_JBCFYJ010000005.1-rna:2119
foec_2_cluster_60_JBCFYJ010000005.1-rna:2119	foec_2_cluster_60_JAAOOM010000038.1-rna:2904
foec_2_cluster_610_NODE_541_length_137608_cov_57.204044-rna:566	foec_2_cluster_610_NODE_541_length_137608_cov_57.204044-rna:566
foec_2_cluster_611_NODE_28_length_2389329_cov_59.424263-gene:315.t1	foec_2_cluster_611_NODE_28_length_2389329_cov_59.424263-gene:315.t1
foec_2_cluster_612_NODE_28_length_2389329_cov_59.424263-rna:319	foec_2_cluster_612_NODE_28_length_2389329_cov_59.424263-rna:319
foec_2_cluster_613_NODE_487_length_325589_cov_61.654995-rna:445	foec_2_cluster_613_NODE_487_length_325589_cov_61.654995-rna:445
foec_2_cluster_614_NODE_487_length_325589_cov_61.654995-gene:531.t1	foec_2_cluster_614_NODE_487_length_325589_cov_61.654995-gene:531.t1
foec_2_cluster_616_JAAOOQ010000007.1-rna:692	foec_2_cluster_616_JAAOOQ010000007.1-rna:692
foec_2_cluster_617_JAHHCX010000051.1-rna:1638	foec_2_cluster_617_JAHHCX010000051.1-rna:1638
foec_2_cluster_618_JAHHCX010000007.1-rna:67	foec_2_cluster_618_JAHHCX010000007.1-rna:67
foec_2_cluster_619_JAHHCX010000007.1-rna:135	foec_2_cluster_619_JAHHCX010000007.1-rna:135
foec_2_cluster_61_JAAOOQ010000009.1-rna:1251	foec_2_cluster_61_JAAOOQ010000009.1-rna:1251
foec_2_cluster_61_JAAOOQ010000009.1-rna:1251	foec_2_cluster_61_JAAOON010000011.1-rna:1570
foec_2_cluster_621_JAHHCX010000046.1-rna:1062	foec_2_cluster_621_JAHHCX010000046.1-rna:1062
foec_2_cluster_622_JAHHCX010000046.1-rna:1080	foec_2_cluster_622_JAHHCX010000046.1-rna:1080
foec_2_cluster_373_CM111217.1-rna:1899	foec_2_cluster_373_CM111217.1-rna:1899
foec_2_cluster_373_CM111217.1-rna:1899	foec_2_cluster_373_CM111177.1-rna:2184
foec_2_cluster_375_CM111217.1-rna:1949	foec_2_cluster_375_CM111217.1-rna:1949
foec_2_cluster_375_CM111217.1-rna:1949	foec_2_cluster_375_CM111177.1-rna:2234
foec_2_cluster_376_CM111217.1-rna:2023	foec_2_cluster_376_CM111217.1-rna:2023
foec_2_cluster_376_CM111217.1-rna:2023	foec_2_cluster_376_CM111177.1-rna:2308
foec_2_cluster_377_CM111217.1-rna:2007	foec_2_cluster_377_CM111217.1-rna:2007
foec_2_cluster_377_CM111217.1-rna:2007	foec_2_cluster_377_CM111177.1-rna:2292
foec_2_cluster_378_CM111207.1-rna:292	foec_2_cluster_378_CM111207.1-rna:292
foec_2_cluster_378_CM111207.1-rna:292	foec_2_cluster_378_CM111167.1-rna:69
foec_2_cluster_379_CM111207.1-rna:246	foec_2_cluster_379_CM111207.1-rna:246
foec_2_cluster_379_CM111207.1-rna:246	foec_2_cluster_379_CM111167.1-rna:113
foec_2_cluster_379_CM111207.1-rna:246	foec_2_cluster_123_Fola3_chr10-gene:47.t1
foec_2_cluster_37_NJCU01000097.1-rna:137	foec_2_cluster_37_NJCU01000097.1-rna:137
foec_2_cluster_37_NJCU01000097.1-rna:137	foec_2_cluster_37_CM029223.1-rna:22
foec_2_cluster_380_CM111167.1-rna:142	foec_2_cluster_380_CM111167.1-rna:142
foec_2_cluster_380_CM111207.1-rna:184	foec_2_cluster_380_CM111207.1-rna:184
foec_2_cluster_381_CM111207.1-rna:174	foec_2_cluster_381_CM111207.1-rna:174
foec_2_cluster_381_CM111207.1-rna:174	foec_2_cluster_381_CM111167.1-rna:184
foec_2_cluster_382_CM111207.1-rna:131	foec_2_cluster_382_CM111207.1-rna:131
foec_2_cluster_382_CM111207.1-rna:131	foec_2_cluster_382_CM111167.1-rna:212
foec_2_cluster_383_MALY02000013.1-rna:680	foec_2_cluster_383_MALY02000013.1-rna:680
foec_2_cluster_383_NODE_110_length_74292_cov_32.551701-rna:26	foec_2_cluster_383_NODE_110_length_74292_cov_32.551701-rna:26
foec_2_cluster_384_NJCU01000251.1-rna:564	foec_2_cluster_384_NJCU01000251.1-rna:564
foec_2_cluster_384_NJCU01000251.1-rna:564	foec_2_cluster_384_NJBY01000323.1-rna:437
foec_2_cluster_385_NJCU01000213.1-rna:441	foec_2_cluster_385_NJCU01000213.1-rna:441
foec_2_cluster_385_NJCU01000213.1-rna:441	foec_2_cluster_385_NJBY01000208.1-rna:337
foec_2_cluster_386_JAMSFW010000173.1-rna:323	foec_2_cluster_386_JAMSFW010000173.1-rna:323
foec_2_cluster_386_JAMSFW010000173.1-rna:323	foec_2_cluster_386_JAMSEZ010000177.1-rna:324
foec_2_cluster_387_JAMSFW010000484.1-rna:755	foec_2_cluster_387_JAMSFW010000484.1-rna:755
foec_2_cluster_387_JAMSFW010000484.1-rna:755	foec_2_cluster_387_JAMSEZ010000502.1-rna:773
foec_2_cluster_388_JAMSFW010000210.1-rna:366	foec_2_cluster_388_JAMSFW010000210.1-rna:366
foec_2_cluster_388_JAMSFW010000210.1-rna:366	foec_2_cluster_388_JAMSEZ010000211.1-rna:331
foec_2_cluster_389_JAMSFW010000210.1-rna:403	foec_2_cluster_389_JAMSFW010000210.1-rna:403
foec_2_cluster_389_JAMSFW010000210.1-rna:403	foec_2_cluster_389_JAMSEZ010000211.1-rna:368
foec_2_cluster_38_JH650934.1-rna:791	foec_2_cluster_38_JH650934.1-rna:791
foec_2_cluster_38_JH650934.1-rna:791	foec_2_cluster_38_JACSDM010000005.1-rna:1283
foec_2_cluster_390_JAMSFW010000053.1-rna:166	foec_2_cluster_390_JAMSFW010000053.1-rna:166
foec_2_cluster_390_JAMSFW010000053.1-rna:166	foec_2_cluster_390_JAMSEZ010000168.1-rna:278
foec_2_cluster_391_JAMSFW010000006.1-rna:15	foec_2_cluster_391_JAMSFW010000006.1-rna:15
foec_2_cluster_391_JAMSFW010000006.1-rna:15	foec_2_cluster_391_JAMSEZ010000006.1-rna:15
foec_2_cluster_392_JAMSFW010000041.1-rna:101	foec_2_cluster_392_JAMSFW010000041.1-rna:101
foec_2_cluster_392_JAMSFW010000041.1-rna:101	foec_2_cluster_392_JAMSEZ010000216.1-rna:392
foec_2_cluster_393_JAMSFW010000041.1-rna:121	foec_2_cluster_393_JAMSFW010000041.1-rna:121
foec_2_cluster_393_JAMSFW010000041.1-rna:121	foec_2_cluster_393_JAMSEZ010000216.1-rna:412
foec_2_cluster_394_JAMSFW010000041.1-rna:112	foec_2_cluster_394_JAMSFW010000041.1-rna:112
foec_2_cluster_394_JAMSFW010000041.1-rna:112	foec_2_cluster_394_JAMSEZ010000216.1-rna:403
foec_2_cluster_395_JAMSFW010000091.1-rna:269	foec_2_cluster_395_JAMSFW010000091.1-rna:269
foec_2_cluster_395_JAMSFW010000091.1-rna:269	foec_2_cluster_395_JAMSEZ010000088.1-rna:168
foec_2_cluster_396_JAMSFW010000193.1-rna:329	foec_2_cluster_396_JAMSFW010000193.1-rna:329
foec_2_cluster_396_JAMSFW010000193.1-rna:329	foec_2_cluster_396_JAMSEZ010000173.1-rna:299
foec_2_cluster_397_JBCFYL010000015.1-rna:2423	foec_2_cluster_397_JBCFYL010000015.1-rna:2423
foec_2_cluster_397_JBCFYL010000015.1-rna:2423	foec_2_cluster_397_JBCFYK010000031.1-rna:3401
foec_2_cluster_398_MALY02000001.1-rna:38	foec_2_cluster_398_MALY02000001.1-rna:38
foec_2_cluster_398_MALY02000001.1-rna:38	foec_2_cluster_398_CM023990.1-rna:41
foec_2_cluster_399_CM024001.1-rna:361	foec_2_cluster_399_CM024001.1-rna:361
foec_2_cluster_399_JAHHCX010000061.1-rna:2584	foec_2_cluster_399_JAHHCX010000061.1-rna:2584
foec_2_cluster_39_CM111217.1-rna:1755	foec_2_cluster_39_CM111217.1-rna:1755
foec_2_cluster_39_CM111217.1-rna:1755	foec_2_cluster_39_CM111177.1-rna:2035
foec_2_cluster_3_JABCQX010001983.1-rna:1367	foec_2_cluster_3_JABCQX010001983.1-rna:1367
foec_2_cluster_3_JAJGYP010000019.1-rna:1446	foec_2_cluster_3_JAJGYP010000019.1-rna:1446
foec_2_cluster_401_JBBJCF010000004.1-rna:863	foec_2_cluster_401_JBBJCF010000004.1-rna:863
foec_2_cluster_401_JBBJCF010000004.1-rna:863	foec_2_cluster_401_JBBJCF010000004.1-rna:339
foec_2_cluster_404_CM106970.1-rna:1562	foec_2_cluster_404_CM106970.1-rna:1562
foec_2_cluster_404_CM106970.1-rna:1562	foec_2_cluster_404_CM008295.1-rna:76
foec_2_cluster_405_CM106970.1-rna:1564	foec_2_cluster_405_CM106970.1-rna:1564
foec_2_cluster_405_CM106970.1-rna:1564	foec_2_cluster_405_CM008295.1-rna:78
foec_2_cluster_406_CM008295.1-rna:55	foec_2_cluster_406_CM008295.1-rna:55
foec_2_cluster_406_CM106970.1-rna:1579	foec_2_cluster_406_CM106970.1-rna:1579
foec_2_cluster_407_CM106969.1-rna:399	foec_2_cluster_407_CM106969.1-rna:399
foec_2_cluster_407_CM106969.1-rna:399	foec_2_cluster_407_CM008298.1-rna:453
foec_2_cluster_408_CM106969.1-rna:481	foec_2_cluster_408_CM106969.1-rna:481
foec_2_cluster_408_CM106969.1-rna:481	foec_2_cluster_408_CM008298.1-rna:535
foec_2_cluster_409_CM106969.1-rna:482	foec_2_cluster_409_CM106969.1-rna:482
foec_2_cluster_409_CM106969.1-rna:482	foec_2_cluster_409_CM008298.1-rna:536
foec_2_cluster_40_MU089288.1-rna:2582	foec_2_cluster_40_MU089288.1-rna:2582
foec_2_cluster_40_MU089288.1-rna:2582	foec_2_cluster_40_JAAOOQ010000007.1-rna:641
foec_2_cluster_410_NJCU01000526.1-rna:796	foec_2_cluster_410_NJCU01000526.1-rna:796
foec_2_cluster_410_NJCU01000526.1-rna:796	foec_2_cluster_410_MALY02000015.1-rna:826
foec_2_cluster_411_NJCU01000349.1-rna:654	foec_2_cluster_411_NJCU01000349.1-rna:654
foec_2_cluster_411_NJCU01000349.1-rna:654	foec_2_cluster_411_CM040491.1-rna:211
foec_2_cluster_412_JAAOON010000011.1-rna:1376	foec_2_cluster_412_JAAOON010000011.1-rna:1376
foec_2_cluster_412_JAAOON010000011.1-rna:1376	foec_2_cluster_412_JAAOOM010000013.1-rna:1767
foec_2_cluster_413_JAAOOQ010000020.1-rna:2842	foec_2_cluster_413_JAAOOQ010000020.1-rna:2842
foec_2_cluster_413_JAAOOQ010000020.1-rna:2842	foec_2_cluster_413_JAAOOM010000029.1-rna:2810
foec_2_cluster_414_JAAOON010000012.1-rna:1666	foec_2_cluster_414_JAAOON010000012.1-rna:1666
foec_2_cluster_414_JAAOON010000012.1-rna:1666	foec_2_cluster_414_JAAOOM010000016.1-rna:2246
foec_2_cluster_415_JAAOON010000020.1-rna:2159	foec_2_cluster_415_JAAOON010000020.1-rna:2159
foec_2_cluster_415_JAAOON010000020.1-rna:2159	foec_2_cluster_415_JAAOOM010000020.1-rna:2351
foec_2_cluster_417_MABT01000539.1-rna:619	foec_2_cluster_417_MABT01000539.1-rna:619
foec_2_cluster_417_MABT01000539.1-rna:619	foec_2_cluster_417_MABJ01000297.1-rna:352
foec_2_cluster_418_MABT01000758.1-rna:1162	foec_2_cluster_418_MABT01000758.1-rna:1162
foec_2_cluster_418_MABT01000758.1-rna:1162	foec_2_cluster_418_MABJ01000981.1-rna:1136
foec_2_cluster_419_MABT01000011.1-rna:32	foec_2_cluster_419_MABT01000011.1-rna:32
foec_2_cluster_419_MABT01000011.1-rna:32	foec_2_cluster_419_MABJ01000432.1-rna:505
foec_2_cluster_41_Fola2_chr12-rna:67	foec_2_cluster_41_Fola2_chr12-rna:67
foec_2_cluster_41_Fola2_chr8-rna:1922	foec_2_cluster_41_Fola2_chr8-rna:1922
foec_2_cluster_420_MABT01000646.1-rna:838	foec_2_cluster_420_MABT01000646.1-rna:838
foec_2_cluster_420_MABT01000646.1-rna:838	foec_2_cluster_420_MABJ01000468.1-rna:591
foec_2_cluster_421_MABT01000695.1-rna:1089	foec_2_cluster_421_MABT01000695.1-rna:1089
foec_2_cluster_421_MABT01000695.1-rna:1089	foec_2_cluster_421_MABJ01000560.1-rna:749
foec_2_cluster_424_MALY02000031.1-rna:2896	foec_2_cluster_424_MALY02000031.1-rna:2896
foec_2_cluster_424_MALY02000031.1-rna:2896	foec_2_cluster_424_MABT01000662.1-rna:1010
foec_2_cluster_425_JBCFYJ010000015.1-rna:2694	foec_2_cluster_425_JBCFYJ010000015.1-rna:2694
foec_2_cluster_425_JBCFYJ010000015.1-rna:2694	foec_2_cluster_425_Fola1_chr10-gene:34.t1
foec_2_cluster_428_JAHHDA010000042.1-rna:488	foec_2_cluster_428_JAHHDA010000042.1-rna:488
foec_2_cluster_428_JAHHDA010000042.1-rna:488	foec_2_cluster_428_JAHHCX010000064.1-rna:3112
foec_2_cluster_42_JBCFYI010000006.1-rna:613	foec_2_cluster_42_JBCFYI010000006.1-rna:613
foec_2_cluster_42_JBCFYI010000006.1-rna:613	foec_2_cluster_42_Fola2_chr7-rna:1025
foec_2_cluster_430_JAJGYP010000013.1-rna:970	foec_2_cluster_430_JAJGYP010000013.1-rna:970
foec_2_cluster_431_JAKELM010000037.1-rna:3589	foec_2_cluster_431_JAKELM010000037.1-rna:3589
foec_2_cluster_432_JAKELM010000009.1-rna:797	foec_2_cluster_432_JAKELM010000009.1-rna:797
foec_2_cluster_433_JAKELM010000009.1-rna:794	foec_2_cluster_433_JAKELM010000009.1-rna:794
foec_2_cluster_434_JAKELM010000002.1-rna:204	foec_2_cluster_434_JAKELM010000002.1-rna:204
foec_2_cluster_435_JAKELM010000001.1-rna:30	foec_2_cluster_435_JAKELM010000001.1-rna:30
foec_2_cluster_437_JABTBS010000014.1-rna:1424	foec_2_cluster_437_JABTBS010000014.1-rna:1424
foec_2_cluster_438_NJCE01000055.1-rna:40	foec_2_cluster_438_NJCE01000055.1-rna:40
foec_2_cluster_439_JH659552.1-rna:1162	foec_2_cluster_439_JH659552.1-rna:1162
foec_2_cluster_440_KI980542.1-rna:1624	foec_2_cluster_440_KI980542.1-rna:1624
foec_2_cluster_441_JH659353.1-rna:164	foec_2_cluster_441_JH659353.1-rna:164
foec_2_cluster_441_JH659353.1-rna:164	foec_2_cluster_603_NODE_396_length_38919_cov_50.302704-gene:337.t1
foec_2_cluster_443_KI980360.1-rna:1267	foec_2_cluster_443_KI980360.1-rna:1267
foec_2_cluster_444_KI980360.1-rna:1292	foec_2_cluster_444_KI980360.1-rna:1292
foec_2_cluster_445_KI980360.1-rna:1278	foec_2_cluster_445_KI980360.1-rna:1278
foec_2_cluster_446_KI980802.1-rna:1783	foec_2_cluster_446_KI980802.1-rna:1783
foec_2_cluster_447_KI980802.1-rna:1778	foec_2_cluster_447_KI980802.1-rna:1778
foec_2_cluster_448_JH659460.1-rna:484	foec_2_cluster_448_JH659460.1-rna:484
foec_2_cluster_449_JH659460.1-rna:486	foec_2_cluster_449_JH659460.1-rna:486
foec_2_cluster_450_JH659460.1-rna:467	foec_2_cluster_450_JH659460.1-rna:467
foec_2_cluster_451_JH659551.1-rna:1151	foec_2_cluster_451_JH659551.1-rna:1151
foec_2_cluster_452_KI980600.1-rna:1723	foec_2_cluster_452_KI980600.1-rna:1723
foec_2_cluster_453_JH659519.1-rna:998	foec_2_cluster_453_JH659519.1-rna:998
foec_2_cluster_454_JAAOOO010000020.1-rna:2412	foec_2_cluster_454_JAAOOO010000020.1-rna:2412
foec_2_cluster_455_JAAOOO010000009.1-rna:328	foec_2_cluster_455_JAAOOO010000009.1-rna:328
foec_2_cluster_456_JAAOOO010000009.1-rna:420	foec_2_cluster_456_JAAOOO010000009.1-rna:420
foec_2_cluster_458_JAAOOO010000009.1-rna:616	foec_2_cluster_458_JAAOOO010000009.1-rna:616
foec_2_cluster_45_JABTBS010000014.1-rna:1289	foec_2_cluster_45_JABTBS010000014.1-rna:1289
foec_2_cluster_45_JABTBS010000014.1-rna:1289	foec_2_cluster_45_MALF01001620.1-rna:1124
foec_2_cluster_460_JAAOOO010000009.1-rna:966	foec_2_cluster_460_JAAOOO010000009.1-rna:966
foec_2_cluster_462_JAAOOO010000019.1-rna:1751	foec_2_cluster_462_JAAOOO010000019.1-rna:1751
foec_2_cluster_463_JAAOOO010000019.1-rna:1743	foec_2_cluster_463_JAAOOO010000019.1-rna:1743
foec_2_cluster_464_JAAOOO010000019.1-rna:1808	foec_2_cluster_464_JAAOOO010000019.1-rna:1808
foec_2_cluster_465_JAAOOO010000019.1-rna:1919	foec_2_cluster_465_JAAOOO010000019.1-rna:1919
foec_2_cluster_466_JAAOOO010000019.1-rna:2264	foec_2_cluster_466_JAAOOO010000019.1-rna:2264
foec_2_cluster_467_JAAOOO010000019.1-rna:2346	foec_2_cluster_467_JAAOOO010000019.1-rna:2346
foec_2_cluster_468_JAAOOO010000025.1-rna:2818	foec_2_cluster_468_JAAOOO010000025.1-rna:2818
foec_2_cluster_469_JAAOOO010000025.1-rna:2886	foec_2_cluster_469_JAAOOO010000025.1-rna:2886
foec_2_cluster_470_NODE_148_length_2491058_cov_48.264744-rna:72	foec_2_cluster_470_NODE_148_length_2491058_cov_48.264744-rna:72
foec_2_cluster_471_NODE_674_length_699650_cov_49.563713-gene:609.t1	foec_2_cluster_471_NODE_674_length_699650_cov_49.563713-gene:609.t1
foec_2_cluster_472_NODE_270_length_48886_cov_49.642475-rna:272	foec_2_cluster_472_NODE_270_length_48886_cov_49.642475-rna:272
foec_2_cluster_473_NODE_411_length_3164519_cov_49.791832-rna:370	foec_2_cluster_473_NODE_411_length_3164519_cov_49.791832-rna:370
foec_2_cluster_474_NODE_411_length_3164519_cov_49.791832-rna:393	foec_2_cluster_474_NODE_411_length_3164519_cov_49.791832-rna:393
foec_2_cluster_475_NODE_89_length_38270_cov_57.868984-rna:655	foec_2_cluster_475_NODE_89_length_38270_cov_57.868984-rna:655
foec_2_cluster_476_NODE_113_length_1830024_cov_47.921265-rna:29	foec_2_cluster_476_NODE_113_length_1830024_cov_47.921265-rna:29
foec_2_cluster_479_JAALGP020000011.1-rna:1050	foec_2_cluster_479_JAALGP020000011.1-rna:1050
foec_2_cluster_482_JAALGP020000011.1-rna:1151	foec_2_cluster_482_JAALGP020000011.1-rna:1151
foec_2_cluster_483_JAALGP020000011.1-rna:1492	foec_2_cluster_483_JAALGP020000011.1-rna:1492
foec_2_cluster_484_JAALGP020000011.1-rna:1873	foec_2_cluster_484_JAALGP020000011.1-rna:1873
foec_2_cluster_485_JBMERV010000010.1-rna:368	foec_2_cluster_485_JBMERV010000010.1-rna:368
foec_2_cluster_486_JBMERV010000010.1-rna:374	foec_2_cluster_486_JBMERV010000010.1-rna:374
foec_2_cluster_487_MALF01000187.1-rna:283	foec_2_cluster_487_MALF01000187.1-rna:283
foec_2_cluster_488_MALF01000568.1-rna:696	foec_2_cluster_488_MALF01000568.1-rna:696
foec_2_cluster_489_MALF01000646.1-rna:762	foec_2_cluster_489_MALF01000646.1-rna:762
foec_2_cluster_48_JBCFYL010000015.1-rna:2364	foec_2_cluster_48_JBCFYL010000015.1-rna:2364
foec_2_cluster_48_JBCFYL010000015.1-rna:2364	foec_2_cluster_48_Fola3_chr14-gene:711.t1
foec_2_cluster_490_MALF01000289.1-rna:385	foec_2_cluster_490_MALF01000289.1-rna:385
foec_2_cluster_491_MALF01000056.1-rna:31	foec_2_cluster_491_MALF01000056.1-rna:31
foec_2_cluster_492_MALF01000056.1-rna:58	foec_2_cluster_492_MALF01000056.1-rna:58
foec_2_cluster_493_MALF01000852.1-rna:978	foec_2_cluster_493_MALF01000852.1-rna:978
foec_2_cluster_494_JBCFYN010000002.1-rna:28	foec_2_cluster_494_JBCFYN010000002.1-rna:28
foec_2_cluster_495_JBCFYN010000014.1-rna:1957	foec_2_cluster_495_JBCFYN010000014.1-rna:1957
foec_2_cluster_496_CM111177.1-rna:1016	foec_2_cluster_496_CM111177.1-rna:1016
foec_2_cluster_497_CM111178.1-rna:2366	foec_2_cluster_497_CM111178.1-rna:2366
foec_2_cluster_498_CM111178.1-rna:2426	foec_2_cluster_498_CM111178.1-rna:2426
foec_2_cluster_499_CM111178.1-rna:2466	foec_2_cluster_499_CM111178.1-rna:2466
foec_2_cluster_49_JBCFYK010000005.1-rna:823	foec_2_cluster_49_JBCFYK010000005.1-rna:823
foec_2_cluster_49_JBCFYK010000005.1-rna:823	foec_2_cluster_49_CM083094.1-rna:795
foec_2_cluster_502_NODE_295_length_45181_cov_39.235565-rna:239	foec_2_cluster_502_NODE_295_length_45181_cov_39.235565-rna:239
foec_2_cluster_503_NODE_295_length_45181_cov_39.235565-rna:234	foec_2_cluster_503_NODE_295_length_45181_cov_39.235565-rna:234
foec_2_cluster_504_NODE_295_length_45181_cov_39.235565-rna:269	foec_2_cluster_504_NODE_295_length_45181_cov_39.235565-rna:269
foec_2_cluster_505_NODE_295_length_45181_cov_39.235565-rna:305	foec_2_cluster_505_NODE_295_length_45181_cov_39.235565-rna:305
foec_2_cluster_506_NODE_1586_length_13084_cov_39.764751-rna:209	foec_2_cluster_506_NODE_1586_length_13084_cov_39.764751-rna:209
foec_2_cluster_507_NODE_1586_length_13084_cov_39.764751-rna:203	foec_2_cluster_507_NODE_1586_length_13084_cov_39.764751-rna:203
foec_2_cluster_508_NJBY01000024.1-rna:45	foec_2_cluster_508_NJBY01000024.1-rna:45
foec_2_cluster_509_JAMSFW010000356.1-rna:618	foec_2_cluster_509_JAMSFW010000356.1-rna:618
foec_2_cluster_50_Fola4_chr6-rna:2914	foec_2_cluster_50_Fola4_chr6-rna:2914
foec_2_cluster_50_Fola4_chr6-rna:2914	foec_2_cluster_50_CM083094.1-rna:824
foec_2_cluster_510_JAMSFW010000356.1-rna:607	foec_2_cluster_510_JAMSFW010000356.1-rna:607
foec_2_cluster_511_CM023998.1-rna:210	foec_2_cluster_511_CM023998.1-rna:210
foec_2_cluster_512_CM024001.1-rna:324	foec_2_cluster_512_CM024001.1-rna:324
foec_2_cluster_513_CM023991.1-rna:83	foec_2_cluster_513_CM023991.1-rna:83
foec_2_cluster_514_CM024000.1-rna:235	foec_2_cluster_514_CM024000.1-rna:235
foec_2_cluster_515_CM024000.1-rna:238	foec_2_cluster_515_CM024000.1-rna:238
foec_2_cluster_516_Fola2_chr8-rna:1939	foec_2_cluster_516_Fola2_chr8-rna:1939
foec_2_cluster_517_JBBJCF010000018.1-rna:2545	foec_2_cluster_517_JBBJCF010000018.1-rna:2545
foec_2_cluster_518_JBBJCF010000008.1-rna:1221	foec_2_cluster_518_JBBJCF010000008.1-rna:1221
foec_2_cluster_519_JBBJCF010000008.1-rna:1235	foec_2_cluster_519_JBBJCF010000008.1-rna:1235
foec_2_cluster_51_JAHHCX010000007.1-rna:287	foec_2_cluster_51_JAHHCX010000007.1-rna:287
foec_2_cluster_51_JAHHCX010000007.1-rna:287	foec_2_cluster_51_JACSDM010000050.1-rna:3892
foec_2_cluster_520_JBBJCF010000004.1-rna:145	foec_2_cluster_520_JBBJCF010000004.1-rna:145
foec_2_cluster_521_JBBJCF010000004.1-rna:247	foec_2_cluster_521_JBBJCF010000004.1-rna:247
foec_2_cluster_522_JBBJCF010000004.1-rna:525	foec_2_cluster_522_JBBJCF010000004.1-rna:525
foec_2_cluster_623_JAHHCX010000046.1-rna:1211	foec_2_cluster_623_JAHHCX010000046.1-rna:1211
foec_2_cluster_624_JAHHCX010000046.1-rna:1355	foec_2_cluster_624_JAHHCX010000046.1-rna:1355
foec_2_cluster_625_JAHHCX010000060.1-rna:2065	foec_2_cluster_625_JAHHCX010000060.1-rna:2065
foec_2_cluster_626_JAHHCX010000062.1-rna:2928	foec_2_cluster_626_JAHHCX010000062.1-rna:2928
foec_2_cluster_627_JAHHCX010000063.1-rna:3082	foec_2_cluster_627_JAHHCX010000063.1-rna:3082
foec_2_cluster_628_JAHHCX010000026.1-rna:630	foec_2_cluster_628_JAHHCX010000026.1-rna:630
foec_2_cluster_62_CM111217.1-rna:1422	foec_2_cluster_62_CM111217.1-rna:1422
foec_2_cluster_62_Fola4_chr7-gene:3100.t1	foec_2_cluster_62_Fola4_chr7-gene:3100.t1
foec_2_cluster_630_JAHHCX010000061.1-rna:2544	foec_2_cluster_630_JAHHCX010000061.1-rna:2544
foec_2_cluster_631_JAHHCX010000023.1-rna:581	foec_2_cluster_631_JAHHCX010000023.1-rna:581
foec_2_cluster_63_WJXY01000019.1-rna:123	foec_2_cluster_63_WJXY01000019.1-rna:123
foec_2_cluster_63_WJXY01000019.1-rna:123	foec_2_cluster_63_JBCFYN010000003.1-rna:104
foec_2_cluster_64_JBCFYK010000003.1-rna:40	foec_2_cluster_64_JBCFYK010000003.1-rna:40
foec_2_cluster_64_JBCFYK010000003.1-rna:40	foec_2_cluster_64_JBCFYI010000003.1-rna:83
foec_2_cluster_67_JBCFYK010000031.1-rna:3394	foec_2_cluster_67_JBCFYK010000031.1-rna:3394
foec_2_cluster_67_JBCFYK010000031.1-rna:3394	foec_2_cluster_67_Fola3_chr14-rna:674
foec_2_cluster_68_JBCFYK010000004.1-rna:747	foec_2_cluster_68_JBCFYK010000004.1-rna:747
foec_2_cluster_68_JBCFYK010000004.1-rna:747	foec_2_cluster_68_JBCFYJ010000024.1-rna:3074
foec_2_cluster_6_JBCFYK010000004.1-rna:160	foec_2_cluster_6_JBCFYK010000004.1-rna:160
foec_2_cluster_6_MALF01000199.1-rna:331	foec_2_cluster_6_MALF01000199.1-rna:331
foec_2_cluster_70_NODE_15_length_963287_cov_52.208862-rna:110	foec_2_cluster_70_NODE_15_length_963287_cov_52.208862-rna:110
foec_2_cluster_70_NODE_15_length_963287_cov_52.208862-rna:110	foec_2_cluster_70_JAAOOQ010000001.1-rna:47
foec_2_cluster_71_JADWMX010000007.1-rna:852	foec_2_cluster_71_JADWMX010000007.1-rna:852
foec_2_cluster_71_JADWMX010000015.1-rna:2026	foec_2_cluster_71_JADWMX010000015.1-rna:2026
foec_2_cluster_72_JAAOOO010000019.1-rna:2314	foec_2_cluster_72_JAAOOO010000019.1-rna:2314
foec_2_cluster_72_JAAOOO010000019.1-rna:2314	foec_2_cluster_183_JADWMX010000033.1-rna:3746
foec_2_cluster_72_JAAOOO010000019.1-rna:2314	foec_2_cluster_183_CM111217.1-rna:2040
foec_2_cluster_72_JAAOOO010000019.1-rna:2314	foec_2_cluster_72_JAAOOQ010000005.1-rna:204
foec_2_cluster_73_JAAOOM010000014.1-rna:1832	foec_2_cluster_73_JAAOOM010000014.1-rna:1832
foec_2_cluster_73_JAAOOM010000014.1-rna:1832	foec_2_cluster_73_CM040494.1-rna:486
foec_2_cluster_74_Fola3_chr12-gene:201.t1	foec_2_cluster_74_Fola3_chr12-gene:201.t1
foec_2_cluster_74_Fola3_chr12-gene:201.t1	foec_2_cluster_74_CM040494.1-rna:505
foec_2_cluster_75_RSAI01000010.1-rna:2687	foec_2_cluster_75_RSAI01000010.1-rna:2687
foec_2_cluster_75_RSAI01000010.1-rna:2687	foec_2_cluster_75_JABTBS010000033.1-rna:2439
foec_2_cluster_76_Fola1_chr8-rna:2793	foec_2_cluster_76_Fola1_chr8-rna:2793
foec_2_cluster_76_JAAOOQ010000011.1-rna:2018	foec_2_cluster_76_JAAOOQ010000011.1-rna:2018
foec_2_cluster_77_JAIUCW010000027.1-rna:430	foec_2_cluster_77_JAIUCW010000027.1-rna:430
foec_2_cluster_77_JBBJCF010000004.1-rna:866	foec_2_cluster_77_JBBJCF010000004.1-rna:866
foec_2_cluster_78_RSAI01000003.1-rna:841	foec_2_cluster_78_RSAI01000003.1-rna:841
foec_2_cluster_78_RSAI01000003.1-rna:841	foec_2_cluster_78_JAJGYP010000028.1-rna:1960
foec_2_cluster_79_RSAI01000015.1-rna:2712	foec_2_cluster_79_RSAI01000015.1-rna:2712
foec_2_cluster_79_contig_10-rna:5	foec_2_cluster_79_contig_10-rna:5
foec_2_cluster_7_JBCFYM010000028.1-rna:3081	foec_2_cluster_7_JBCFYM010000028.1-rna:3081
foec_2_cluster_7_JBCFYM010000028.1-rna:3081	foec_2_cluster_7_Fola2_chr7-rna:1427
foec_2_cluster_81_CM008298.1-rna:522	foec_2_cluster_81_CM008298.1-rna:522
foec_2_cluster_81_Fola2_chr9-gene:2152.t1	foec_2_cluster_81_Fola2_chr9-gene:2152.t1
foec_2_cluster_81_Fola2_chr9-gene:2152.t1	foec_2_cluster_53_JADWMX010000012.1-rna:1309
foec_2_cluster_82_MALY02000018.1-rna:1911	foec_2_cluster_82_MALY02000018.1-rna:1911
foec_2_cluster_82_MALY02000018.1-rna:1911	foec_2_cluster_82_JH659448.1-rna:386
foec_2_cluster_83_JBCFYM010000022.1-rna:2736	foec_2_cluster_83_JBCFYM010000022.1-rna:2736
foec_2_cluster_83_JBCFYM010000022.1-rna:2736	foec_2_cluster_83_Fola1_chr8-gene:2749.t1
foec_2_cluster_85_NODE_577_length_10710_cov_57.548458-rna:271	foec_2_cluster_85_NODE_577_length_10710_cov_57.548458-rna:271
foec_2_cluster_85_NODE_577_length_10710_cov_57.548458-rna:271	foec_2_cluster_85_JAMSDW010000250.1-rna:1216
foec_2_cluster_86_JAHHCX010000052.1-rna:1810	foec_2_cluster_86_JAHHCX010000052.1-rna:1810
foec_2_cluster_86_JH650887.1-rna:170	foec_2_cluster_86_JH650887.1-rna:170
foec_2_cluster_87_JAHHCX010000046.1-rna:1207	foec_2_cluster_87_JAHHCX010000046.1-rna:1207
foec_2_cluster_87_WJXY01000229.1-rna:666	foec_2_cluster_87_WJXY01000229.1-rna:666
foec_2_cluster_8_JBCFYJ010000005.1-rna:1907	foec_2_cluster_8_JBCFYJ010000005.1-rna:1907
foec_2_cluster_8_JBCFYJ010000005.1-rna:1907	foec_2_cluster_8_Fola4_chr15-gene:1674.t1
foec_2_cluster_90_Fola4_chr7-rna:3042	foec_2_cluster_90_Fola4_chr7-rna:3042
foec_2_cluster_90_Fola4_chr7-rna:3042	foec_2_cluster_90_Fola2_chr7-rna:1290
foec_2_cluster_92_JAAOOM010000012.1-rna:1110	foec_2_cluster_92_JAAOOM010000012.1-rna:1110
foec_2_cluster_92_JADWMX010000015.1-rna:2199	foec_2_cluster_92_JADWMX010000015.1-rna:2199
foec_2_cluster_94_CM111217.1-rna:1724	foec_2_cluster_94_CM111217.1-rna:1724
foec_2_cluster_94_RSAI01000001.1-rna:117	foec_2_cluster_94_RSAI01000001.1-rna:117
foec_2_cluster_95_MALY02000039.1-rna:3107	foec_2_cluster_95_MALY02000039.1-rna:3107
foec_2_cluster_95_MALY02000039.1-rna:3107	foec_2_cluster_95_JABCQX010000808.1-rna:755
foec_2_cluster_95_MALY02000039.1-rna:3107	foec_2_cluster_208_QESU01000286.1-rna:1411
foec_2_cluster_95_MALY02000039.1-rna:3107	foec_2_cluster_208_KI980173.1-rna:1032
foec_2_cluster_96_MALF01000351.1-rna:441	foec_2_cluster_96_MALF01000351.1-rna:441
foec_2_cluster_96_MALF01000351.1-rna:441	foec_2_cluster_96_MABJ01000702.1-rna:933
foec_2_cluster_98_JBCFYJ010000005.1-rna:1463	foec_2_cluster_98_JBCFYJ010000005.1-rna:1463
foec_2_cluster_98_JBCFYJ010000005.1-rna:1463	foec_2_cluster_98_Fola1_chr8-rna:2150
foec_2_cluster_99_JBCFYL010000013.1-rna:1988	foec_2_cluster_99_JBCFYL010000013.1-rna:1988
foec_2_cluster_99_JBCFYL010000013.1-rna:1988	foec_2_cluster_99_JBCFYK010000004.1-rna:763
